/* Auto-generated 14 px 1 bpp bitmap font -- DO NOT EDIT BY HAND. */
#include "ui_font_cn14.h"

const unsigned int ui_f14_n = 3973u;

const unsigned char ui_f14_bits[108455] = {
0xC0,0xC0,0xC0,0xC0,0xC0,0xC0,0xC0,0x00,0xC0,0xC0,0x78,0x70,0xA0,0x48,0x48,0xF8,0x58,0x50,0x50,0xF8,
0x50,0x50,0x50,0x20,0x78,0xE8,0xA8,0xE0,0x70,0x38,0x38,0xA8,0xB8,0xF0,0x20,0x20,0xE4,0xE4,0xA8,0xA8,
0xFE,0xFE,0x2A,0x2A,0x4E,0x4E,0x70,0x50,0x50,0x70,0x7C,0xE8,0xA8,0x98,0xDA,0x7E,0xC0,0xC0,0x40,0x80,
0x20,0x40,0x40,0xC0,0x80,0x80,0x80,0x80,0xC0,0x40,0x40,0x20,0x80,0x40,0x40,0x60,0x20,0x20,0x20,0x20,
0x60,0x40,0x40,0x80,0x10,0xD6,0x7C,0x7C,0xD6,0x10,0x10,0x10,0x10,0x10,0xFE,0x10,0x10,0x10,0xC0,0xC0,
0x40,0x80,0xFE,0xC0,0xC0,0x04,0x0C,0x08,0x18,0x10,0x30,0x30,0x20,0x60,0x40,0xC0,0x80,0x70,0xD8,0xD8,
0x88,0x88,0x88,0x88,0xD8,0xD8,0x70,0x20,0xE0,0x20,0x20,0x20,0x20,0x20,0x20,0x20,0xF8,0x70,0x98,0x88,
0x88,0x18,0x10,0x20,0x40,0x88,0xF8,0x70,0x98,0x88,0x18,0x30,0x18,0x08,0x88,0x98,0x70,0x10,0x30,0x30,
0x50,0x50,0x90,0xFC,0x10,0x10,0x7C,0xF8,0x80,0x80,0xF0,0x98,0x08,0x08,0x88,0x98,0x70,0x78,0x48,0xC0,
0xF0,0xD8,0x88,0x88,0xC8,0xD8,0x70,0xF8,0x88,0x10,0x10,0x10,0x20,0x20,0x20,0x20,0x20,0x70,0xD8,0x88,
0xC8,0x70,0x50,0x88,0x88,0xD8,0x70,0x70,0xD8,0x88,0x88,0xD8,0x78,0x08,0x18,0x50,0x70,0xC0,0xC0,0x00,
0x00,0x00,0xC0,0xC0,0x80,0x00,0x00,0x00,0x00,0x80,0x80,0x08,0x10,0x20,0x40,0x80,0x80,0x40,0x20,0x10,
0x08,0xFE,0x00,0x00,0xFE,0x80,0x40,0x20,0x10,0x08,0x08,0x10,0x20,0x40,0x80,0x78,0xCC,0x84,0x8C,0x18,
0x10,0x00,0x30,0x30,0x78,0x7C,0xF4,0xB4,0xB4,0xB4,0xBC,0xF8,0x4C,0x78,0x10,0x38,0x28,0x28,0x4C,0x7C,
0x44,0x44,0xCE,0xFC,0x4C,0x44,0x4C,0x78,0x4C,0x44,0x4C,0xF8,0x7C,0x4C,0xC4,0x80,0x80,0x80,0xC4,0xCC,
0x78,0xF8,0x4C,0x4C,0x44,0x44,0x44,0x4C,0x4C,0xF8,0xFC,0x44,0x48,0x48,0x78,0x48,0x4C,0x44,0xFC,0xFC,
0x4C,0x4C,0x48,0x78,0x48,0x48,0x40,0xE0,0x3C,0x6C,0xC4,0x80,0x80,0x8E,0xC4,0x44,0x7C,0xEE,0x44,0x44,
0x44,0x7C,0x44,0x44,0x44,0xEE,0xF8,0x20,0x20,0x20,0x20,0x20,0x20,0x20,0xF8,0x7C,0x10,0x10,0x10,0x10,
0x10,0x10,0x10,0x10,0xB0,0xE0,0xFC,0x48,0x50,0x70,0x70,0x50,0x58,0x48,0xFC,0xE0,0x40,0x40,0x40,0x40,
0x40,0x44,0x44,0xFC,0xE6,0x6C,0x6C,0x6C,0x6C,0x7C,0x54,0x54,0xFE,0xEE,0x64,0x74,0x54,0x54,0x5C,0x4C,
0x4C,0xE4,0x70,0xD8,0x88,0x88,0x88,0x88,0x88,0xD8,0x70,0xF8,0x4C,0x44,0x4C,0x78,0x40,0x40,0x40,0xE0,
0x78,0xCC,0xCC,0x84,0x84,0x84,0xF4,0xDC,0x78,0x0C,0xF8,0x4C,0x44,0x4C,0x78,0x58,0x4C,0x4C,0xE6,0x78,
0xD8,0x88,0xE0,0x70,0x18,0x88,0xD8,0xF0,0xFE,0x92,0x92,0x10,0x10,0x10,0x10,0x10,0x38,0xEE,0x44,0x44,
0x44,0x44,0x44,0x44,0x6C,0x78,0xE6,0x44,0x44,0x64,0x28,0x28,0x38,0x30,0x10,0xFE,0xD2,0x54,0x5C,0x5C,
0x6C,0x6C,0x68,0x28,0xEC,0x48,0x60,0x30,0x30,0x30,0x58,0x48,0xDC,0xE6,0x44,0x64,0x28,0x38,0x10,0x10,
0x10,0x38,0xF8,0x98,0x10,0x30,0x20,0x60,0x48,0xC8,0xF8,0xF0,0xC0,0xC0,0xC0,0xC0,0xC0,0xC0,0xC0,0xC0,
0xC0,0xC0,0xF0,0x80,0x40,0x40,0x60,0x20,0x20,0x30,0x10,0x10,0x18,0x08,0x70,0x10,0x10,0x10,0x10,0x10,
0x10,0x10,0x10,0x10,0x10,0x70,0x60,0x90,0xFE,0xC0,0x20,0xF8,0x88,0x78,0xE8,0x8C,0xFC,0xC0,0xC0,0x40,
0x40,0x78,0x6C,0x44,0x44,0x6C,0x78,0x78,0xC8,0x80,0x80,0xC8,0x70,0x18,0x18,0x08,0x08,0x78,0xD8,0x88,
0x88,0xDC,0x7C,0x70,0xD8,0xF8,0x80,0xC8,0x70,0x1C,0x34,0x20,0x20,0xF8,0x20,0x20,0x20,0x20,0xF8,0x7C,
0xD8,0xD8,0xF8,0xC0,0xFC,0xCC,0xFC,0xC0,0xC0,0x40,0x40,0x5C,0x64,0x44,0x44,0x44,0xEE,0x20,0x20,0x00,
0x20,0xE0,0x20,0x20,0x20,0x20,0xF8,0x10,0x10,0x00,0x10,0x70,0x10,0x10,0x10,0x10,0x10,0xB0,0xE0,0xC0,
0xC0,0x40,0x40,0x4C,0x48,0x50,0x58,0x48,0xEC,0xE0,0xE0,0x20,0x20,0x20,0x20,0x20,0x20,0x20,0xF8,0x00,
0xFC,0x54,0x54,0x54,0x54,0xFE,0xDC,0x64,0x44,0x44,0x44,0xEE,0x70,0xD8,0x88,0x88,0xD8,0x70,0xF8,0x6C,
0x44,0x44,0x6C,0x78,0x40,0xE0,0x78,0xD8,0x88,0x88,0xD8,0x78,0x08,0x1C,0xEC,0x34,0x20,0x20,0x20,0xF8,
0xF8,0x88,0xE0,0x38,0x88,0xF8,0x20,0x20,0xF8,0x20,0x20,0x20,0x28,0x38,0xCC,0x44,0x44,0x44,0x6E,0x7E,
0xF8,0x50,0x50,0x70,0x20,0x20,0xFE,0xD4,0x5C,0x7C,0x68,0x28,0xD8,0x50,0x20,0x30,0x50,0xD8,0xD8,0x50,
0x50,0x70,0x20,0x20,0x20,0xC0,0xF8,0x98,0xB0,0x68,0xC8,0xF8,0x60,0x40,0x40,0x40,0x40,0xC0,0xC0,0xC0,
0x40,0x40,0x40,0x60,0x80,0x80,0x80,0x80,0x80,0x80,0x80,0x80,0x80,0x80,0x80,0x80,0x80,0x80,0xC0,0x40,
0x40,0x40,0x40,0x60,0x60,0x60,0x40,0x40,0x40,0xC0,0xE0,0xB4,0x1C,0xCC,0xC0,0xCC,0xC0,0xFF,0xF8,0xFF,
0xF8,0x02,0x00,0x02,0x00,0x02,0x00,0x02,0x00,0x02,0x00,0x02,0x00,0x02,0x00,0x02,0x00,0x02,0x00,0x02,
0x00,0x02,0x00,0x0E,0x00,0x04,0x00,0x04,0x00,0x04,0x00,0x04,0x00,0x04,0x78,0x07,0x80,0xFC,0x00,0x04,
0x00,0x04,0x00,0x04,0x00,0x04,0x00,0x04,0x08,0x04,0x08,0x03,0xF8,0xFF,0xF8,0x08,0x00,0x08,0x00,0x08,
0x00,0x08,0x00,0x0F,0xE0,0x08,0x20,0x10,0x20,0x10,0x20,0x10,0x20,0x20,0x20,0x20,0x20,0x40,0x20,0x81,
0xC0,0x01,0x00,0x01,0x00,0x01,0x00,0xFF,0xF8,0x01,0x00,0x21,0x00,0x21,0x00,0x11,0x00,0x12,0x00,0x0A,
0x00,0x04,0x00,0x0B,0x00,0x30,0xC0,0xC0,0x38,0x7F,0xF0,0x00,0x00,0x00,0x00,0x00,0x00,0x00,0x00,0x00,
0x00,0x3F,0xE0,0x00,0x00,0x00,0x00,0x00,0x00,0x00,0x00,0x00,0x00,0xFF,0xF8,0x02,0x00,0x02,0x00,0x02,
0x00,0x02,0x00,0x02,0x00,0x03,0xF0,0x02,0x00,0x02,0x00,0x02,0x00,0x02,0x00,0x02,0x00,0x02,0x00,0x02,
0x00,0xFF,0xF8,0xFF,0xF8,0x04,0x00,0x04,0x00,0x04,0x00,0x04,0x80,0x04,0x40,0x04,0x20,0x04,0x20,0x04,
0x00,0x04,0x00,0x04,0x00,0x04,0x00,0x04,0x00,0xFF,0xF8,0x01,0x00,0x01,0x00,0x02,0x00,0x06,0x00,0x0A,
0x40,0x12,0x20,0x22,0x10,0x42,0x08,0x82,0x08,0x02,0x00,0x02,0x00,0x02,0x00,0x10,0x00,0x10,0x00,0x1F,
0xF8,0x10,0x00,0x10,0x00,0x20,0x00,0x3F,0xF8,0x00,0x08,0x00,0x08,0xFF,0xE8,0x00,0x08,0x00,0x08,0x00,
0x08,0x00,0x30,0xFF,0xF8,0x02,0x00,0x02,0x00,0x23,0xF0,0x22,0x00,0x22,0x00,0x22,0x00,0x3F,0xF0,0x00,
0x10,0x00,0x10,0x00,0x10,0x00,0x10,0x00,0x60,0x7F,0xE0,0x08,0x20,0x08,0x20,0x08,0x20,0x08,0x20,0x08,
0x20,0x7F,0xE0,0x10,0x20,0x10,0x20,0x10,0x20,0x10,0x20,0x10,0x20,0xFF,0xF8,0x02,0x00,0x02,0x00,0x7F,
0xF0,0x04,0x00,0x04,0x00,0xFF,0xF8,0x08,0x00,0x10,0x00,0x3F,0xE0,0x00,0x20,0x00,0x40,0x1C,0x80,0x03,
0x00,0x00,0x80,0x3F,0xE0,0x20,0x20,0x20,0x20,0x20,0x20,0x3F,0xE0,0x20,0x20,0x20,0x20,0x20,0x20,0x3F,
0xE0,0x20,0x20,0x20,0x20,0x20,0x20,0xFF,0xF8,0x04,0x20,0x24,0x20,0x24,0x20,0x24,0x20,0xFF,0xF8,0x24,
0x20,0x24,0x20,0x24,0x20,0x24,0x20,0x27,0xE0,0x20,0x00,0x20,0x00,0x20,0x00,0x3F,0xF8,0x00,0xE0,0x3F,
0x00,0x20,0x00,0x20,0x00,0x20,0x00,0x3F,0xF0,0x20,0x80,0x20,0x80,0x20,0x80,0x20,0x80,0x20,0x80,0x20,
0x80,0xFF,0xF8,0xFF,0xF8,0x02,0x00,0x02,0x00,0x7F,0xF0,0x42,0x10,0x42,0x10,0x45,0x10,0x44,0x90,0x48,
0x50,0x50,0x50,0x40,0x10,0x40,0x10,0x40,0x70,0x08,0x80,0x08,0x80,0x08,0x80,0x88,0x90,0x48,0x90,0x48,
0x90,0x28,0xA0,0x28,0xA0,0x28,0xC0,0x08,0x80,0x08,0x80,0x08,0x80,0x08,0x80,0xFF,0xF8,0x10,0x40,0x10,
0x40,0x10,0x40,0x10,0x40,0x10,0x40,0x10,0x40,0x28,0xA0,0x24,0xA0,0x45,0x10,0x41,0x10,0x82,0x08,0x00,
0x00,0x00,0x00,0xFF,0xF8,0x04,0x00,0x04,0x00,0x7F,0xF0,0x08,0x00,0x12,0x00,0x22,0x00,0x3F,0xE0,0x02,
0x00,0x02,0x00,0x22,0x40,0x22,0x20,0x42,0x10,0x82,0x10,0x0E,0x00,0x20,0x40,0x20,0x40,0x40,0x80,0x44,
0x88,0x85,0x08,0xF9,0xF0,0x08,0x20,0x10,0x40,0x20,0x80,0x41,0x00,0xFD,0xF8,0x00,0x00,0x00,0x00,0xFF,
0xF8,0x00,0xF0,0x7F,0x00,0x02,0x00,0x02,0x00,0x7F,0xF0,0x02,0x00,0x02,0x00,0x02,0x00,0xFF,0xF8,0x08,
0x00,0x10,0x40,0x20,0x20,0x7F,0xF0,0x00,0x10,0xFF,0xF8,0x08,0x80,0x08,0x80,0x7F,0xF0,0x48,0x90,0x48,
0x90,0x48,0x90,0x55,0x50,0x62,0x30,0x44,0x10,0x40,0x10,0x40,0x10,0x40,0x70,0x7F,0xF8,0x04,0x80,0x24,
0x90,0x14,0x90,0x14,0xA0,0x04,0x80,0x3F,0xF8,0x20,0x00,0x20,0x00,0x20,0x00,0x20,0x00,0x40,0x00,0x40,
0x00,0x80,0x00,0x02,0x00,0x02,0x00,0x7F,0xF0,0x02,0x00,0x22,0x20,0x12,0x40,0x02,0x00,0xFF,0xF8,0x24,
0x00,0x22,0x20,0x21,0x40,0x28,0x80,0x30,0x60,0x20,0x18,0x02,0x00,0x02,0x00,0x05,0x00,0x08,0x80,0x10,
0x40,0x22,0x20,0xC2,0x18,0x02,0x00,0x02,0x00,0x02,0x00,0x02,0x00,0x02,0x00,0x02,0x00,0x02,0x00,0x80,
0x20,0x40,0x40,0x20,0x80,0x11,0x00,0x12,0x00,0x04,0x00,0x04,0x00,0x04,0x00,0x04,0x00,0x04,0x00,0x04,
0x00,0x04,0x00,0x04,0x00,0x04,0x00,0x04,0x00,0x04,0x00,0xFF,0xE0,0x84,0x20,0x84,0x20,0x84,0x20,0x84,
0x20,0x84,0x20,0xFF,0xE0,0x84,0x20,0x04,0x00,0x04,0x00,0x04,0x00,0x04,0x00,0x02,0x00,0x02,0x00,0x7F,
0xF0,0x02,0x00,0x02,0x00,0x02,0x00,0x3F,0xE0,0x02,0x00,0x02,0x00,0x02,0x00,0xFF,0xF8,0x02,0x00,0x02,
0x00,0x02,0x00,0x02,0x00,0x02,0x00,0x7F,0xF0,0x42,0x10,0x42,0x10,0x7F,0xF0,0x02,0x00,0xFF,0xF8,0x82,
0x08,0x82,0x08,0xFF,0xF8,0x82,0x08,0x02,0x00,0x02,0x00,0x12,0x00,0x12,0x00,0x93,0xF0,0x94,0x80,0x94,
0x40,0x98,0x40,0x90,0x00,0x97,0xF0,0x94,0x90,0x94,0x90,0x94,0x90,0x17,0xF0,0x14,0x10,0x10,0x00,0x08,
0x00,0x08,0x00,0x08,0x00,0x7F,0xC0,0x08,0x40,0x08,0x40,0x28,0x40,0x18,0x40,0x08,0x40,0x14,0x40,0x12,
0x40,0x20,0x48,0x40,0x48,0x80,0x38,0x3F,0xE0,0x20,0x20,0x24,0x20,0x22,0x20,0x22,0x20,0x20,0x20,0xFF,
0xF8,0x20,0x20,0x20,0x20,0x20,0x20,0x20,0x20,0x40,0x20,0x80,0xE0,0x04,0x00,0x24,0x00,0x14,0x00,0x04,
0x00,0xFF,0xF0,0x04,0x10,0x08,0x10,0x09,0x10,0x08,0x90,0x10,0x90,0x10,0x10,0x20,0x10,0x40,0x20,0x80,
0xC0,0x04,0x00,0x02,0x00,0x7F,0xF0,0x02,0x00,0x02,0x00,0x02,0x00,0x02,0x00,0x3F,0xE0,0x02,0x00,0x02,
0x00,0x02,0x00,0x02,0x00,0x02,0x00,0xFF,0xF8,0xFF,0xF8,0x00,0x00,0x00,0x00,0x7D,0xF0,0x45,0x10,0x45,
0x10,0x65,0x90,0x55,0x50,0x55,0x50,0x45,0x10,0x45,0x10,0x45,0x10,0x5D,0x70,0x24,0x20,0x12,0x40,0x00,
0x80,0xFF,0xF8,0x08,0x80,0x12,0x40,0x22,0x20,0xDF,0xD8,0x02,0x00,0x02,0x00,0x7F,0xF0,0x02,0x00,0x02,
0x00,0x02,0x00,0x7F,0xE0,0x08,0x20,0x08,0x40,0x08,0x40,0x08,0x80,0x09,0xF8,0x10,0x08,0x10,0x08,0x10,
0x08,0x20,0x08,0x20,0x08,0x40,0x10,0x80,0xE0,0x08,0x00,0x08,0x00,0x08,0x00,0x1F,0xC0,0x10,0x40,0x20,
0x80,0x40,0x80,0x81,0x00,0x02,0x00,0x05,0x00,0x08,0x80,0x10,0x40,0x20,0x20,0xC0,0x18,0x02,0x00,0x02,
0x00,0x04,0x00,0x04,0x40,0x08,0x40,0x10,0x80,0x20,0x80,0x41,0x00,0x82,0x00,0x04,0x00,0x08,0x20,0x10,
0x10,0x7F,0xF8,0x00,0x08,0x04,0x20,0x22,0x20,0x22,0x20,0x10,0x40,0x10,0x40,0x08,0x80,0x08,0x80,0x05,
0x00,0x02,0x00,0x05,0x00,0x08,0x80,0x10,0x40,0x20,0x20,0xC0,0x18,0x04,0x00,0x02,0x00,0x00,0x00,0x7F,
0xF0,0x00,0x20,0x00,0x40,0x00,0x80,0x01,0x00,0x02,0x00,0x04,0x00,0x08,0x00,0x30,0x00,0x4C,0x00,0x83,
0xF8,0x04,0x00,0x08,0x00,0x3F,0xC0,0x20,0x40,0x20,0x40,0x21,0xC0,0x20,0x00,0x3F,0xF0,0x00,0x10,0x00,
0x10,0xFF,0xD0,0x00,0x10,0x00,0x10,0x00,0x60,0x10,0x00,0x10,0x00,0x10,0x00,0x1F,0xF8,0x24,0x00,0x44,
0x00,0x87,0xE0,0x04,0x00,0x04,0x00,0x07,0xF0,0x04,0x00,0x04,0x00,0x04,0x00,0x04,0x00,0x00,0xF0,0x7F,
0x00,0x02,0x00,0x22,0x20,0x12,0x20,0x12,0x40,0x02,0x00,0xFF,0xF8,0x02,0x00,0x02,0x00,0x02,0x00,0x02,
0x00,0x02,0x00,0x0E,0x00,0x00,0xF0,0x7F,0x00,0x00,0x00,0x04,0x00,0x02,0x00,0x7F,0xF0,0x00,0x60,0x01,
0x80,0x06,0x00,0x18,0x00,0x20,0x00,0x50,0x00,0x8F,0xF8,0x00,0xE0,0x3F,0x00,0x20,0x00,0x22,0x00,0x42,
0x00,0x42,0x00,0x7F,0xF8,0x02,0x00,0x02,0x00,0x22,0x40,0x22,0x20,0x42,0x10,0x82,0x10,0x0E,0x00,0x00,
0xE0,0x1F,0x00,0x10,0x00,0x10,0x00,0x1F,0xF0,0x10,0x40,0x10,0x40,0x10,0x40,0xFF,0xF8,0x00,0x00,0x10,
0x00,0x10,0x00,0x20,0x00,0x40,0x00,0x00,0xE0,0x3F,0x00,0x20,0x00,0x20,0x00,0x3F,0xF0,0x20,0x80,0x20,
0x80,0x20,0x80,0xFF,0xF8,0x00,0x00,0x00,0x80,0x00,0x40,0x00,0x20,0x00,0x10,0x01,0xE0,0x3E,0x00,0x02,
0x00,0xFF,0xF8,0x05,0x00,0x08,0x80,0x30,0x60,0xC0,0x18,0x10,0x40,0x10,0x40,0x10,0x40,0x10,0x40,0x20,
0x40,0x40,0x40,0x00,0xE0,0x3F,0x00,0x02,0x00,0xFF,0xF8,0x02,0x00,0x0A,0x80,0x7A,0x88,0x0A,0xF0,0x0A,
0x88,0x1A,0x88,0xEA,0x78,0x02,0x00,0x02,0x00,0x02,0x00,0x00,0xE0,0x3F,0x00,0x02,0x00,0xFF,0xF8,0x0A,
0x80,0x7A,0xA0,0x0A,0xC0,0x1A,0x90,0x6A,0x70,0x07,0x00,0x0A,0x80,0x32,0x60,0xC2,0x18,0x02,0x00,0xFF,
0xE0,0x00,0x40,0x00,0x80,0x01,0x00,0x02,0x00,0x04,0x00,0x08,0x00,0x10,0x00,0x20,0x00,0x40,0x10,0x40,
0x10,0x40,0x10,0x3F,0xF0,0x08,0x00,0x08,0x00,0x08,0x00,0x7F,0xC0,0x08,0x40,0x08,0x40,0x08,0x40,0x08,
0x40,0x08,0x40,0x10,0x40,0x10,0x40,0x20,0x48,0x40,0x48,0x80,0x38,0x10,0x00,0x10,0x00,0x1F,0xF0,0x20,
0x00,0x40,0x00,0x9F,0xC0,0x00,0x80,0x03,0x00,0x04,0x00,0x08,0x00,0x10,0x10,0x20,0x10,0x20,0x10,0x1F,
0xF0,0x02,0x00,0x02,0x00,0x22,0x60,0x23,0xA0,0x26,0x20,0x3A,0x20,0xE2,0x20,0x22,0x20,0x22,0x20,0x22,
0x60,0x22,0x08,0x20,0x08,0x20,0x08,0x1F,0xF8,0x7F,0xF0,0x00,0x10,0x00,0x10,0x10,0x10,0x08,0x10,0x08,
0x90,0x03,0x10,0x0C,0x10,0x30,0x10,0xC0,0x10,0x00,0x10,0x00,0x20,0x00,0xC0,0x08,0x00,0x08,0x40,0x10,
0x40,0x20,0x80,0x7F,0x00,0x02,0x10,0x04,0x10,0x18,0x20,0x7F,0xE0,0x00,0x40,0x00,0x80,0x03,0x00,0x1C,
0x00,0xE0,0x00,0x04,0x20,0x04,0x10,0x7F,0xE8,0x04,0x20,0x04,0x20,0x04,0x20,0x04,0x20,0xFF,0xF8,0x04,
0x08,0x04,0x08,0x04,0x08,0x04,0x08,0x04,0x30,0x04,0x00,0x7F,0xF0,0x00,0x10,0x09,0x20,0x05,0x00,0x25,
0x00,0x11,0x00,0x11,0x00,0xFF,0xF8,0x02,0x00,0x04,0x80,0x08,0x40,0x10,0x20,0x60,0x10,0x00,0x80,0x0C,
0x80,0x70,0x80,0x10,0x80,0x10,0x80,0xFC,0x80,0x10,0x80,0x10,0x80,0x7C,0x80,0x44,0x80,0x44,0x80,0x44,
0x88,0x7C,0x88,0x44,0x78,0x0E,0x80,0xF0,0x80,0x22,0x80,0x92,0x80,0x54,0x80,0x00,0x80,0xFC,0x80,0x08,
0x80,0x10,0x80,0x1C,0x80,0xF0,0x80,0x10,0x88,0x10,0x88,0x70,0x78,0x11,0x00,0x11,0x00,0xFD,0xF8,0x12,
0x00,0x7C,0x00,0x44,0x00,0x7D,0xF0,0x44,0x10,0x7C,0x20,0x10,0x40,0xFC,0x80,0x11,0x08,0x11,0x08,0x10,
0xF8,0xFF,0xE0,0x00,0x40,0x00,0x80,0x01,0x00,0x02,0x00,0x04,0x00,0x04,0x00,0x04,0x00,0x04,0x00,0x04,
0x00,0x04,0x00,0x04,0x00,0x04,0x00,0x1C,0x00,0x7F,0xE0,0x00,0x40,0x08,0x80,0x05,0x00,0x02,0x00,0xFF,
0xF8,0x02,0x10,0x02,0x20,0x02,0x00,0x02,0x00,0x02,0x00,0x02,0x00,0x0E,0x00,0x10,0x00,0x1F,0xC0,0x20,
0x80,0x41,0x00,0xBF,0xE0,0x02,0x20,0x02,0x20,0xFF,0xF8,0x02,0x20,0x02,0x20,0x3F,0xE0,0x02,0x20,0x02,
0x00,0x0E,0x00,0x02,0x00,0xFF,0xF8,0x02,0x00,0x3F,0xE0,0x22,0x20,0x3F,0xE0,0x02,0x00,0x3F,0xE0,0x02,
0x20,0xFF,0xF8,0x02,0x20,0x3F,0xE0,0x02,0x00,0x0E,0x00,0x7F,0xF0,0x00,0x00,0x00,0x00,0x00,0x00,0x00,
0x00,0x00,0x00,0x00,0x00,0x00,0x00,0x00,0x00,0x00,0x00,0xFF,0xF8,0x7F,0xF0,0x02,0x00,0x02,0x00,0x02,
0x00,0x02,0x00,0xFF,0xF8,0x02,0x00,0x02,0x00,0x02,0x00,0x02,0x00,0x02,0x00,0x02,0x00,0x0E,0x00,0x3F,
0xE0,0x00,0x00,0x00,0x00,0x00,0x00,0xFF,0xF8,0x08,0x00,0x10,0x00,0x20,0x00,0x3F,0xE0,0x00,0x20,0x00,
0x20,0x00,0x20,0x00,0x20,0x01,0xC0,0x3F,0xE0,0x00,0x00,0x00,0x00,0x00,0x00,0xFF,0xF8,0x04,0x00,0x04,
0x00,0x08,0x00,0x08,0x80,0x10,0x40,0x20,0x20,0x7F,0xF0,0x00,0x10,0x7F,0xF0,0x08,0x00,0x08,0x00,0x0F,
0xC0,0x10,0x40,0x10,0x40,0x20,0x40,0x20,0x40,0x3F,0x80,0x00,0x80,0x00,0x80,0x00,0x80,0xFF,0xF8,0x7F,
0xF0,0x04,0x00,0x04,0x00,0x04,0x00,0x04,0x00,0x7F,0xE0,0x08,0x20,0x08,0x20,0x08,0x20,0x10,0x20,0x10,
0x20,0x10,0x20,0xFF,0xF8,0x10,0x40,0x10,0x40,0x10,0x40,0x7F,0xF0,0x10,0x40,0x10,0x40,0x10,0x40,0x10,
0x40,0xFF,0xF8,0x10,0x40,0x20,0x40,0x20,0x40,0x40,0x40,0x80,0x40,0x7F,0xF0,0x08,0x80,0x08,0x80,0x08,
0x80,0x88,0x88,0x48,0x88,0x48,0x90,0x28,0x90,0x28,0xA0,0x08,0x80,0x08,0x80,0x08,0x80,0xFF,0xF8,0x08,
0x80,0x08,0x80,0x48,0x90,0x4E,0xA0,0x48,0xC0,0x48,0x88,0x4E,0x88,0xF0,0x78,0x00,0x00,0x00,0x00,0x3F,
0xE0,0x00,0x00,0x00,0x00,0xFF,0xF8,0x04,0x00,0x02,0x00,0x02,0x00,0x00,0x00,0xFF,0xF8,0x20,0x00,0x20,
0x00,0x20,0x00,0x20,0x00,0x20,0x00,0x20,0x00,0x20,0x00,0x20,0x00,0x3F,0xF0,0x04,0x00,0x02,0x00,0x02,
0x00,0xFF,0xF8,0x00,0x00,0x00,0x00,0x1F,0x80,0x10,0x80,0x10,0x80,0x10,0x80,0x20,0x80,0x20,0x88,0x40,
0x88,0x80,0x78,0x04,0x00,0x02,0x00,0xFF,0xF8,0x00,0x00,0x10,0x40,0x20,0x20,0x40,0x10,0x10,0x40,0x08,
0x80,0x05,0x00,0x02,0x00,0x05,0x00,0x18,0xC0,0xE0,0x38,0x04,0x00,0x02,0x00,0xFF,0xF8,0x04,0x00,0x08,
0x40,0x10,0x40,0x3F,0x90,0x01,0x10,0x02,0x20,0x0C,0x40,0x70,0x80,0x03,0x40,0x0C,0x20,0xF0,0x10,0x04,
0x00,0x02,0x00,0x02,0x00,0xFF,0xF8,0x08,0x80,0x08,0x80,0x28,0xA0,0x28,0x90,0x48,0x88,0x88,0x88,0x10,
0x80,0x10,0x80,0x20,0x80,0x43,0x80,0x04,0x00,0x02,0x00,0x7F,0xF0,0x00,0x00,0x10,0x40,0x08,0x80,0x7F,
0xF8,0x40,0x00,0x40,0x00,0x40,0x00,0x40,0x00,0x40,0x00,0x40,0x00,0x80,0x00,0x04,0x00,0x02,0x00,0xFF,
0xF8,0x00,0x00,0x3F,0xE0,0x20,0x20,0x3F,0xE0,0x00,0x00,0x7F,0xE0,0x00,0xC0,0x03,0x00,0x02,0x00,0x02,
0x00,0x0E,0x00,0x04,0x00,0x02,0x00,0xFF,0xF8,0x00,0x00,0x7F,0xF0,0x42,0x10,0x42,0x10,0x42,0x10,0x7F,
0xF0,0x42,0x10,0x42,0x10,0x42,0x10,0x7F,0xF0,0x40,0x10,0x02,0x00,0xFF,0xF8,0x00,0x00,0x3F,0xE0,0x20,
0x20,0x3F,0xE0,0x00,0x00,0x3F,0xE0,0x00,0xC0,0x03,0x00,0xFF,0xF8,0x02,0x00,0x02,0x00,0x0E,0x00,0x04,
0x00,0x02,0x00,0xFF,0xF8,0x00,0x00,0x3F,0xE0,0x20,0x20,0x20,0x20,0x20,0x20,0x3F,0xE0,0x02,0x00,0x12,
0x40,0x22,0x20,0x42,0x10,0x0E,0x00,0x02,0x00,0xFF,0xF8,0x00,0x00,0x3F,0xE0,0x20,0x20,0x3F,0xE0,0x00,
0x00,0xFF,0xF8,0x80,0x08,0xBF,0xE8,0x02,0x00,0x02,0x00,0x02,0x00,0x0E,0x00,0x02,0x00,0xFF,0xF8,0x00,
0x00,0x3F,0xE0,0x20,0x20,0x3F,0xE0,0x00,0x00,0xFF,0xF8,0x80,0x08,0x9F,0xC8,0x10,0x40,0x10,0x40,0x20,
0x48,0xC0,0x38,0x04,0x00,0x02,0x00,0x7F,0xF0,0x10,0x40,0x08,0x80,0xFF,0xF8,0x02,0x00,0x02,0x00,0x7F,
0xF0,0x02,0x00,0x12,0x40,0x22,0x20,0x42,0x10,0x0E,0x00,0x02,0x00,0x02,0x00,0x02,0x00,0x02,0x00,0x02,
0x00,0x02,0x00,0x05,0x00,0x05,0x00,0x05,0x00,0x08,0x80,0x08,0x80,0x10,0x40,0x20,0x20,0xC0,0x18,0x10,
0x00,0x10,0x00,0x17,0xF0,0x20,0x10,0x20,0x20,0x60,0x40,0xA0,0x80,0x21,0x00,0x22,0x00,0x22,0x00,0x24,
0x00,0x24,0x08,0x24,0x08,0x23,0xF8,0x10,0x80,0x10,0x80,0x10,0x80,0x20,0x80,0x20,0x80,0x6F,0xF8,0xA0,
0x80,0x20,0x80,0x20,0x80,0x20,0x80,0x20,0x80,0x20,0x80,0x20,0x80,0x20,0x80,0x10,0x00,0x10,0x00,0x17,
0xF0,0x20,0x00,0x20,0x00,0x60,0x00,0xA0,0x00,0x20,0x00,0x20,0x00,0x20,0x00,0x20,0x00,0x20,0x00,0x2F,
0xF8,0x20,0x00,0x10,0x00,0x17,0xF0,0x22,0x10,0x22,0x10,0x62,0x10,0xA2,0x10,0x22,0x20,0x21,0x20,0x21,
0x40,0x20,0x80,0x21,0x40,0x22,0x20,0x24,0x10,0x28,0x08,0x10,0x80,0x10,0x80,0x10,0x80,0x20,0x80,0x20,
0xC0,0x60,0xA0,0xA0,0x90,0x20,0x88,0x20,0x88,0x20,0x80,0x20,0x80,0x20,0x80,0x20,0x80,0x20,0x80,0x24,
0x00,0x24,0x00,0x24,0x00,0x5F,0xC0,0x44,0x40,0xC4,0x40,0x44,0x40,0x44,0x40,0x44,0x40,0x44,0x40,0x44,
0x40,0x48,0x48,0x48,0x48,0x50,0x38,0x02,0x00,0x02,0x00,0x05,0x00,0x08,0x80,0x14,0x40,0x22,0x20,0xC2,
0x18,0x00,0x00,0x3F,0xC0,0x00,0x40,0x00,0x80,0x00,0x80,0x01,0x00,0x02,0x00,0x02,0x00,0x02,0x00,0x05,
0x00,0x08,0x80,0x10,0x40,0x20,0x20,0xD0,0x58,0x10,0x40,0x10,0x40,0x10,0x40,0x10,0x40,0x10,0x40,0x20,
0x40,0x40,0x40,0x10,0x00,0x17,0xF0,0x21,0x10,0x21,0x10,0x61,0x20,0xA1,0x20,0x21,0x38,0x21,0x08,0x21,
0x08,0x21,0x08,0x22,0x08,0x22,0x08,0x24,0x08,0x28,0x70,0x10,0x80,0x10,0x80,0x10,0x80,0x10,0x80,0x10,
0x80,0x10,0x80,0x10,0x80,0x29,0x40,0x25,0x40,0x25,0x40,0x42,0x20,0x42,0x20,0x84,0x10,0x08,0x08,0x02,
0x00,0x02,0x00,0x05,0x00,0x08,0x80,0x10,0x40,0x20,0x20,0xD0,0x18,0x10,0xC0,0x13,0x00,0x1C,0x00,0x10,
0x00,0x10,0x20,0x10,0x20,0x0F,0xE0,0x02,0x00,0x05,0x00,0x08,0x80,0x10,0x40,0x20,0x20,0xC0,0x18,0x1F,
0xC0,0x10,0x40,0x10,0x40,0x10,0x40,0x11,0x80,0x10,0x10,0x10,0x10,0x0F,0xF0,0x10,0x00,0x17,0xF0,0x10,
0x20,0x20,0x40,0x20,0x80,0x60,0x80,0xAF,0xF8,0x20,0x80,0x20,0x80,0x20,0x80,0x20,0x80,0x20,0x80,0x20,
0x80,0x23,0x80,0x10,0x80,0x10,0x80,0x10,0x80,0x20,0x80,0x20,0x80,0x6F,0xF8,0xA0,0x80,0x20,0x80,0x20,
0x80,0x20,0x80,0x20,0x80,0x20,0x80,0x20,0x80,0x27,0xF0,0x10,0x80,0x10,0x80,0x14,0x90,0x24,0xB0,0x25,
0xD0,0x6E,0x90,0xA4,0x90,0x24,0x90,0x24,0x90,0x24,0xB0,0x24,0x80,0x24,0x08,0x24,0x08,0x23,0xF8,0x10,
0x40,0x10,0x40,0x10,0x40,0x2F,0xF8,0x20,0x40,0x60,0x40,0xA4,0x40,0x24,0x40,0x22,0x40,0x21,0x40,0x20,
0x80,0x21,0x40,0x22,0x20,0x2C,0x18,0x10,0x20,0x10,0x20,0x20,0x20,0x27,0xF8,0x60,0x20,0xA0,0x20,0x22,
0x20,0x21,0x20,0x21,0x20,0x20,0x20,0x20,0x20,0x20,0x20,0x20,0x20,0x20,0xE0,0x10,0x80,0x10,0x80,0x20,
0x80,0x28,0x88,0x68,0x88,0xA8,0x88,0x28,0x88,0x28,0x88,0x28,0x88,0x28,0x88,0x28,0x88,0x28,0x88,0x2F,
0xF8,0x20,0x08,0x10,0x70,0x17,0x80,0x10,0x80,0x20,0x80,0x20,0x80,0x60,0x80,0xAF,0xF8,0x20,0x80,0x20,
0x80,0x20,0x80,0x20,0x80,0x20,0x80,0x20,0x80,0x20,0x80,0x11,0x00,0x11,0x20,0x11,0x10,0x21,0x10,0x21,
0x38,0x6F,0xC0,0xA1,0x00,0x21,0x00,0x20,0x80,0x20,0x80,0x20,0x48,0x20,0x28,0x20,0x18,0x20,0x08,0x02,
0x00,0x05,0x00,0x08,0x80,0x10,0x40,0x24,0x20,0xC2,0x18,0x02,0x00,0x3F,0xE0,0x00,0x20,0x00,0x40,0x00,
0x80,0x1D,0x00,0x03,0x00,0x00,0xC0,0x10,0x40,0x88,0x40,0x84,0x40,0x84,0x40,0x80,0x40,0x80,0x40,0x80,
0x40,0x80,0x40,0x90,0x80,0xA0,0xA0,0xC1,0x10,0x82,0x10,0x0C,0x08,0x30,0x08,0x11,0x00,0x10,0x80,0x10,
0x90,0x24,0x10,0x24,0x10,0x62,0x20,0xA2,0x20,0x21,0x40,0x21,0x40,0x20,0x80,0x21,0x40,0x22,0x20,0x24,
0x10,0x28,0x08,0x14,0x00,0x12,0x00,0x20,0xF8,0x24,0x08,0x64,0x08,0xA4,0x08,0x24,0x08,0x24,0x08,0x24,
0x08,0x24,0x08,0x24,0x08,0x24,0x08,0x24,0x08,0x24,0x38,0x10,0x00,0x10,0x80,0x17,0x78,0x24,0x48,0x24,
0x48,0x64,0x48,0xA4,0x48,0x24,0x48,0x24,0x48,0x25,0x48,0x26,0x58,0x24,0x40,0x20,0x40,0x20,0x40,0x10,
0x80,0x10,0x80,0x20,0x80,0x2F,0xF8,0x68,0x88,0xA8,0x88,0x28,0x88,0x28,0x88,0x2F,0xF8,0x28,0x88,0x20,
0x80,0x20,0x80,0x20,0x80,0x20,0x80,0x10,0x80,0x14,0x80,0x24,0x80,0x27,0xF0,0x68,0x80,0xA0,0x80,0x20,
0x80,0x20,0x80,0x2F,0xF8,0x20,0x80,0x20,0x80,0x20,0x80,0x20,0x80,0x20,0x80,0x10,0x80,0x10,0x80,0x11,
0x40,0x22,0x20,0x24,0x10,0x68,0x08,0xA2,0x20,0x22,0x20,0x22,0x20,0x22,0x20,0x22,0x20,0x24,0x20,0x24,
0x20,0x28,0x20,0x10,0x00,0x10,0x70,0x17,0x80,0x20,0x80,0x20,0x80,0x60,0x80,0xA0,0x80,0x2F,0xF8,0x20,
0x80,0x20,0x80,0x20,0x80,0x20,0x80,0x20,0x80,0x27,0xF0,0x10,0x40,0x12,0x40,0x12,0x20,0x24,0x20,0x24,
0x10,0x68,0x08,0xA7,0xE0,0x22,0x20,0x22,0x20,0x22,0x20,0x22,0x20,0x24,0x20,0x24,0x20,0x28,0xC0,0x11,
0x00,0x10,0x80,0x10,0x00,0x2F,0xF8,0x22,0x00,0x62,0x00,0xA3,0xF0,0x22,0x10,0x22,0x10,0x22,0x10,0x22,
0x10,0x24,0x10,0x24,0x10,0x28,0x60,0x02,0x00,0x05,0x00,0x08,0x80,0x10,0x40,0x22,0x20,0xC2,0x18,0x02,
0x00,0x12,0x00,0x13,0xE0,0x12,0x00,0x12,0x00,0x12,0x00,0x12,0x00,0xFF,0xF8,0x10,0x00,0x17,0xF0,0x11,
0x10,0x21,0x10,0x2F,0xF8,0x61,0x10,0xA1,0x10,0x27,0xF0,0x21,0x10,0x21,0x00,0x22,0x00,0x22,0x00,0x24,
0x00,0x28,0x00,0x20,0x00,0x3F,0xF0,0x22,0x00,0x42,0x00,0x42,0x00,0xC2,0x00,0x5F,0xE0,0x44,0x20,0x44,
0x20,0x44,0x20,0x44,0x20,0x44,0x20,0x44,0x20,0x5F,0xF8,0x10,0x80,0x10,0x80,0x10,0x80,0x2F,0xF8,0x20,
0x80,0x60,0x80,0xA7,0xE0,0x22,0x20,0x22,0x20,0x21,0x40,0x20,0x80,0x21,0x40,0x22,0x20,0x2C,0x18,0x10,
0x80,0x10,0xA0,0x20,0x90,0x20,0x90,0x6F,0xF8,0xA0,0x80,0x20,0x80,0x21,0x40,0x21,0x40,0x21,0x40,0x22,
0x20,0x22,0x20,0x24,0x10,0x28,0x08,0x11,0x00,0x11,0x20,0x11,0x10,0x21,0x10,0x21,0x38,0x6F,0xC0,0xA1,
0x10,0x21,0x20,0x20,0xC0,0x20,0x80,0x21,0x48,0x22,0x28,0x2C,0x18,0x20,0x08,0x10,0x80,0x10,0x80,0x10,
0x80,0x27,0xF8,0x20,0x80,0x61,0xC0,0xA1,0xC0,0x22,0xA0,0x22,0xA0,0x24,0x90,0x28,0x88,0x20,0x80,0x20,
0x80,0x20,0x80,0x02,0x00,0x02,0x00,0x05,0x00,0x08,0x80,0x10,0x40,0x20,0x20,0xD0,0x58,0x10,0x40,0x10,
0x40,0x10,0x40,0x28,0xA0,0x24,0xA0,0x45,0x10,0x82,0x08,0x11,0x00,0x11,0x20,0x11,0x10,0x21,0x00,0x27,
0xF8,0x61,0x40,0xA1,0x40,0x21,0x40,0x21,0x40,0x21,0x40,0x22,0x40,0x22,0x48,0x24,0x48,0x28,0x38,0x10,
0x80,0x10,0x80,0x10,0x90,0x24,0x90,0x24,0x90,0x64,0xA0,0xA8,0x80,0x21,0x40,0x21,0x40,0x21,0x40,0x22,
0x20,0x22,0x20,0x24,0x10,0x28,0x08,0x02,0x00,0x05,0x00,0x08,0x80,0x10,0x40,0x20,0x20,0xDF,0xD8,0x00,
0x00,0x00,0x00,0x7F,0xF0,0x04,0x00,0x08,0x80,0x10,0x40,0x3F,0xE0,0x00,0x20,0x02,0x00,0x05,0x00,0x08,
0x80,0x30,0x60,0xC2,0x18,0x02,0x00,0x22,0x20,0x12,0x40,0x02,0x00,0xFF,0xF8,0x02,0x00,0x02,0x00,0x02,
0x00,0x02,0x00,0x10,0x80,0x10,0x80,0x17,0xF8,0x20,0x80,0x20,0x80,0x67,0xF0,0xA0,0x80,0x20,0x80,0x2F,
0xF8,0x20,0x88,0x20,0x88,0x20,0x88,0x20,0xB0,0x20,0x80,0x10,0x80,0x10,0x80,0x17,0xF0,0x20,0x80,0x21,
0x00,0x6F,0xF8,0xA1,0x00,0x22,0x00,0x27,0xF0,0x20,0x10,0x20,0x20,0x21,0x40,0x20,0x80,0x20,0x40,0x12,
0x00,0x12,0x00,0x13,0xF8,0x24,0x00,0x29,0x00,0x61,0x00,0xA7,0xF0,0x21,0x10,0x21,0x10,0x21,0x10,0x22,
0x10,0x22,0x10,0x24,0x10,0x28,0x60,0x10,0x80,0x10,0x80,0x11,0x40,0x21,0x40,0x22,0x20,0x64,0x10,0xAA,
0x08,0x22,0x20,0x22,0x40,0x23,0x80,0x22,0x00,0x22,0x10,0x22,0x10,0x21,0xF0,0x10,0x80,0x14,0x80,0x12,
0x80,0x20,0x80,0x27,0xF8,0x60,0x88,0xA0,0x88,0x21,0x48,0x21,0x28,0x21,0x28,0x22,0x08,0x22,0x08,0x24,
0x08,0x28,0x30,0x10,0x80,0x11,0x00,0x17,0xF8,0x24,0x08,0x24,0x08,0x64,0x08,0xA4,0x08,0x27,0xF8,0x24,
0x08,0x24,0x08,0x24,0x08,0x24,0x08,0x27,0xF8,0x24,0x08,0x10,0x80,0x10,0x80,0x10,0x80,0x27,0xF8,0x20,
0x80,0x60,0x80,0xA0,0x80,0x27,0xF0,0x24,0x10,0x24,0x10,0x24,0x10,0x24,0x10,0x27,0xF0,0x24,0x10,0x10,
0x80,0x14,0x90,0x12,0x90,0x22,0xA0,0x20,0x80,0x67,0xF0,0xA0,0x80,0x20,0x80,0x20,0x80,0x2F,0xF8,0x20,
0x80,0x20,0x80,0x20,0x80,0x20,0x80,0x10,0x80,0x10,0x80,0x11,0x40,0x22,0x20,0x25,0x10,0x68,0x88,0xA0,
0x00,0x27,0xF0,0x20,0x10,0x20,0x20,0x22,0x40,0x21,0x80,0x20,0x80,0x20,0x40,0x10,0x80,0x10,0x80,0x17,
0xF0,0x24,0x90,0x24,0x90,0x64,0x90,0xA7,0xF0,0x24,0x90,0x24,0x90,0x24,0x90,0x27,0xF0,0x24,0x90,0x20,
0x80,0x20,0x80,0x10,0x00,0x17,0xF8,0x20,0x08,0x20,0x08,0x6F,0xE8,0xA0,0x08,0x20,0x08,0x27,0xC8,0x24,
0x48,0x24,0x48,0x27,0xC8,0x24,0x08,0x20,0x08,0x20,0x38,0x10,0x20,0x11,0x20,0x14,0xA0,0x24,0xA0,0x24,
0xA0,0x64,0x20,0xA4,0x20,0x24,0x20,0x24,0x20,0x25,0x50,0x26,0x50,0x24,0x88,0x21,0x08,0x22,0x08,0x10,
0x00,0x17,0xF8,0x24,0x88,0x24,0x88,0x64,0x88,0xA4,0x88,0x27,0xF8,0x24,0x88,0x24,0x88,0x24,0x88,0x24,
0x88,0x24,0x88,0x27,0xF8,0x24,0x08,0x10,0x00,0x17,0xF0,0x24,0x10,0x24,0x10,0x64,0x10,0xA7,0xF0,0x24,
0x10,0x24,0x10,0x24,0x10,0x24,0x10,0x27,0xF0,0x20,0x00,0x20,0x00,0x2F,0xF8,0x11,0x00,0x10,0x80,0x10,
0x80,0x27,0xF0,0x20,0x00,0x60,0x20,0xA4,0x20,0x24,0x20,0x22,0x20,0x22,0x40,0x22,0x40,0x20,0x40,0x20,
0x80,0x2F,0xF8,0x10,0x00,0x10,0x70,0x17,0xC0,0x24,0x40,0x24,0x40,0x64,0x40,0xA7,0xF8,0x24,0x40,0x24,
0x40,0x24,0x40,0x25,0x20,0x26,0x28,0x24,0x98,0x20,0x48,0x11,0x00,0x10,0x80,0x10,0x00,0x27,0xF0,0x20,
0x80,0x60,0x80,0xA0,0x80,0x20,0x80,0x27,0xF0,0x20,0x80,0x20,0x80,0x20,0x80,0x20,0x80,0x2F,0xF8,0x10,
0x80,0x10,0x80,0x10,0x80,0x27,0xF8,0x20,0x80,0x61,0x00,0xA1,0x00,0x23,0xF0,0x22,0x40,0x24,0x40,0x24,
0x40,0x28,0x40,0x20,0x40,0x27,0xF8,0x10,0x80,0x10,0x80,0x10,0x80,0x27,0xF8,0x21,0x00,0x61,0x00,0xA2,
0x00,0x23,0xF0,0x26,0x10,0x2A,0x10,0x22,0x10,0x22,0x10,0x23,0xF0,0x22,0x10,0x10,0x80,0x10,0x80,0x10,
0x80,0x27,0xF8,0x20,0x80,0x61,0xC0,0xA1,0xC0,0x22,0xA0,0x22,0xA0,0x24,0x90,0x2B,0xE8,0x20,0x80,0x20,
0x80,0x20,0x80,0x10,0x00,0x17,0xF8,0x20,0x10,0x20,0x10,0x67,0x90,0xA4,0x90,0x24,0x90,0x24,0x90,0x24,
0x90,0x27,0x90,0x24,0x10,0x20,0x10,0x20,0x10,0x20,0x70,0x02,0x00,0x05,0x00,0x08,0x80,0x10,0x40,0x20,
0x20,0xDF,0xD8,0x02,0x00,0x02,0x00,0x7F,0xF0,0x02,0x00,0x12,0x40,0x22,0x20,0x42,0x10,0x0E,0x00,0x11,
0x40,0x11,0x40,0x17,0xF0,0x21,0x50,0x21,0x50,0x67,0xF0,0xA5,0x40,0x25,0x40,0x27,0xF8,0x21,0x48,0x21,
0x48,0x22,0x48,0x22,0x58,0x24,0x40,0x12,0x00,0x12,0x00,0x13,0xF8,0x25,0x00,0x25,0x00,0x69,0x00,0xA1,
0xF0,0x21,0x00,0x21,0x00,0x21,0x00,0x21,0xF8,0x21,0x00,0x21,0x00,0x21,0x00,0x12,0x00,0x12,0x00,0x17,
0xF8,0x24,0x08,0x28,0x10,0x60,0x80,0xA0,0x80,0x22,0xA0,0x22,0x90,0x24,0x90,0x24,0x88,0x28,0x88,0x20,
0x80,0x23,0x80,0x10,0x00,0x17,0xF8,0x24,0x88,0x24,0x88,0x64,0x88,0xA7,0xF8,0x24,0x88,0x24,0x88,0x27,
0xF8,0x24,0x88,0x24,0x88,0x24,0x88,0x24,0x88,0x28,0x38,0x20,0x00,0x3F,0xF0,0x30,0x10,0x57,0xD0,0x51,
0x10,0xD1,0x10,0x57,0xD0,0x55,0x50,0x55,0x50,0x55,0x50,0x55,0x50,0x55,0xD0,0x51,0x18,0x61,0x08,0x10,
0x80,0x10,0x88,0x17,0xE8,0x20,0x90,0x20,0x90,0x60,0xA0,0xAF,0xF8,0x20,0x80,0x21,0x00,0x23,0x30,0x25,
0xC0,0x29,0x08,0x21,0x08,0x20,0xF8,0x14,0x10,0x12,0x20,0x10,0x00,0x27,0xF0,0x20,0x80,0x60,0x80,0xA7,
0xF0,0x20,0x80,0x20,0x80,0x2F,0xF8,0x20,0x80,0x20,0x80,0x20,0x80,0x20,0x80,0x10,0x00,0x1F,0xF8,0x20,
0x80,0x21,0x00,0x67,0xF0,0xA4,0x10,0x24,0x10,0x24,0x10,0x27,0xF0,0x24,0x10,0x24,0x10,0x24,0x10,0x27,
0xF0,0x24,0x10,0x10,0x80,0x10,0x80,0x17,0xF0,0x20,0x80,0x20,0x80,0x6F,0xF8,0xA0,0x00,0x20,0x80,0x20,
0x80,0x27,0xF0,0x20,0x80,0x20,0x80,0x20,0x80,0x2F,0xF8,0x10,0x80,0x10,0x80,0x2F,0xF8,0x20,0x80,0x6F,
0xF8,0xA8,0x88,0x28,0x88,0x2F,0xF8,0x24,0x80,0x22,0x80,0x21,0x00,0x22,0x80,0x24,0x60,0x28,0x18,0x10,
0x00,0x17,0xF0,0x10,0x80,0x21,0x20,0x22,0x10,0x67,0xF0,0xA0,0x90,0x20,0x80,0x20,0x80,0x27,0xF0,0x20,
0x80,0x20,0x80,0x20,0x80,0x2F,0xF8,0x22,0x00,0x22,0x00,0x27,0xF0,0x4C,0x20,0x52,0x40,0xC1,0xA0,0x46,
0x40,0x58,0xF8,0x41,0x08,0x46,0x10,0x59,0x20,0x40,0xC0,0x43,0x00,0x5C,0x00,0x10,0x08,0x17,0xC8,0x22,
0x08,0x22,0x28,0x63,0xA8,0xA4,0xA8,0x24,0xA8,0x24,0xA8,0x2A,0xA8,0x21,0x28,0x21,0x08,0x22,0x08,0x24,
0x08,0x28,0x38,0x10,0x80,0x10,0x80,0x17,0xF0,0x20,0x80,0x20,0x80,0x6F,0xF8,0xA0,0x20,0x20,0x20,0x2F,
0xF8,0x20,0x20,0x24,0x20,0x22,0x20,0x20,0x20,0x20,0xE0,0x10,0x00,0x17,0xF8,0x24,0x08,0x24,0x08,0x65,
0xE8,0xA4,0x08,0x25,0xE8,0x25,0x28,0x25,0x28,0x25,0x28,0x25,0xE8,0x24,0x08,0x24,0x08,0x24,0x38,0x12,
0x20,0x12,0x20,0x12,0x20,0x27,0xF0,0x22,0x20,0x62,0x20,0xA2,0x20,0x22,0x20,0x2F,0xF8,0x20,0x00,0x22,
0x20,0x22,0x10,0x24,0x08,0x28,0x08,0x11,0x00,0x10,0x80,0x10,0x00,0x2F,0xF0,0x21,0x00,0x61,0x00,0xA2,
0x90,0x26,0xA0,0x2A,0x40,0x32,0x40,0x22,0x20,0x22,0x90,0x23,0x08,0x22,0x00,0x10,0x80,0x10,0x80,0x17,
0xF0,0x20,0x80,0x24,0x90,0x62,0xA0,0xA0,0x80,0x2F,0xF8,0x20,0x80,0x21,0x40,0x21,0x40,0x22,0x20,0x24,
0x10,0x28,0x08,0x10,0x00,0x13,0xF0,0x12,0x10,0x22,0x10,0x22,0x10,0x63,0xF0,0xA0,0x00,0x20,0x00,0x27,
0xF8,0x24,0x08,0x24,0x08,0x24,0x08,0x27,0xF8,0x24,0x08,0x11,0x00,0x11,0x00,0x11,0x70,0x27,0x80,0x20,
0xA0,0x60,0x48,0xA1,0xA8,0x26,0x18,0x20,0x00,0x27,0xF0,0x21,0x40,0x21,0x40,0x22,0x48,0x2C,0x38,0x10,
0x80,0x10,0xF8,0x10,0x80,0x20,0x80,0x27,0xF0,0x64,0x10,0xA4,0x10,0x24,0x90,0x24,0x90,0x24,0x90,0x24,
0x90,0x21,0x40,0x22,0x20,0x2C,0x10,0x10,0x08,0x1F,0x88,0x28,0x88,0x2A,0xA8,0x6A,0xA8,0xAA,0xA8,0x2A,
0xA8,0x2A,0xA8,0x2A,0xA8,0x2A,0xA8,0x22,0x08,0x25,0x08,0x24,0x88,0x28,0x38,0x10,0x70,0x17,0x80,0x10,
0x80,0x20,0x80,0x2F,0xF8,0x61,0x40,0xA2,0x20,0x24,0x10,0x2A,0x28,0x22,0x20,0x22,0x20,0x22,0x20,0x22,
0x20,0x24,0x20,0x10,0x80,0x10,0x80,0x11,0x40,0x22,0x20,0x24,0x10,0x6B,0xE8,0xA0,0x00,0x20,0x00,0x27,
0xF0,0x21,0x00,0x22,0x40,0x24,0x20,0x27,0xF0,0x20,0x10,0x12,0x00,0x12,0x00,0x13,0xF8,0x24,0x00,0x2B,
0xF0,0x62,0x90,0xA2,0x50,0x2F,0xF8,0x22,0x10,0x24,0x90,0x24,0x50,0x27,0xF8,0x20,0x10,0x20,0x60,0x10,
0x00,0x13,0xE0,0x10,0x20,0x20,0x20,0x2F,0xF8,0x62,0x00,0xA3,0xF0,0x24,0x80,0x20,0x80,0x27,0xF8,0x20,
0x80,0x21,0x40,0x22,0x20,0x2C,0x18,0x17,0xF0,0x10,0x10,0x13,0xF0,0x20,0x10,0x27,0xF0,0x60,0x00,0xAF,
0xF8,0x28,0x08,0x23,0xE0,0x22,0x20,0x21,0x40,0x20,0x80,0x23,0x60,0x2C,0x18,0x10,0x00,0x1F,0xF8,0x10,
0x80,0x27,0xF0,0x24,0x90,0x64,0x90,0xA7,0xF0,0x24,0x90,0x24,0x90,0x27,0xF0,0x22,0x80,0x21,0x00,0x22,
0xC0,0x2C,0x38,0x10,0x00,0x17,0xF0,0x14,0x10,0x24,0x10,0x24,0x10,0x67,0xF0,0xA0,0x80,0x20,0x80,0x24,
0x80,0x24,0xF0,0x24,0x80,0x24,0x80,0x2A,0x80,0x31,0xF8,0x10,0x40,0x11,0x50,0x16,0x48,0x22,0x48,0x22,
0x40,0x6F,0xF8,0xA2,0x40,0x22,0x50,0x23,0x50,0x2E,0x30,0x22,0x28,0x22,0x28,0x22,0x58,0x2E,0x88,0x10,
0x80,0x11,0x00,0x12,0x20,0x27,0xF0,0x20,0x10,0x62,0x20,0xA4,0x10,0x29,0x08,0x21,0xE0,0x22,0x20,0x25,
0x40,0x20,0x80,0x23,0x60,0x2C,0x18,0x10,0x80,0x14,0x90,0x12,0xA0,0x20,0x80,0x27,0xF0,0x64,0x10,0xA4,
0x10,0x27,0xF0,0x24,0x10,0x24,0x10,0x27,0xF0,0x24,0x10,0x24,0x10,0x24,0x70,0x11,0x88,0x1E,0x08,0x22,
0x08,0x22,0x28,0x6F,0xA8,0xA2,0x28,0x22,0x28,0x27,0x28,0x26,0xA8,0x2A,0x28,0x22,0x08,0x22,0x08,0x22,
0x08,0x22,0x38,0x12,0x20,0x12,0x10,0x14,0x88,0x28,0x88,0x21,0x40,0x62,0x20,0xA4,0x10,0x28,0x08,0x27,
0xF0,0x24,0x10,0x24,0x10,0x24,0x10,0x27,0xF0,0x24,0x10,0x10,0x70,0x17,0x80,0x21,0x10,0x24,0x90,0x62,
0xA0,0xA0,0x00,0x27,0xE0,0x20,0x40,0x20,0x80,0x2F,0xF8,0x20,0x80,0x20,0x80,0x20,0x80,0x23,0x80,0x10,
0x00,0x17,0xF0,0x14,0x10,0x24,0x10,0x27,0xF0,0x60,0x80,0xA0,0x80,0x2F,0xF8,0x21,0xC0,0x22,0xA0,0x22,
0xA0,0x24,0x90,0x28,0x88,0x20,0x80,0x02,0x00,0x05,0x00,0x08,0x80,0x30,0x60,0xDF,0xD8,0x00,0x00,0x7E,
0x10,0x42,0x90,0x7E,0x90,0x42,0x90,0x7E,0x90,0x42,0x90,0x42,0x10,0x4E,0x70,0x11,0x00,0x10,0x80,0x2F,
0xF8,0x20,0x00,0x67,0xF0,0xA0,0x00,0x27,0xF0,0x20,0x00,0x27,0xF0,0x24,0x10,0x24,0x10,0x24,0x10,0x27,
0xF0,0x24,0x10,0x10,0x00,0x17,0xF8,0x21,0x20,0x21,0x20,0x67,0xF8,0xA5,0x28,0x25,0x28,0x25,0x28,0x26,
0xA8,0x24,0x58,0x24,0x08,0x24,0x08,0x24,0x08,0x24,0x38,0x10,0x80,0x10,0x80,0x11,0x40,0x22,0x20,0x24,
0x10,0x6B,0xE8,0xA0,0x00,0x21,0x10,0x20,0x90,0x24,0x90,0x22,0x20,0x22,0x20,0x20,0x40,0x2F,0xF8,0x11,
0x00,0x11,0xF0,0x12,0x10,0x25,0x20,0x20,0xC0,0x69,0x20,0xAE,0x58,0x28,0x80,0x2B,0x20,0x28,0x48,0x28,
0x90,0x23,0x20,0x20,0xC0,0x27,0x00,0x11,0x00,0x10,0x80,0x27,0xF8,0x24,0x90,0x64,0x90,0xA5,0x10,0x27,
0x78,0x25,0x10,0x25,0x90,0x25,0x50,0x25,0x10,0x25,0x10,0x25,0x10,0x29,0x70,0x10,0x00,0x17,0xF0,0x14,
0x10,0x27,0xF0,0x24,0x10,0x67,0xF0,0xA4,0x10,0x27,0xF0,0x24,0x10,0x2F,0xF8,0x20,0x00,0x22,0x20,0x24,
0x10,0x28,0x08,0x10,0x80,0x10,0x80,0x2F,0xF8,0x22,0x20,0x64,0x90,0xA8,0x88,0x27,0xF0,0x24,0x90,0x27,
0xF0,0x24,0x90,0x27,0xF0,0x24,0x88,0x20,0x88,0x20,0x78,0x11,0x00,0x10,0x80,0x17,0xF0,0x20,0x00,0x22,
0x20,0x61,0x40,0xAF,0xF8,0x20,0x00,0x20,0x00,0x27,0xF0,0x24,0x10,0x24,0x10,0x27,0xF0,0x24,0x10,0x10,
0x08,0x1F,0x88,0x22,0x08,0x22,0x28,0x64,0xA8,0xAF,0xA8,0x22,0x28,0x22,0x28,0x2F,0xA8,0x22,0x28,0x22,
0x08,0x23,0x88,0x2E,0x08,0x20,0x38,0x10,0x00,0x17,0xF8,0x14,0x08,0x24,0x08,0x27,0xF8,0x64,0x40,0xA5,
0x48,0x25,0x48,0x25,0xF8,0x24,0x40,0x25,0x48,0x29,0x48,0x29,0xF8,0x30,0x08,0x10,0x80,0x14,0x88,0x12,
0x90,0x20,0x80,0x27,0xF8,0x64,0x08,0xA5,0xE8,0x25,0x28,0x25,0x28,0x25,0x28,0x25,0xE8,0x24,0x08,0x24,
0x08,0x24,0x38,0x10,0x00,0x11,0xF0,0x20,0x10,0x28,0x10,0x6B,0xF8,0xA9,0x00,0x29,0xF8,0x2A,0x40,0x28,
0x40,0x2B,0xF8,0x28,0x40,0x28,0xA0,0x21,0x10,0x22,0x08,0x10,0x80,0x17,0xF0,0x11,0x40,0x22,0x20,0x24,
0x10,0x6F,0xF8,0xA0,0x10,0x27,0xD0,0x24,0x50,0x24,0x50,0x27,0xD0,0x24,0x10,0x20,0x10,0x20,0x70,0x12,
0x20,0x12,0x20,0x27,0xF0,0x22,0x20,0x62,0x20,0xAF,0xF8,0x20,0x00,0x27,0xF0,0x24,0x10,0x24,0x10,0x27,
0xF0,0x24,0x10,0x24,0x10,0x27,0xF0,0x10,0x00,0x17,0xF0,0x14,0x10,0x27,0xF0,0x24,0x10,0x67,0xF0,0xA0,
0x00,0x2F,0xF8,0x28,0x08,0x2F,0xF8,0x28,0x08,0x28,0x08,0x2F,0xF8,0x28,0x08,0x10,0x80,0x14,0x90,0x12,
0xA0,0x27,0xF0,0x21,0x00,0x6F,0xF8,0xA2,0x20,0x24,0x10,0x2B,0xE8,0x22,0x20,0x22,0x20,0x22,0xC0,0x22,
0x10,0x21,0xF0,0x11,0x00,0x16,0x70,0x14,0x10,0x24,0x10,0x27,0x70,0x64,0x10,0xA4,0x10,0x27,0xF0,0x22,
0x40,0x22,0x40,0x22,0x40,0x24,0x48,0x24,0x48,0x28,0x38,0x10,0x80,0x17,0xF0,0x10,0x80,0x27,0xF0,0x20,
0x80,0x6F,0xF8,0xA0,0x00,0x27,0xF0,0x24,0x10,0x24,0x90,0x24,0x90,0x21,0x40,0x22,0x20,0x24,0x10,0x10,
0x80,0x10,0x80,0x2F,0xF8,0x20,0x80,0x67,0xF0,0xA4,0x10,0x27,0xF0,0x24,0x10,0x27,0xF0,0x24,0x10,0x27,
0xF0,0x24,0x10,0x24,0x10,0x2F,0xF8,0x10,0x00,0x13,0xF8,0x28,0x40,0x28,0x80,0x69,0xF0,0xAF,0x10,0x29,
0x50,0x29,0x50,0x2B,0x50,0x2D,0x50,0x29,0x50,0x20,0xA0,0x21,0x10,0x22,0x08,0x10,0x00,0x17,0x70,0x25,
0x10,0x25,0x10,0x67,0x70,0xA4,0x00,0x24,0x00,0x27,0x70,0x24,0x50,0x24,0x50,0x27,0x20,0x24,0x20,0x24,
0x50,0x24,0x88,0x17,0xF0,0x14,0x90,0x14,0x90,0x27,0xF0,0x24,0x90,0x64,0x90,0xA7,0xF0,0x20,0x00,0x2F,
0xF8,0x25,0x10,0x24,0xA0,0x24,0x40,0x26,0x20,0x24,0x18,0x11,0x00,0x10,0x80,0x17,0xF0,0x24,0x10,0x24,
0x10,0x67,0xF0,0xA4,0x00,0x27,0xF0,0x2D,0x50,0x2D,0x50,0x37,0xF0,0x25,0x50,0x25,0x50,0x24,0x30,0x14,
0x80,0x14,0x80,0x24,0x80,0x2E,0xF8,0x65,0x10,0xA4,0x90,0x2E,0x90,0x2A,0x90,0x2A,0xA0,0x2A,0xA0,0x2A,
0x40,0x2E,0xA0,0x29,0x10,0x22,0x08,0x10,0x80,0x1F,0xF8,0x10,0x00,0x27,0xF0,0x24,0x10,0x67,0xF0,0xA0,
0x00,0x2F,0xF8,0x28,0x08,0x27,0xF0,0x20,0x40,0x20,0x40,0x20,0x40,0x21,0xC0,0x10,0x40,0x10,0x40,0x2E,
0xF0,0x22,0x50,0x63,0xF8,0xA4,0x50,0x26,0xF0,0x22,0x40,0x22,0xF0,0x22,0x40,0x2A,0xF8,0x24,0x40,0x2B,
0x40,0x30,0xF8,0x10,0x00,0x17,0xF0,0x24,0x90,0x27,0xF0,0x64,0x90,0xA7,0xF0,0x20,0x80,0x2F,0xF8,0x28,
0x88,0x28,0xA8,0x2B,0xE8,0x28,0x08,0x28,0x08,0x28,0x38,0x10,0x80,0x11,0x40,0x22,0x20,0x24,0x10,0x6B,
0xE8,0xA0,0x00,0x27,0x88,0x24,0xA8,0x27,0xA8,0x24,0xA8,0x27,0xA8,0x24,0xA8,0x24,0x88,0x25,0xB8,0x10,
0x80,0x14,0x90,0x22,0xA0,0x2F,0xF8,0x68,0x08,0xA8,0x08,0x23,0xE0,0x20,0x00,0x20,0x00,0x2F,0xF8,0x21,
0x00,0x22,0x20,0x27,0xF0,0x20,0x10,0x10,0x80,0x11,0x00,0x27,0xF0,0x24,0x90,0x64,0x90,0xA7,0xF0,0x24,
0x90,0x25,0x10,0x27,0xF0,0x21,0xA0,0x22,0xD0,0x22,0xF8,0x24,0x88,0x28,0x78,0x10,0xA0,0x17,0xF8,0x20,
0x80,0x27,0xF0,0x64,0x90,0xA7,0xF0,0x24,0x90,0x27,0xF0,0x24,0x90,0x20,0x20,0x2F,0xF8,0x22,0x20,0x21,
0x20,0x20,0x60,0x10,0x00,0x17,0xF8,0x11,0x40,0x27,0xF0,0x25,0x50,0x65,0x50,0xA7,0xF0,0x20,0x80,0x20,
0x80,0x27,0xF8,0x21,0xC0,0x22,0xA0,0x2C,0x98,0x20,0x80,0x10,0x80,0x10,0x40,0x17,0xF8,0x22,0x10,0x21,
0x20,0x67,0xF8,0xA4,0x88,0x20,0x40,0x27,0xF8,0x21,0x00,0x21,0xF0,0x21,0x10,0x22,0x10,0x24,0x60,0x10,
0x80,0x17,0xF0,0x10,0x80,0x23,0xE0,0x21,0x00,0x6F,0xF8,0xA2,0x20,0x24,0x90,0x28,0x88,0x24,0x90,0x22,
0xA0,0x24,0x90,0x28,0x88,0x23,0x80,0x10,0x40,0x18,0x48,0x14,0xE8,0x24,0x50,0x21,0xF8,0x6C,0x40,0xA4,
0xF0,0x25,0x90,0x26,0x90,0x24,0xF0,0x24,0x90,0x26,0x90,0x24,0xF0,0x20,0x90,0x10,0x80,0x14,0x90,0x14,
0x90,0x27,0xF0,0x22,0x80,0x64,0x40,0xAF,0xF8,0x34,0x80,0x27,0xF0,0x24,0x80,0x27,0xF0,0x24,0x80,0x27,
0xF8,0x24,0x00,0x12,0x40,0x12,0x40,0x2F,0x40,0x22,0x78,0x6F,0x90,0xA2,0x50,0x2F,0x50,0x24,0x50,0x27,
0x50,0x25,0x20,0x25,0x20,0x29,0x50,0x2B,0x50,0x30,0x88,0x10,0x80,0x17,0xF0,0x15,0x50,0x24,0x90,0x25,
0x50,0x67,0xF0,0xA2,0x20,0x25,0x10,0x29,0xE8,0x22,0x20,0x25,0x40,0x20,0x80,0x23,0x60,0x2C,0x18,0x11,
0x00,0x13,0xE0,0x24,0x40,0x2F,0xF0,0x64,0x90,0xA7,0xF0,0x21,0x00,0x22,0x88,0x25,0x50,0x22,0xE0,0x25,
0x60,0x22,0x50,0x2C,0x48,0x21,0x80,0x10,0x80,0x17,0xF0,0x20,0x80,0x25,0x50,0x62,0x20,0xA7,0xF0,0x2A,
0x28,0x23,0xE0,0x22,0x20,0x23,0xE0,0x20,0x80,0x24,0x90,0x28,0x88,0x21,0x80,0x14,0x10,0x12,0x20,0x1F,
0xF8,0x28,0x88,0x2A,0xA8,0x68,0x88,0xAF,0xF8,0x20,0x00,0x27,0xF0,0x24,0x10,0x27,0xF0,0x24,0x10,0x27,
0xF0,0x24,0x10,0x10,0x00,0x17,0xF8,0x21,0x40,0x27,0xF0,0x65,0x50,0xA5,0x50,0x27,0xF0,0x24,0x90,0x22,
0xA0,0x27,0xF8,0x21,0xC0,0x22,0xA0,0x2C,0x98,0x20,0x80,0x10,0x00,0x1F,0xF8,0x20,0x00,0x27,0xF0,0x64,
0x90,0xA7,0xF0,0x24,0x90,0x2F,0xF8,0x20,0x00,0x27,0xF0,0x24,0x90,0x27,0xF0,0x24,0x90,0x2F,0xF8,0x10,
0x40,0x17,0x20,0x25,0xF8,0x25,0x00,0x67,0x50,0xA4,0x20,0x24,0xF8,0x2F,0x20,0x2D,0x20,0x35,0x70,0x25,
0x20,0x27,0x20,0x25,0x20,0x20,0x20,0x17,0xF0,0x10,0x80,0x2F,0xF8,0x28,0x88,0x66,0xB0,0xA0,0x80,0x26,
0xB0,0x20,0x00,0x2F,0xF8,0x20,0x80,0x2F,0xF8,0x29,0x48,0x29,0x48,0x28,0x18,0x17,0xF0,0x14,0x90,0x27,
0xF0,0x24,0x90,0x67,0xF0,0xA0,0x00,0x2F,0xF8,0x2A,0xA8,0x2A,0xA8,0x2F,0xF8,0x2A,0xA8,0x2A,0xA8,0x2F,
0xF8,0x28,0x88,0x10,0x80,0x10,0x80,0x10,0x80,0x10,0x80,0x10,0x80,0x10,0x80,0x10,0x80,0x10,0x80,0x10,
0x80,0x10,0x80,0x20,0x80,0x20,0x88,0x40,0x88,0x80,0x78,0x04,0x00,0x04,0x00,0x08,0x80,0x10,0x40,0x20,
0x20,0x7F,0xF0,0x08,0x90,0x08,0x80,0x08,0x80,0x08,0x80,0x08,0x80,0x10,0x88,0x20,0x88,0xC0,0x78,0x3F,
0xE0,0x00,0x00,0x00,0x00,0x00,0x00,0xFF,0xF8,0x08,0x80,0x08,0x80,0x08,0x80,0x10,0x80,0x10,0x80,0x20,
0x88,0x40,0x88,0x80,0x78,0x3F,0xE0,0x20,0x20,0x20,0x20,0x20,0x20,0x20,0x20,0x3F,0xE0,0x08,0x80,0x08,
0x80,0x08,0x80,0x08,0x80,0x10,0x88,0x20,0x88,0xC0,0x78,0x04,0x00,0x02,0x00,0xFF,0xF8,0x08,0x00,0x10,
0x40,0x20,0x20,0x7F,0xF0,0x08,0x90,0x08,0x80,0x08,0x80,0x08,0x80,0x10,0x88,0x20,0x88,0xC0,0x78,0x08,
0x80,0x08,0x80,0x48,0x90,0x28,0x90,0x28,0xA0,0x08,0x80,0x18,0xC0,0x28,0xA0,0x48,0x90,0x90,0x88,0x10,
0x80,0x20,0x88,0x40,0x88,0x80,0x78,0x02,0x00,0x12,0x00,0x12,0x00,0x3F,0xE0,0x42,0x00,0x02,0x00,0x02,
0x00,0xFF,0xF8,0x08,0x80,0x08,0x80,0x08,0x80,0x10,0x88,0x20,0x88,0xC0,0x78,0x02,0x00,0x42,0x10,0x22,
0x20,0x12,0x40,0x02,0x00,0xFF,0xF8,0x08,0x80,0x08,0x80,0x08,0x80,0x08,0x80,0x10,0x80,0x10,0x88,0x20,
0x88,0x40,0x78,0x02,0x00,0xFF,0xF8,0x02,0x00,0x02,0x00,0x3F,0xE0,0x20,0x20,0x20,0x20,0x20,0x20,0x3F,
0xE0,0x08,0x80,0x08,0x80,0x10,0x88,0x20,0x88,0xC0,0x78,0x10,0x00,0x10,0x00,0x3F,0xC0,0x40,0x40,0x80,
0x80,0x7F,0xF0,0x42,0x10,0x42,0x10,0x7F,0xF0,0x05,0x00,0x09,0x00,0x11,0x08,0x21,0x08,0xC0,0xF8,0x20,
0x20,0x10,0x40,0x08,0x80,0x3F,0xE0,0x20,0x20,0x20,0x20,0x20,0x20,0x3F,0xE0,0x08,0x80,0x08,0x80,0x08,
0x80,0x10,0x88,0x20,0x88,0xC0,0x78,0x10,0x00,0x10,0x00,0x3F,0xC0,0x40,0x40,0x80,0x80,0x7F,0xF0,0x42,
0x10,0x42,0x10,0x7F,0xF0,0x05,0x00,0x09,0x40,0x11,0x28,0x21,0x08,0xC0,0xF8,0x02,0x00,0x22,0x20,0x12,
0x40,0xFF,0xF8,0x80,0x08,0x1F,0xC0,0x10,0x40,0x10,0x40,0x1F,0xC0,0x08,0x80,0x08,0x80,0x10,0x88,0x20,
0x88,0xC0,0x78,0x12,0x00,0x6F,0xB0,0x48,0x90,0x48,0x90,0x4F,0x90,0x48,0x90,0x58,0x90,0x6F,0xB0,0x00,
0x00,0x08,0x80,0x08,0x80,0x10,0x80,0x20,0x88,0xC0,0x78,0x10,0x40,0x10,0x40,0x7D,0xF8,0x10,0x40,0x7D,
0xF0,0x45,0x10,0x45,0x10,0x7D,0xF0,0x28,0xA0,0x28,0xA0,0x2A,0xA0,0x4D,0x28,0x49,0x28,0x82,0x18,0x08,
0x00,0x04,0x00,0x04,0x00,0x02,0x00,0x02,0x00,0x05,0x00,0x05,0x00,0x08,0x80,0x08,0x80,0x10,0x40,0x10,
0x40,0x20,0x20,0x40,0x10,0x80,0x08,0x02,0x00,0x02,0x00,0x05,0x00,0x08,0x80,0x10,0x40,0x20,0x20,0xDF,
0xD8,0x02,0x00,0x02,0x00,0x1F,0xC0,0x02,0x00,0x02,0x00,0x02,0x00,0xFF,0xF8,0x00,0x80,0x00,0x80,0x08,
0x80,0x08,0x80,0x08,0x80,0x08,0x80,0x08,0x40,0x10,0x40,0x10,0x40,0x10,0x40,0x20,0x20,0x20,0x20,0x40,
0x10,0x80,0x08,0x01,0x00,0x09,0x00,0x08,0x80,0x10,0x80,0x10,0x40,0x20,0x20,0x44,0x10,0x84,0x08,0x08,
0x00,0x09,0x00,0x10,0x80,0x20,0x40,0x7F,0xE0,0x00,0x20,0x04,0x00,0x02,0x00,0x01,0x00,0x01,0x00,0xFF,
0xF8,0x00,0x00,0x00,0x00,0x08,0x80,0x08,0x40,0x10,0x20,0x10,0x10,0x20,0x10,0x40,0x08,0x80,0x08,0x20,
0x20,0x10,0x40,0x08,0x80,0x7F,0xF0,0x00,0x00,0x00,0x00,0x00,0x00,0x00,0x00,0x3F,0xE0,0x00,0x00,0x00,
0x00,0x00,0x00,0x00,0x00,0xFF,0xF8,0x10,0x40,0x10,0x40,0x10,0x40,0x7F,0xF0,0x10,0x40,0x10,0x40,0x10,
0x40,0x10,0x40,0xFF,0xF8,0x00,0x00,0x10,0x40,0x20,0x20,0x40,0x10,0x80,0x08,0x10,0x40,0x08,0x40,0x08,
0x80,0x7F,0xF0,0x02,0x00,0x02,0x00,0x02,0x00,0xFF,0xF8,0x05,0x00,0x05,0x00,0x08,0x80,0x10,0x40,0x20,
0x20,0xC0,0x18,0x08,0x10,0x44,0x10,0x22,0x20,0x12,0x40,0x10,0x80,0x00,0x00,0xFF,0xF8,0x00,0x00,0x08,
0x80,0x08,0x40,0x10,0x20,0x20,0x10,0x40,0x08,0x80,0x08,0x00,0xE0,0x1F,0x00,0x10,0x00,0x10,0x00,0x1F,
0xF0,0x10,0x40,0x10,0x40,0x10,0x40,0xFF,0xF8,0x00,0x00,0x10,0x40,0x10,0x20,0x20,0x10,0x40,0x10,0x10,
0x40,0x10,0x40,0x7F,0xF0,0x10,0x40,0x10,0x40,0x1F,0xC0,0x10,0x40,0x1F,0xC0,0x10,0x40,0x10,0x40,0xFF,
0xF8,0x10,0x40,0x20,0x20,0x40,0x10,0x3F,0xE0,0x20,0x20,0x3F,0xE0,0x20,0x20,0x3F,0xE0,0x20,0x20,0x3F,
0xE0,0x20,0x20,0x20,0x20,0xFF,0xF8,0x00,0x00,0x10,0x40,0x20,0x20,0x40,0x10,0x08,0x80,0x08,0x80,0x7F,
0xF0,0x48,0x90,0x48,0x90,0x48,0x90,0x7F,0xF0,0x48,0x90,0x48,0x90,0x48,0x90,0xFF,0xF8,0x10,0x40,0x20,
0x20,0x40,0x10,0x10,0x40,0x08,0x40,0x08,0x80,0xFF,0xF8,0x10,0x40,0x10,0x40,0x24,0x88,0x45,0x08,0xF9,
0xF0,0x10,0x20,0x20,0x40,0x48,0x90,0xFD,0xF8,0x04,0x08,0x08,0x40,0x04,0x80,0x7F,0xF0,0x02,0x00,0x3F,
0xE0,0x04,0x00,0x7F,0xF0,0x08,0x80,0x30,0x60,0xC8,0x98,0x08,0x80,0x08,0x80,0x10,0x80,0x20,0x80,0x10,
0x80,0x09,0x00,0x7F,0xF0,0x09,0x00,0x7F,0xE0,0x09,0x20,0xFF,0xF8,0x09,0x20,0x7F,0xE0,0x19,0x80,0x29,
0x40,0x49,0x20,0x89,0x18,0x09,0x00,0x10,0x40,0x08,0x80,0x7F,0xF0,0x42,0x10,0x7F,0xF0,0x42,0x10,0x7F,
0xF0,0x00,0x00,0xFF,0xF8,0x00,0x00,0x3F,0xE0,0x20,0x20,0x20,0x20,0x3F,0xE0,0x08,0x90,0x78,0xE0,0x08,
0x88,0xF8,0x78,0x3F,0xE0,0x22,0x20,0x3F,0xE0,0x22,0x20,0x3F,0xE0,0x10,0x40,0x7F,0xF0,0x10,0x40,0xFF,
0xF8,0x20,0x20,0x04,0x00,0x04,0x00,0x04,0x00,0xFF,0xF0,0x84,0x10,0x84,0x10,0x8A,0x10,0x91,0x10,0xA0,
0x90,0xC0,0x50,0x80,0x10,0x80,0x10,0x80,0x10,0x80,0x70,0xFF,0xF0,0x80,0x10,0x80,0x50,0x90,0x50,0x88,
0x90,0x85,0x10,0x82,0x10,0x85,0x10,0x88,0x90,0x90,0x50,0xA0,0x50,0x80,0x10,0x80,0x70,0x02,0x00,0x02,
0x00,0x7F,0xF0,0x42,0x10,0x42,0x10,0x7F,0xF0,0x42,0x10,0x42,0x10,0x42,0x10,0xFF,0xF8,0x40,0x10,0x40,
0x10,0x40,0x10,0x40,0x70,0x3C,0xF0,0x24,0x90,0x24,0x90,0x24,0x90,0x24,0x90,0xFF,0xF8,0x24,0x90,0x24,
0x90,0x24,0x90,0x24,0x90,0x45,0x10,0x5D,0x10,0x82,0x70,0xFF,0xF8,0x02,0x00,0x02,0x00,0x7F,0xF0,0x42,
0x10,0x42,0x10,0x7F,0xF0,0x42,0x10,0x42,0x10,0xFF,0xF8,0x40,0x10,0x40,0x10,0x40,0x10,0x40,0x70,0xFF,
0xE0,0x80,0x20,0xBF,0xA0,0x80,0x20,0xBF,0xA0,0x00,0x00,0x7F,0xC0,0x40,0x40,0x7F,0xC0,0x40,0x40,0x7F,
0xC0,0x40,0x40,0x7F,0xC0,0x7F,0xF0,0x40,0x10,0x5F,0xD0,0x40,0x10,0x5F,0xD0,0x10,0x00,0x1F,0x80,0x21,
0x00,0x7F,0xE0,0xA2,0x20,0x3F,0xE0,0x05,0x00,0x19,0x08,0xE0,0xF8,0xFF,0xF8,0x80,0x08,0x80,0x08,0x00,
0x00,0x1F,0xC0,0x10,0x40,0x10,0x40,0x10,0x40,0x10,0x40,0x20,0x40,0x20,0x48,0x40,0x48,0x80,0x38,0xFF,
0xF8,0x80,0x08,0x10,0x00,0x1F,0xE0,0x10,0x00,0x20,0x00,0x3F,0xF0,0x00,0x10,0x00,0x10,0xFF,0xD0,0x00,
0x10,0x00,0x10,0x00,0x60,0xFF,0xF8,0x84,0x08,0x04,0x00,0x7F,0xF0,0x08,0x00,0x12,0x00,0x3F,0xE0,0x02,
0x00,0x02,0x00,0xFF,0xF8,0x02,0x00,0x02,0x00,0x02,0x00,0x02,0x00,0x02,0x00,0x7F,0xF0,0x42,0x10,0x44,
0x10,0x04,0x00,0x0A,0x10,0x12,0x20,0x31,0x40,0x50,0x80,0x90,0x40,0x14,0x20,0x18,0x18,0x10,0x00,0xFF,
0xF8,0x80,0x08,0x00,0x20,0x7C,0x20,0x01,0xF8,0x00,0x20,0xFD,0x20,0x28,0xA0,0x28,0x20,0x28,0x20,0x28,
0xE8,0x48,0x08,0x87,0xF8,0xFF,0xF8,0x90,0x08,0x1F,0xC0,0x20,0x80,0x41,0x00,0xBF,0xF0,0x22,0x10,0x22,
0x10,0x3F,0xF0,0x05,0x00,0x09,0x40,0x31,0x28,0xC0,0xF8,0xFF,0xF8,0x80,0x08,0x3F,0xE0,0x20,0x20,0x3F,
0xE0,0x20,0x20,0x3F,0xE0,0x04,0x00,0x02,0x00,0xFF,0xF8,0x10,0x40,0x20,0x20,0x40,0x10,0x08,0x00,0x08,
0x00,0x0F,0xC0,0x10,0x40,0x28,0x80,0x45,0x00,0x02,0x00,0x0D,0x80,0x30,0x60,0xC6,0x18,0x01,0x80,0x1C,
0x00,0x03,0x00,0x00,0x80,0x4F,0xE0,0x20,0x20,0x24,0x20,0x04,0x20,0x04,0x20,0x07,0xF8,0x20,0x08,0x20,
0x08,0x4F,0xE8,0x40,0x08,0x80,0x08,0x80,0x08,0x00,0x30,0x00,0x80,0x40,0x80,0x20,0x88,0x2E,0x90,0x02,
0xA0,0x02,0xC0,0x02,0xC0,0x24,0xA0,0x24,0xA0,0x48,0x90,0x50,0x88,0x80,0x80,0x80,0x80,0x03,0x80,0x00,
0x80,0x40,0x80,0x20,0x80,0x2F,0xF8,0x08,0x88,0x08,0x88,0x08,0x88,0x28,0x88,0x2F,0xF8,0x48,0x88,0x40,
0x80,0x80,0x80,0x80,0x80,0x00,0x80,0x01,0x00,0x41,0x00,0x27,0xF0,0x21,0x10,0x01,0x10,0x01,0x10,0x01,
0x10,0x2F,0xF8,0x21,0x40,0x41,0x40,0x42,0x20,0x82,0x20,0x84,0x10,0x08,0x08,0x4F,0xF0,0x28,0x10,0x28,
0x10,0x08,0x10,0x08,0x10,0x0F,0xF0,0x22,0x40,0x22,0x40,0x42,0x40,0x44,0x40,0x84,0x48,0x88,0x48,0x10,
0x38,0x02,0x00,0x42,0x00,0x24,0x20,0x24,0x10,0x08,0x10,0x1F,0xF8,0x00,0x08,0x20,0x00,0x2F,0xF0,0x48,
0x10,0x48,0x10,0x88,0x10,0x8F,0xF0,0x08,0x10,0x01,0x00,0x81,0x00,0x42,0x80,0x44,0x40,0x0A,0x20,0x11,
0x10,0x00,0x00,0x2F,0xE0,0x20,0x20,0x40,0x40,0x44,0x80,0x83,0x00,0x81,0x00,0x00,0x80,0x01,0x00,0x41,
0x00,0x2F,0xF8,0x22,0x00,0x04,0x80,0x04,0x80,0x07,0xF0,0x20,0x80,0x20,0x80,0x44,0xA0,0x44,0x90,0x88,
0x88,0x90,0x88,0x03,0x80,0x02,0x00,0x43,0xE0,0x24,0x20,0x28,0x40,0x07,0xF0,0x00,0x90,0x00,0x90,0x2F,
0xF8,0x20,0x90,0x40,0x90,0x47,0xF0,0x80,0x90,0x80,0x80,0x03,0x80,0x00,0x80,0x4F,0xF8,0x20,0x80,0x27,
0xF0,0x00,0x90,0x0F,0xF8,0x00,0x90,0x27,0xF0,0x21,0x00,0x4F,0xF8,0x42,0x20,0x87,0x20,0x80,0xC0,0x07,
0x30,0x02,0x40,0x42,0x20,0x24,0x00,0x27,0xF8,0x0C,0x40,0x14,0x40,0x07,0xF0,0x24,0x40,0x24,0x40,0x47,
0xF0,0x44,0x40,0x84,0x40,0x87,0xF8,0x04,0x00,0x01,0x00,0x40,0x80,0x2F,0xF8,0x20,0x00,0x00,0x00,0x07,
0xF0,0x04,0x10,0x24,0x10,0x27,0xF0,0x40,0x80,0x44,0xA0,0x88,0x90,0x90,0x88,0x03,0x80,0x8F,0xF0,0x49,
0x10,0x49,0x10,0x0B,0xD0,0x09,0x10,0x0F,0xF0,0x28,0x10,0x2B,0xD0,0x4A,0x50,0x4A,0x50,0x8B,0xD0,0x88,
0x10,0x10,0x70,0x00,0x80,0x40,0x80,0x27,0xF0,0x20,0x80,0x00,0x80,0x0F,0xF8,0x02,0x20,0x25,0x10,0x29,
0xE8,0x42,0x20,0x45,0x40,0x80,0x80,0x83,0x60,0x0C,0x18,0x00,0x28,0x40,0x20,0x2F,0xF8,0x28,0x20,0x08,
0x20,0x0B,0xA0,0x08,0x28,0x2B,0xA8,0x2A,0xB0,0x4A,0xB0,0x4B,0xA8,0x88,0x68,0x88,0x98,0x11,0x08,0x00,
0x80,0x47,0xF0,0x20,0x80,0x23,0xE0,0x01,0x00,0x0F,0xF8,0x02,0x20,0x24,0x10,0x2B,0xE8,0x40,0x80,0x47,
0xF0,0x81,0x40,0x82,0x20,0x0C,0x10,0x00,0x80,0x4F,0xF8,0x20,0x00,0x27,0xF0,0x04,0x10,0x05,0xD0,0x05,
0x50,0x27,0xF0,0x20,0x00,0x47,0xF0,0x40,0x00,0x8F,0xF8,0x84,0x90,0x09,0x88,0x08,0x00,0x8A,0xF0,0x4C,
0x10,0x4A,0xA0,0x06,0x40,0x09,0xF0,0x0E,0x50,0x54,0x40,0x45,0x40,0x5F,0x70,0x85,0x40,0x85,0x40,0x8A,
0xC0,0x12,0x30,0x1F,0xC0,0x10,0x40,0x10,0x40,0x10,0x40,0x10,0x40,0x10,0x40,0x10,0x40,0x10,0x40,0x10,
0x40,0x10,0x40,0x20,0x40,0x20,0x48,0x40,0x48,0x80,0x38,0x1F,0xC0,0x10,0x40,0x10,0x40,0x10,0x40,0x10,
0x40,0x14,0x40,0x12,0x40,0x12,0x40,0x10,0x40,0x10,0x40,0x20,0x40,0x20,0x48,0x40,0x48,0x80,0x38,0x7F,
0xE0,0x40,0x20,0x40,0x20,0x5F,0xA0,0x40,0xA0,0x40,0xA0,0x48,0xA0,0x45,0x20,0x42,0x20,0x45,0x20,0x48,
0xA8,0x50,0xA8,0x40,0x18,0x80,0x08,0x10,0x70,0x17,0x80,0x20,0x80,0x60,0x80,0xAF,0xF8,0x20,0x80,0x20,
0x80,0x27,0xF0,0x00,0x00,0x1F,0x80,0x10,0x80,0x10,0x80,0x20,0x88,0xC0,0x78,0x10,0x00,0x95,0xE0,0x95,
0x20,0x95,0x20,0xFD,0x20,0x01,0x20,0xFD,0x20,0x05,0x20,0x05,0x20,0xFD,0x20,0x81,0x20,0x8D,0x28,0xB1,
0x28,0xC2,0x18,0x7F,0xE0,0x44,0x20,0x5F,0xA0,0x50,0xA0,0x5F,0xA0,0x50,0xA0,0x5F,0xA0,0x40,0x20,0x5F,
0xA0,0x44,0x20,0x5F,0xA8,0x44,0x28,0x44,0x18,0xBF,0xC8,0x01,0x20,0x79,0x40,0x08,0x88,0x57,0x50,0x20,
0x20,0x5F,0xD8,0x90,0x40,0x1F,0xC0,0x08,0x80,0xFF,0xF8,0x00,0x00,0x1F,0x80,0x10,0x90,0x60,0x70,0x00,
0x20,0x20,0x20,0x10,0x40,0x88,0x88,0x85,0x08,0x82,0x08,0x85,0x08,0x88,0x88,0x90,0x48,0xA0,0x48,0x80,
0x08,0x80,0x08,0xFF,0xF8,0x00,0x08,0x1F,0x80,0x10,0x80,0x10,0x80,0x10,0x80,0x10,0x80,0xF0,0xF0,0x80,
0x10,0x80,0x10,0x80,0x10,0x80,0x10,0x80,0x10,0xFF,0xF0,0x80,0x10,0xF0,0xF0,0x90,0x90,0x90,0x90,0x90,
0x90,0x90,0x90,0x90,0x90,0x90,0x90,0x9F,0x90,0x80,0x10,0x80,0x10,0x80,0x10,0xFF,0xF0,0x80,0x10,0x02,
0x00,0x42,0x10,0x42,0x10,0x42,0x10,0x42,0x10,0x7F,0xF0,0x02,0x00,0x02,0x00,0x82,0x08,0x82,0x08,0x82,
0x08,0x82,0x08,0xFF,0xF8,0x00,0x08,0x02,0x00,0x02,0x00,0x7F,0xF0,0x02,0x00,0x02,0x00,0x02,0x00,0xFF,
0xF8,0x02,0x00,0x02,0x00,0x42,0x10,0x42,0x10,0x42,0x10,0x42,0x10,0x7F,0xF0,0x3F,0xC0,0x00,0x80,0x21,
0x20,0x92,0x48,0x8A,0x88,0x82,0x08,0x8A,0x88,0x92,0x48,0xA2,0x28,0x82,0x08,0x8E,0x08,0x80,0x08,0xFF,
0xF8,0x00,0x08,0x08,0x80,0x48,0x90,0x28,0xA0,0x08,0x80,0xFF,0xF8,0x08,0x80,0x45,0x10,0x5F,0xD0,0x42,
0x10,0x42,0x10,0x5F,0xD0,0x42,0x10,0x42,0x10,0x7F,0xF0,0xFF,0xF0,0x08,0x10,0x08,0x10,0x08,0x10,0x08,
0x10,0x08,0x10,0x08,0x10,0x08,0x10,0x10,0x10,0x10,0x10,0x20,0x10,0x40,0x20,0x80,0xC0,0x7F,0xF0,0x00,
0x10,0x00,0x10,0x00,0x90,0x01,0x10,0x02,0x10,0x04,0x10,0x08,0x10,0x10,0x10,0x20,0x10,0xC0,0x10,0x00,
0x20,0x00,0xC0,0x7F,0xF0,0x04,0x10,0x04,0x10,0x24,0x10,0x24,0x10,0x24,0x10,0x44,0x10,0x08,0x10,0x08,
0x10,0x10,0x10,0x20,0x10,0x40,0x20,0x80,0xC0,0x08,0x80,0x08,0x80,0x10,0x40,0x10,0x40,0x20,0x20,0x40,
0x10,0xBF,0xC8,0x08,0x40,0x08,0x40,0x08,0x40,0x10,0x40,0x20,0x40,0x40,0x40,0x81,0x80,0x20,0x00,0x23,
0xF8,0x20,0x88,0x20,0x88,0x3C,0x88,0xE0,0x88,0x20,0x88,0x20,0x88,0x24,0x88,0x29,0x08,0x31,0x08,0x22,
0x08,0x04,0x08,0x08,0x30,0x00,0x10,0x7C,0x10,0x10,0x10,0x10,0x90,0x10,0x90,0x10,0x90,0xFE,0x90,0x10,
0x90,0x10,0x90,0x10,0x90,0x10,0x10,0x10,0x10,0x10,0x10,0x10,0x70,0x00,0x10,0x7E,0x10,0x24,0x10,0x24,
0x90,0x24,0x90,0x24,0x90,0xFF,0x90,0x24,0x90,0x24,0x90,0x24,0x90,0x24,0x10,0x24,0x10,0x44,0x10,0x84,
0x70,0x28,0x10,0x24,0x10,0x20,0x10,0x2E,0x90,0xF0,0x90,0x20,0x90,0x24,0x90,0x24,0x90,0x28,0x90,0x10,
0x90,0x32,0x10,0x4A,0x10,0x86,0x10,0x02,0x70,0x00,0x08,0x7E,0x08,0x10,0x08,0x10,0x48,0x1E,0x48,0x22,
0x48,0x22,0x48,0x52,0x48,0x8C,0x48,0x04,0x48,0x08,0x08,0x10,0x08,0x20,0x08,0x40,0x38,0x10,0x08,0x08,
0x08,0x08,0x08,0xFF,0x48,0x02,0x48,0x02,0x48,0x42,0x48,0x24,0x48,0x14,0x48,0x08,0x48,0x14,0x08,0x22,
0x08,0x41,0x08,0x80,0x38,0x00,0x08,0x7F,0x08,0x41,0x08,0x41,0x48,0x49,0x48,0x49,0x48,0x49,0x48,0x49,
0x48,0x49,0x48,0x49,0x48,0x14,0x08,0x22,0x08,0x41,0x08,0x81,0x38,0x00,0x10,0xFE,0x10,0x82,0x10,0x8A,
0x90,0xCA,0x90,0xAA,0x90,0x92,0x90,0x92,0x90,0xAA,0x90,0xAA,0x90,0xC2,0x10,0x82,0x10,0x82,0x10,0x8E,
0x70,0x10,0x10,0x10,0x10,0x28,0x10,0x24,0x90,0x42,0x90,0x80,0x90,0x7C,0x90,0x44,0x90,0x44,0x90,0x44,
0x90,0x58,0x10,0x42,0x10,0x42,0x10,0x3E,0x70,0x40,0x00,0x20,0x00,0x03,0xF8,0xF8,0x88,0x10,0x88,0x20,
0x88,0x28,0x88,0x70,0x88,0xA8,0x88,0x29,0x08,0x21,0x08,0x22,0x08,0x24,0x08,0x28,0x30,0x00,0x08,0x3B,
0x88,0x2A,0x88,0x2A,0xA8,0x2A,0xA8,0x2A,0xA8,0x7F,0xE8,0x2A,0xA8,0x2A,0xA8,0x2A,0xA8,0x2A,0x88,0x2A,
0x88,0x5A,0x88,0x85,0xB8,0x08,0x08,0x49,0x08,0x2A,0x08,0x08,0x48,0x7F,0x48,0x08,0x48,0x08,0x48,0x08,
0x48,0xFF,0x48,0x10,0x48,0x10,0x08,0x20,0x08,0x40,0x08,0x80,0x38,0x20,0x08,0x20,0x08,0x3E,0x08,0x42,
0x48,0x82,0x48,0x7A,0x48,0x4A,0x48,0x4A,0x48,0x7A,0x48,0x42,0x48,0x4C,0x08,0x41,0x08,0x41,0x08,0x3F,
0x38,0x0E,0x08,0x78,0x08,0x08,0x08,0x08,0x48,0x08,0x48,0xFF,0x48,0x18,0x48,0x1C,0x48,0x2A,0x48,0x29,
0x48,0x48,0x08,0x88,0x08,0x08,0x08,0x08,0x38,0x00,0x08,0x7E,0x08,0x42,0x08,0x42,0x48,0x7E,0x48,0x10,
0x48,0x10,0x48,0xFF,0x48,0x11,0x48,0x11,0x48,0x21,0x08,0x21,0x08,0x41,0x08,0x86,0x38,0x00,0x10,0x0C,
0x10,0x70,0x10,0x10,0x90,0x10,0x90,0xFE,0x90,0x10,0x90,0x10,0x90,0x7C,0x90,0x44,0x90,0x44,0x10,0x44,
0x10,0x7C,0x10,0x44,0x70,0x00,0x10,0xFE,0x10,0x10,0x10,0x24,0x90,0x42,0x90,0xFE,0x90,0x12,0x90,0x10,
0x90,0xFE,0x90,0x10,0x90,0x10,0x10,0x1E,0x10,0xF0,0x10,0x00,0x70,0x08,0x10,0x48,0x10,0x7F,0x50,0x88,
0x50,0x08,0x50,0xFF,0x50,0x08,0x50,0x08,0x50,0x7F,0x50,0x49,0x50,0x49,0x10,0x49,0x10,0x4B,0x10,0x08,
0x70,0x00,0x08,0x7F,0x88,0x40,0x88,0x40,0xA8,0x7F,0xA8,0x44,0x28,0x44,0x28,0x5F,0xA8,0x54,0xA8,0x54,
0xA8,0x54,0x88,0x55,0x88,0x84,0x08,0x04,0x38,0x02,0x00,0x22,0x20,0x12,0x40,0x7F,0xF0,0x04,0x00,0xFF,
0xF8,0x10,0x40,0x20,0x20,0xDF,0xD8,0x04,0x40,0x04,0x40,0x08,0x40,0x10,0x40,0x61,0x80,0x44,0x10,0x28,
0x10,0x10,0x10,0x28,0x90,0xC4,0x90,0x10,0x90,0x10,0x90,0xFC,0x90,0x10,0x90,0x54,0x90,0x92,0x10,0x12,
0x10,0x10,0x10,0x70,0x70,0x10,0x10,0x10,0x10,0xFE,0x10,0x10,0x90,0x10,0x90,0xFE,0x90,0x92,0x90,0x92,
0x90,0x96,0x90,0x38,0x90,0x54,0x10,0x92,0x10,0x10,0x10,0x10,0x70,0x10,0x10,0x08,0x10,0xFF,0x50,0x08,
0x50,0x10,0x50,0x22,0x50,0x7C,0x50,0x09,0x50,0x12,0x50,0x24,0x50,0xC8,0x10,0x14,0x10,0x22,0x10,0xC0,
0x70,0x08,0x08,0x08,0x08,0x14,0x08,0x22,0x48,0x41,0x48,0xBE,0x48,0x00,0x48,0x00,0x48,0x7F,0x48,0x10,
0x48,0x14,0x08,0x22,0x08,0x7F,0x08,0x01,0x38,0x00,0x08,0x3E,0x08,0x22,0x08,0x22,0x48,0x22,0x48,0x49,
0xC8,0x88,0x48,0x7F,0x48,0x08,0x48,0x1C,0x48,0x2A,0x08,0x49,0x08,0x08,0x08,0x08,0x38,0x10,0x08,0x08,
0x08,0x7F,0x08,0x02,0x48,0x34,0x48,0x0C,0x48,0x33,0x48,0xC0,0xC8,0x22,0x48,0x22,0x48,0x22,0x08,0x22,
0x08,0x22,0x08,0x42,0x38,0x44,0x10,0x28,0x10,0xFE,0x50,0x12,0x50,0x12,0x50,0xFE,0x50,0x90,0x50,0x90,
0x50,0xFF,0x50,0x31,0x50,0x51,0x10,0x91,0x10,0x16,0x10,0x10,0x70,0x10,0x10,0x92,0x10,0x54,0x10,0x10,
0x90,0xFE,0x90,0x82,0x90,0x82,0x90,0xFE,0x90,0x82,0x90,0x82,0x90,0xFE,0x10,0x82,0x10,0x82,0x10,0x8E,
0x70,0x20,0x20,0x10,0x40,0xFF,0xF8,0x00,0x00,0x7E,0x10,0x42,0x90,0x42,0x90,0x7E,0x90,0x42,0x90,0x42,
0x90,0x7E,0x90,0x42,0x10,0x42,0x10,0x4E,0x70,0x00,0x08,0x7F,0x08,0x41,0x08,0x41,0x28,0x7F,0x28,0x08,
0x28,0x08,0x28,0xFF,0xA8,0x88,0xA8,0x94,0xA8,0x92,0x88,0xA2,0x88,0x80,0x88,0x83,0xB8,0x10,0x10,0x10,
0x10,0x28,0x10,0x24,0x90,0x42,0x90,0xBC,0x90,0x00,0x90,0x24,0x90,0x94,0x90,0x44,0x90,0x48,0x10,0x0E,
0x10,0xF0,0x10,0x00,0x70,0x00,0x10,0x7C,0x10,0x44,0x10,0x7C,0x90,0x44,0x90,0x7C,0x90,0x20,0x90,0x7E,
0x90,0xAA,0x90,0x4A,0x90,0x92,0x10,0x22,0x10,0x42,0x10,0x8C,0x70,0x20,0x08,0x10,0x08,0x7E,0x08,0x00,
0x48,0x42,0x48,0x24,0x48,0xFF,0x48,0x00,0x48,0x00,0x48,0x7E,0x48,0x42,0x08,0x42,0x08,0x7E,0x08,0x42,
0x38,0x00,0x10,0x7C,0x10,0x04,0x10,0x7C,0x90,0x04,0x90,0xFE,0x90,0x10,0x90,0x92,0x90,0x54,0x90,0x38,
0x90,0x54,0x10,0x92,0x10,0x10,0x10,0x70,0x70,0x00,0x08,0x3F,0x88,0x20,0x88,0x3F,0xA8,0x22,0x28,0x22,
0x28,0x3F,0xA8,0x22,0x28,0x22,0x28,0x3F,0xA8,0x50,0x88,0x50,0x88,0x9F,0x88,0x10,0xB8,0x07,0x08,0x78,
0x08,0x08,0x08,0xFF,0xA8,0x2A,0x28,0xEA,0xA8,0x2B,0x28,0x6A,0xA8,0xA9,0xA8,0x1C,0x28,0x2A,0x08,0x49,
0x08,0x88,0x88,0x08,0x38,0x10,0x40,0xFF,0xF8,0x00,0x00,0x7C,0x10,0x44,0x90,0x7C,0x90,0x44,0x90,0x7C,
0x10,0x4C,0x70,0x00,0x00,0xFF,0xF0,0x10,0x10,0x20,0x10,0xC0,0x60,0x00,0x10,0xFE,0x10,0x00,0x10,0x7C,
0x90,0x44,0x90,0x44,0x90,0x7C,0x90,0x00,0x90,0xFE,0x90,0x92,0x90,0xFE,0x10,0x92,0x10,0xFE,0x10,0x82,
0x70,0x10,0x08,0x08,0x08,0xFF,0x88,0x88,0xA8,0x7F,0x28,0x08,0x28,0x7F,0x28,0x08,0x28,0xFF,0xA8,0x08,
0x28,0x7F,0x08,0x41,0x08,0x7F,0x08,0x41,0x38,0x49,0x10,0x92,0x10,0x49,0x50,0x7F,0x50,0x49,0x50,0x7F,
0x50,0x49,0x50,0x7F,0x50,0x08,0x50,0xFF,0x50,0x2A,0x10,0x49,0x10,0x89,0x10,0x08,0x70,0x7C,0x40,0x45,
0xF8,0x45,0x10,0x7C,0xA0,0x41,0xF8,0x7C,0x40,0xC5,0xF0,0x44,0x40,0x7C,0x40,0x00,0x00,0xFF,0xF0,0x10,
0x10,0x20,0x10,0xC0,0x60,0x04,0x00,0x04,0x00,0x04,0x00,0x04,0x00,0xFF,0xF0,0x04,0x10,0x08,0x10,0x08,
0x10,0x08,0x10,0x10,0x10,0x10,0x10,0x20,0x10,0x40,0x20,0x80,0xC0,0x00,0x80,0x00,0x80,0x7C,0x80,0x05,
0xF8,0x04,0x88,0x48,0x88,0x28,0x88,0x10,0x88,0x18,0x88,0x28,0x88,0x25,0x08,0x45,0x08,0x82,0x08,0x04,
0x30,0x08,0x00,0x08,0x00,0x08,0x00,0xFF,0xC0,0x08,0x40,0x08,0x40,0x48,0x50,0x48,0x48,0x48,0x48,0x90,
0x48,0x10,0x40,0x20,0x40,0x40,0x80,0x83,0x00,0x01,0x00,0x01,0x00,0xF9,0x00,0x23,0xF0,0x21,0x10,0x21,
0x10,0x21,0x10,0x21,0x10,0x21,0x10,0x39,0x10,0xC2,0x10,0x02,0x10,0x04,0x10,0x08,0x60,0x10,0x00,0x10,
0x00,0x10,0x00,0xFE,0xF8,0x12,0x88,0x12,0x88,0x12,0x88,0x12,0x88,0x22,0x88,0x22,0x88,0x22,0x88,0x42,
0xF8,0x42,0x88,0x8C,0x00,0x08,0x00,0x1F,0xE0,0x30,0x40,0x48,0x80,0x07,0x00,0x18,0xC0,0xE0,0x38,0x04,
0x00,0x7F,0xE0,0x04,0x20,0x08,0x20,0x10,0x20,0x20,0x20,0x40,0xC0,0x02,0x00,0x12,0x40,0x22,0x20,0x42,
0x50,0x82,0x88,0x03,0x00,0x1C,0x00,0xE0,0x00,0x04,0x00,0x7F,0xE0,0x04,0x20,0x08,0x20,0x10,0x20,0x60,
0xC0,0x00,0x80,0x78,0x80,0x00,0x80,0x03,0xF8,0x00,0x88,0xFC,0x88,0x20,0x88,0x20,0x88,0x48,0x88,0x44,
0x88,0xFD,0x08,0x05,0x08,0x02,0x08,0x04,0x30,0x00,0x80,0x7C,0x80,0x44,0x80,0x45,0xF8,0x7C,0x88,0x44,
0x88,0x44,0x88,0x7C,0x88,0x44,0x88,0x44,0x88,0x45,0x08,0x4F,0x08,0xF2,0x08,0x04,0x30,0x20,0x00,0xFD,
0xF0,0x25,0x10,0x45,0x10,0x28,0xA0,0x10,0x40,0x28,0xA0,0xC3,0x18,0x04,0x00,0x7F,0xE0,0x04,0x20,0x08,
0x20,0x10,0x20,0x60,0xC0,0x10,0x80,0x10,0x80,0x10,0x80,0x7D,0xF8,0x10,0x88,0x10,0x88,0x10,0x88,0xFE,
0x88,0x20,0x88,0x28,0x88,0x45,0x08,0xFD,0x08,0x06,0x08,0x04,0x30,0x00,0x40,0x7F,0x40,0x40,0x40,0x40,
0xF8,0x5F,0x48,0x48,0x48,0x48,0x48,0x4F,0x48,0x49,0x48,0x49,0x48,0x49,0x48,0x51,0x88,0x96,0x88,0x21,
0x30,0x00,0x80,0xFC,0x80,0x08,0x80,0x11,0xF8,0x28,0x88,0x44,0x88,0x82,0x88,0x00,0x88,0xFC,0x88,0x10,
0x88,0x11,0x08,0x1D,0x08,0xF2,0x08,0x04,0x30,0x10,0x40,0x10,0x40,0xFF,0xF8,0x10,0x40,0x00,0x00,0xFF,
0xF8,0x84,0x08,0x04,0x00,0x7F,0xE0,0x08,0x20,0x08,0x20,0x10,0x20,0x20,0x20,0x40,0xC0,0x11,0x00,0x11,
0x00,0xFB,0xE0,0x11,0x20,0x1B,0x20,0xF1,0xA0,0x11,0x28,0x72,0x18,0x04,0x08,0x7F,0xE0,0x04,0x20,0x08,
0x20,0x10,0x20,0x60,0xC0,0x10,0x40,0x10,0x40,0xFE,0x40,0x10,0xF8,0xFE,0x48,0x82,0x48,0x7C,0x48,0x08,
0x48,0x10,0x48,0x1E,0x48,0xF0,0x48,0x10,0x88,0x10,0x88,0x71,0x30,0xFF,0x80,0x19,0x00,0x06,0x00,0xFF,
0xE0,0x84,0x20,0xFF,0xE0,0x84,0x20,0xFF,0xE0,0x84,0x20,0x08,0x00,0xFF,0xE0,0x10,0x20,0x20,0x20,0xC0,
0xC0,0x10,0x40,0x10,0x40,0x3E,0x40,0x24,0xF8,0x48,0x48,0xFF,0x48,0x49,0x48,0x49,0x48,0x7F,0x48,0x14,
0x88,0x24,0x88,0x25,0x30,0x44,0x08,0x83,0xF8,0x7C,0x40,0x44,0x40,0x44,0x40,0x7C,0xF8,0x00,0x48,0xFE,
0x48,0x82,0x48,0x92,0x48,0x92,0x48,0x92,0x48,0x92,0x48,0x28,0x88,0x44,0x88,0x83,0x30,0x28,0x80,0x28,
0x80,0xFE,0x80,0x29,0xF8,0x38,0x88,0x10,0x88,0x7C,0x88,0x54,0x88,0x7C,0x88,0x10,0x88,0xFD,0x08,0x11,
0x08,0x12,0x08,0x14,0x30,0x24,0x40,0x24,0x40,0x7E,0x40,0x24,0xF8,0x3C,0x48,0x24,0x48,0x3C,0x48,0x24,
0x48,0xFE,0x48,0x54,0x48,0x62,0x48,0x40,0x88,0x7C,0x88,0x01,0x30,0x10,0x40,0xFF,0xF8,0x10,0x40,0x3F,
0xE0,0x20,0x20,0x3F,0xE0,0x20,0x20,0x3F,0xE0,0x08,0x00,0xFF,0xF8,0x24,0x20,0xDF,0xD8,0x08,0x40,0x31,
0x80,0x44,0x40,0xFE,0x40,0x44,0x40,0x7C,0xF8,0x10,0x48,0xFE,0x48,0x92,0x48,0xFE,0x48,0x10,0x48,0xFE,
0x48,0x10,0x48,0xFE,0x88,0x10,0x88,0xFF,0x30,0x10,0x00,0x10,0x00,0x3F,0xF8,0x40,0x08,0x80,0x08,0x00,
0x08,0x10,0x08,0x08,0x08,0x04,0x08,0x04,0x08,0x00,0x08,0x00,0x08,0x00,0x10,0x00,0x60,0x10,0x00,0x10,
0x00,0x3F,0xF8,0x40,0x08,0x88,0x08,0x08,0x08,0x10,0x08,0x11,0x08,0x20,0x88,0x7F,0xC8,0x00,0x48,0x00,
0x08,0x00,0x10,0x00,0x60,0x10,0x00,0x10,0x00,0x1F,0xF0,0x24,0x90,0x44,0x90,0x84,0x90,0x08,0x90,0x08,
0x90,0x11,0x10,0x21,0x10,0x42,0x10,0x04,0x10,0x08,0x20,0x10,0xC0,0x10,0x00,0x10,0x00,0x1F,0xF8,0x20,
0x08,0x48,0x08,0x84,0x08,0x02,0x08,0x00,0x08,0x00,0x88,0x03,0x08,0x0C,0x08,0x30,0x08,0x00,0x10,0x00,
0x60,0x10,0x00,0x10,0x00,0x1F,0xF0,0x20,0x10,0x40,0x10,0xBF,0x90,0x20,0x90,0x20,0x90,0x20,0x90,0x3F,
0x90,0x20,0x60,0x20,0x08,0x20,0x08,0x1F,0xF8,0x10,0x00,0x10,0x00,0x1F,0xF0,0x24,0x90,0x44,0x90,0x94,
0x90,0x08,0x90,0x0C,0x90,0x13,0x10,0x21,0x10,0x42,0x90,0x04,0x10,0x08,0x20,0x10,0xC0,0x10,0x00,0x10,
0x00,0x3F,0xF8,0x40,0x08,0x91,0x08,0x0A,0x08,0x44,0x48,0x4A,0x48,0x51,0x48,0x40,0x48,0x40,0x48,0x7F,
0xC8,0x00,0x10,0x00,0x60,0x80,0x00,0x80,0x00,0x80,0x80,0x81,0x00,0x86,0x00,0x98,0x00,0xE0,0x00,0x80,
0x00,0x80,0x00,0x80,0x00,0x80,0x40,0x80,0x40,0x80,0x40,0x7F,0xC0,0x11,0x00,0x11,0x00,0x11,0x10,0x21,
0x20,0x21,0x40,0x61,0x80,0xA1,0x00,0x23,0x00,0x25,0x00,0x29,0x00,0x21,0x00,0x21,0x08,0x21,0x08,0x20,
0xF8,0x08,0x80,0x08,0x80,0x08,0x80,0x08,0x88,0xF8,0x90,0x08,0xA0,0x08,0xC0,0x08,0x80,0x08,0x80,0x18,
0x80,0x28,0x80,0xC8,0x88,0x08,0x88,0x08,0x78,0x00,0x80,0x7C,0x80,0x44,0x80,0x7C,0x90,0x44,0xA0,0x7C,
0xC0,0x00,0x80,0xFC,0x80,0x10,0x88,0x50,0x88,0x5C,0x78,0x50,0x00,0xB0,0x00,0x8F,0xF8,0xFF,0xF0,0x82,
0x00,0x82,0x00,0xBF,0xE0,0xA2,0x20,0xA2,0x20,0xA2,0x20,0xA2,0x20,0xA2,0x20,0xA2,0x20,0xA2,0xE0,0x82,
0x00,0x82,0x00,0xFF,0xF0,0xFF,0xF0,0x80,0x00,0x80,0xE0,0x9F,0x00,0x90,0x00,0x90,0x00,0x9F,0xF0,0x90,
0x80,0x90,0x80,0xA0,0x80,0xC0,0x80,0x80,0x80,0xFF,0xF0,0xFF,0xF0,0x80,0x00,0x80,0x00,0xBF,0xE0,0x82,
0x00,0x82,0x00,0x9F,0xC0,0x82,0x00,0x82,0x00,0xBF,0xE0,0x80,0x00,0x80,0x00,0xFF,0xF0,0xFF,0xF0,0x80,
0x00,0xBF,0xE0,0xA2,0x20,0xA2,0x20,0xBF,0xE0,0xA2,0x20,0xA2,0x20,0xBF,0xE0,0x82,0x00,0x82,0x00,0x82,
0x00,0x82,0x00,0xFF,0xF0,0xFF,0xF0,0x89,0x00,0x89,0x00,0xF9,0xE0,0x89,0x00,0x89,0x00,0xB9,0xC0,0x89,
0x00,0x89,0x00,0xF9,0xE0,0x89,0x00,0x89,0x00,0xFF,0xF0,0xFF,0xF0,0x89,0x00,0x89,0x00,0x89,0x00,0x89,
0x00,0x89,0x00,0x89,0x00,0x89,0x20,0x89,0x20,0x90,0xE0,0xA0,0x00,0x80,0x00,0xFF,0xF0,0xFF,0xF0,0x80,
0x00,0x80,0x40,0xA0,0x40,0x90,0x80,0x88,0x80,0x85,0x00,0x82,0x00,0x85,0x00,0x88,0x80,0x90,0x40,0xA0,
0x40,0x80,0x00,0xFF,0xF0,0xFF,0xF0,0x88,0x00,0x88,0x00,0x9F,0xC0,0xA2,0x00,0x82,0x00,0xBF,0xE0,0x82,
0x00,0x85,0x00,0x88,0x80,0x90,0x40,0xA0,0x00,0xFF,0xF0,0xFF,0xF0,0x82,0x00,0x9F,0xE0,0x90,0x20,0x9F,
0xE0,0x90,0x00,0x9F,0xF0,0x9A,0x90,0xAF,0xF0,0xAA,0x90,0xC8,0x30,0x80,0x00,0xFF,0xF0,0xFF,0xF0,0x80,
0x00,0x88,0x80,0xBF,0xE0,0x88,0x80,0x82,0x00,0xBF,0xE0,0x88,0x00,0x9F,0xC0,0xA8,0x40,0x8F,0xC0,0x80,
0x00,0xFF,0xF0,0x02,0x00,0x02,0x00,0x02,0x00,0x02,0x00,0x02,0x00,0xFF,0xF8,0x02,0x00,0x02,0x00,0x02,
0x00,0x02,0x00,0x02,0x00,0x02,0x00,0x02,0x00,0x02,0x00,0x01,0xE0,0x7E,0x00,0x02,0x00,0x02,0x00,0x02,
0x00,0x02,0x00,0xFF,0xF8,0x02,0x00,0x02,0x00,0x02,0x00,0x02,0x00,0x02,0x00,0x02,0x00,0x02,0x00,0x0E,
0x40,0x70,0x40,0x10,0x40,0x10,0x40,0x10,0x40,0x10,0x40,0xFF,0xF8,0x10,0x40,0x10,0x40,0x10,0x40,0x20,
0x40,0x20,0x40,0x40,0x40,0x80,0x40,0x10,0x00,0x10,0x00,0x1F,0xE0,0x22,0x00,0x22,0x00,0x42,0x00,0x02,
0x00,0xFF,0xF8,0x02,0x00,0x02,0x00,0x02,0x00,0x02,0x00,0x02,0x00,0x02,0x00,0x02,0x00,0x02,0x00,0x7F,
0xF0,0x02,0x00,0x02,0x00,0x12,0x40,0x10,0x40,0x10,0x40,0xFF,0xF8,0x10,0x40,0x20,0x40,0x20,0x40,0x40,
0x40,0x80,0x40,0x02,0x00,0x42,0x10,0x22,0x10,0x22,0x20,0x02,0x00,0x7F,0xF0,0x02,0x00,0x02,0x00,0x02,
0x00,0xFF,0xF8,0x02,0x00,0x02,0x00,0x02,0x00,0x02,0x00,0x11,0x00,0x11,0x10,0x21,0x20,0x61,0xC0,0xA3,
0x00,0x2D,0x08,0x21,0x08,0x20,0xF8,0x22,0x00,0x02,0x00,0xFF,0xF8,0x02,0x00,0x02,0x00,0x02,0x00,0x21,
0x00,0x21,0x00,0x21,0x00,0xFB,0xE0,0x21,0x20,0x21,0x20,0x21,0x20,0x25,0x30,0x25,0x28,0x29,0x28,0x22,
0x20,0x22,0x20,0x24,0x20,0x28,0xC0,0x04,0x00,0x08,0x00,0x3F,0xE0,0x22,0x20,0x22,0x20,0x3F,0xE0,0x22,
0x20,0x24,0x20,0x3F,0xE0,0x09,0x00,0x11,0x00,0xFF,0xF8,0x01,0x00,0x01,0x00,0x04,0x00,0x02,0x00,0x7F,
0xF0,0x10,0x40,0x10,0x40,0x28,0xA0,0x45,0x10,0x00,0x00,0x02,0x00,0xFF,0xF8,0x02,0x00,0x02,0x00,0x02,
0x00,0x02,0x00,0x02,0x00,0x03,0xF8,0x02,0x00,0x3F,0xE0,0x20,0x20,0x20,0x20,0x3F,0xE0,0x20,0x20,0x20,
0x20,0x3F,0xE0,0x02,0x00,0xFF,0xF8,0x02,0x00,0x02,0x00,0x10,0x40,0x08,0x80,0x3F,0xE0,0x22,0x20,0x22,
0x20,0x3F,0xE0,0x22,0x20,0x22,0x20,0x3F,0xE0,0x02,0x00,0x02,0x00,0xFF,0xF8,0x02,0x00,0x02,0x00,0x02,
0x00,0x3F,0xE0,0x02,0x00,0x02,0x00,0xFF,0xF8,0x08,0x08,0x05,0x10,0x21,0x00,0x11,0x00,0xFF,0xF8,0x02,
0x80,0x04,0x40,0x18,0x20,0x60,0x10,0x02,0x00,0x02,0x00,0xFF,0xF8,0x02,0x00,0x7F,0xF0,0x48,0x90,0x45,
0x10,0x5F,0xD0,0x42,0x10,0x7F,0xF0,0x42,0x10,0x42,0x10,0x42,0x10,0x40,0x70,0x20,0xA0,0x27,0xF8,0x20,
0x80,0x27,0xF0,0xFC,0x90,0x27,0xF0,0x24,0x90,0x27,0xF0,0x24,0x90,0x20,0x20,0x2F,0xF8,0x22,0x20,0x21,
0x20,0x20,0x60,0x80,0x80,0x80,0x80,0x90,0x88,0x84,0x82,0x82,0x80,0x80,0x80,0x80,0x80,0x04,0x00,0x02,
0x00,0x00,0x00,0xFF,0xF8,0x04,0x00,0x04,0x00,0x04,0x00,0x04,0x80,0x04,0x40,0x04,0x20,0x04,0x20,0x04,
0x00,0x04,0x00,0x04,0x00,0x08,0x00,0x08,0x00,0x08,0x00,0x0F,0xF0,0x08,0x00,0x08,0x00,0x08,0x00,0xFF,
0xC0,0x80,0x40,0x80,0x40,0x80,0x40,0x80,0x40,0xFF,0xC0,0x80,0x40,0x04,0x00,0x04,0x00,0x07,0xE0,0x04,
0x00,0x04,0x00,0x04,0x00,0xFF,0xF8,0x04,0x00,0x05,0x00,0x04,0x80,0x04,0x40,0x04,0x20,0x04,0x00,0x04,
0x00,0x02,0x00,0x03,0xF8,0x02,0x00,0x02,0x00,0x7F,0xF0,0x40,0x10,0x40,0x10,0x40,0x10,0x7F,0xF0,0x40,
0x10,0x40,0x00,0x40,0x00,0x40,0x00,0x80,0x00,0x04,0x00,0x07,0xF8,0x04,0x00,0x04,0x00,0xFF,0xF0,0x80,
0x10,0x90,0x90,0x89,0x10,0x86,0x10,0x89,0x10,0x90,0x90,0x80,0x10,0xFF,0xF0,0x80,0x10,0x10,0x80,0x10,
0x80,0x7C,0x80,0x10,0x80,0x10,0xA0,0xFE,0x90,0x00,0x88,0x10,0x88,0x7C,0x80,0x10,0x80,0x10,0x80,0x1C,
0x80,0xE0,0x80,0x00,0x80,0x00,0x80,0xFE,0x80,0x90,0x80,0x90,0x80,0x90,0xC0,0xFC,0xA0,0x84,0x90,0x84,
0x90,0xFC,0x80,0x90,0x80,0x90,0x80,0x90,0x80,0xFE,0x80,0x00,0x80,0x7F,0xF0,0x04,0x10,0x04,0x10,0x04,
0x10,0x04,0x10,0x04,0x10,0x04,0x10,0x04,0x60,0x04,0x00,0x04,0x00,0x04,0x00,0x04,0x00,0xFF,0xF8,0x18,
0x00,0xE1,0xF0,0x89,0x10,0x89,0x10,0x89,0x10,0x89,0x10,0x89,0x10,0x99,0x10,0xE9,0x10,0x89,0x60,0x11,
0x00,0x11,0x00,0x21,0x00,0x41,0x00,0x18,0x00,0xE3,0xF0,0x82,0x10,0x82,0x10,0x82,0x10,0xFA,0x10,0x82,
0x10,0x82,0x10,0x82,0x10,0x9A,0x10,0xE2,0x70,0x82,0x00,0x02,0x00,0x02,0x00,0x10,0x00,0x1F,0xE0,0x20,
0x40,0x40,0x80,0xBF,0xF8,0x20,0x00,0x27,0xE0,0x24,0x20,0x24,0x20,0x24,0x20,0x24,0xC0,0x44,0x08,0x44,
0x08,0x83,0xF8,0xFD,0xF8,0x85,0x08,0x85,0x08,0xFD,0x08,0x85,0x08,0x85,0x08,0xFD,0x08,0xA1,0x08,0x91,
0x08,0xA9,0x38,0xC5,0x00,0x81,0x00,0x01,0x00,0x10,0x00,0x10,0x00,0x10,0xF8,0x7C,0x88,0x10,0x88,0x10,
0x88,0x10,0x88,0xFE,0x88,0x20,0x88,0x28,0x88,0x44,0xB8,0xFC,0x80,0x04,0x80,0x00,0x80,0x18,0x00,0xE1,
0xF0,0x89,0x10,0xC9,0x10,0xA9,0x90,0xA9,0x50,0x89,0x50,0x99,0x10,0xE9,0x10,0x89,0x60,0x11,0x00,0x11,
0x00,0x21,0x00,0x41,0x00,0x02,0x00,0x22,0x20,0x12,0x40,0x7F,0xF0,0x04,0x00,0xFF,0xF8,0x10,0x40,0x20,
0x20,0xDF,0xD8,0x10,0x40,0x10,0x40,0x11,0x90,0x10,0x10,0x0F,0xF0,0x20,0x00,0x20,0x00,0x3E,0xF8,0x48,
0x88,0x88,0x88,0x7E,0x88,0x08,0x88,0x48,0x88,0x4E,0x88,0x48,0x88,0x48,0xB8,0x4E,0x80,0xF0,0x80,0x00,
0x80,0x20,0x00,0xCF,0x38,0x89,0x28,0xA9,0x28,0xAF,0x28,0xA9,0x28,0xA9,0x28,0xAF,0x28,0xE8,0x28,0xAA,
0x28,0x29,0x38,0x4B,0x20,0x4D,0x20,0x88,0x20,0x3F,0xF8,0x20,0x00,0x20,0x00,0x20,0x00,0x20,0x00,0x20,
0x00,0x20,0x00,0x20,0x00,0x20,0x00,0x20,0x00,0x40,0x00,0x40,0x00,0x80,0x00,0x3F,0xF8,0x20,0x00,0x20,
0x00,0x27,0xE0,0x24,0x20,0x24,0x20,0x24,0x20,0x24,0x20,0x24,0xC0,0x24,0x00,0x44,0x08,0x44,0x08,0x83,
0xF8,0x3F,0xF8,0x20,0x00,0x20,0x00,0x20,0x00,0x2F,0xF8,0x20,0x80,0x20,0x80,0x20,0x80,0x20,0x80,0x20,
0x80,0x40,0x80,0x40,0x80,0x83,0x80,0x3F,0xF8,0x21,0x00,0x21,0x00,0x21,0x00,0x2F,0xF8,0x21,0x08,0x21,
0x08,0x21,0x08,0x22,0x08,0x22,0x08,0x44,0x08,0x48,0x10,0x90,0x60,0x3F,0xF8,0x20,0x00,0x20,0x00,0x2F,
0xF8,0x22,0x00,0x22,0x00,0x23,0xF0,0x22,0x10,0x22,0x10,0x24,0x10,0x44,0x10,0x48,0x10,0x90,0x60,0x3F,
0xF8,0x20,0x00,0x21,0x00,0x21,0x00,0x21,0x00,0x2F,0xF0,0x21,0x00,0x21,0x00,0x21,0x20,0x21,0x10,0x41,
0x10,0x41,0x00,0x9F,0xF8,0x3F,0xF8,0x20,0x00,0x21,0x20,0x21,0x10,0x21,0x00,0x3F,0xF8,0x21,0x00,0x22,
0x80,0x22,0x80,0x24,0x40,0x48,0x20,0x50,0x10,0xA0,0x08,0x7F,0xF8,0x40,0x00,0x5F,0x10,0x51,0x50,0x55,
0x50,0x55,0x50,0x55,0x50,0x55,0x50,0x55,0x50,0x55,0x50,0x4A,0x10,0x49,0x10,0x91,0x70,0x7F,0xF8,0x40,
0x00,0x5F,0xF0,0x51,0x10,0x51,0x10,0x5F,0xF0,0x51,0x10,0x51,0x10,0x5F,0xF0,0x41,0x00,0x5F,0xF0,0x41,
0x00,0x41,0x00,0xBF,0xF8,0x7F,0xF8,0x40,0x00,0x4F,0xF0,0x48,0x10,0x4F,0xF0,0x48,0x10,0x4F,0xF0,0x40,
0x00,0x4F,0xE0,0x40,0x40,0x5F,0xF8,0x40,0x80,0x40,0x80,0x83,0x80,0x3F,0xF8,0x20,0x80,0x21,0x00,0x27,
0xF0,0x24,0x10,0x27,0xF0,0x24,0x10,0x27,0xF0,0x20,0x80,0x24,0x90,0x24,0x88,0x48,0x88,0x40,0x80,0x83,
0x80,0x7F,0xF8,0x48,0x00,0x49,0xF0,0x7D,0x10,0x49,0x10,0x49,0xF0,0x5D,0x10,0x5B,0x10,0x69,0xF0,0x49,
0x10,0x49,0x10,0x49,0xF0,0x89,0x10,0x3F,0xF8,0x20,0x00,0x2F,0xF8,0x21,0x00,0x2F,0xF0,0x28,0x10,0x2F,
0xF0,0x28,0x10,0x2F,0xF0,0x22,0x00,0x27,0xF0,0x4A,0x20,0x41,0xC0,0x9E,0x38,0x7F,0xF8,0x40,0x10,0x7F,
0x10,0x40,0x10,0x5E,0xF8,0x52,0x10,0x52,0x90,0x5E,0x50,0x40,0x50,0x52,0x10,0x4B,0x10,0x7C,0x10,0x80,
0x70,0x7F,0xF8,0x40,0x00,0x5E,0xF8,0x52,0x20,0x52,0xA0,0x5E,0xA0,0x52,0xF8,0x52,0x20,0x5E,0x20,0x54,
0x40,0x56,0x60,0x59,0xA8,0x91,0x18,0x02,0x00,0x02,0x00,0x02,0x00,0x7F,0xF0,0x02,0x00,0x02,0x00,0x02,
0x00,0xFF,0xF8,0x04,0x00,0x08,0x00,0x10,0x40,0x20,0x20,0x7F,0xF0,0x00,0x10,0x3F,0xE0,0x20,0x20,0x20,
0x20,0x3F,0xE0,0x20,0x20,0x20,0x20,0x3F,0xE0,0x20,0x20,0x20,0x20,0xFF,0xF8,0x10,0x00,0x20,0x20,0x7F,
0xF0,0x00,0x10,0x04,0x00,0x08,0x80,0x10,0x40,0x3F,0xE0,0x02,0x20,0x02,0x00,0xFF,0xF8,0x08,0x80,0x10,
0x40,0x2F,0xA0,0xC0,0x18,0x1F,0xC0,0x00,0x00,0x7F,0xF0,0x08,0x00,0x10,0x40,0x3F,0xE0,0x04,0x20,0xFF,
0xF8,0x10,0x40,0x21,0x20,0xC6,0x18,0x38,0x80,0x01,0x00,0x0E,0x20,0x70,0xC0,0x07,0x00,0xF8,0x00,0x7F,
0xE0,0x10,0x20,0x10,0x20,0x10,0x20,0x08,0x40,0x08,0x40,0x04,0x80,0x05,0x00,0x02,0x00,0x05,0x00,0x08,
0x80,0x30,0x60,0xC0,0x18,0x7F,0xE0,0x10,0x20,0x12,0x20,0x11,0x20,0x09,0x40,0x08,0x40,0x04,0x80,0x05,
0x00,0x02,0x00,0x05,0x00,0x08,0x80,0x30,0x60,0xC0,0x18,0x7F,0xC0,0x10,0x40,0x10,0x80,0x10,0x80,0x11,
0xE0,0x10,0x20,0x14,0x40,0x14,0x40,0x22,0x80,0x21,0x00,0x42,0x80,0x8C,0x60,0x30,0x18,0x02,0x00,0x02,
0x00,0x02,0x00,0x7F,0xF8,0x04,0x00,0x04,0x00,0x08,0x00,0x0F,0xE0,0x14,0x20,0x24,0x40,0x42,0x80,0x81,
0x00,0x06,0xC0,0x38,0x38,0xFD,0xF0,0x05,0x10,0x05,0x10,0x45,0x10,0x29,0x10,0x28,0xA0,0x10,0xA0,0x10,
0x40,0x28,0x40,0x28,0xA0,0x49,0x20,0x42,0x10,0x84,0x08,0x00,0xF0,0x3F,0x00,0x20,0x00,0x20,0x00,0x3F,
0xE0,0x28,0x20,0x28,0x20,0x24,0x40,0x24,0x40,0x22,0x80,0x41,0x00,0x42,0x80,0x8C,0x60,0x30,0x18,0x02,
0x00,0x22,0x20,0x22,0x10,0x44,0x00,0x7F,0xF8,0x04,0x00,0x08,0x00,0x0F,0xE0,0x14,0x20,0x24,0x40,0x42,
0x80,0x81,0x00,0x06,0xC0,0x38,0x38,0x10,0x00,0x10,0x00,0x1D,0xF0,0x10,0x90,0x10,0x90,0xFE,0x90,0x00,
0x90,0x10,0xA0,0x54,0xA0,0x52,0x40,0x92,0x40,0x10,0xA0,0x11,0x10,0x72,0x08,0xFC,0x00,0x4B,0xF0,0x49,
0x10,0x79,0x10,0x49,0x10,0x49,0x10,0x78,0xA0,0x48,0xA0,0x4E,0x40,0xF8,0x40,0x08,0xA0,0x09,0x10,0x0A,
0x08,0x00,0xF0,0x7F,0x00,0x24,0x20,0x12,0x40,0xFF,0xF8,0x80,0x08,0x80,0x08,0x3F,0xC0,0x10,0x40,0x08,
0x80,0x05,0x00,0x02,0x00,0x0D,0x80,0xF0,0x78,0x04,0x00,0x02,0x00,0xFF,0xF8,0x08,0x80,0x28,0xA0,0x28,
0x90,0x48,0x88,0x80,0x08,0x3F,0xE0,0x10,0x40,0x08,0x80,0x07,0x00,0x18,0xC0,0xE0,0x38,0x10,0x00,0x13,
0xF0,0x29,0x10,0x45,0x10,0xB9,0x10,0x11,0x10,0x10,0x90,0xFE,0xA0,0x10,0xA0,0x54,0x40,0x52,0x40,0x92,
0xA0,0x11,0x10,0x72,0x08,0x10,0x00,0x10,0x18,0x55,0xE0,0x39,0x00,0x11,0x00,0x7D,0xF0,0x11,0x50,0x11,
0x50,0xFD,0x50,0x11,0x50,0x11,0x20,0x21,0x20,0x42,0x50,0x84,0x88,0x1F,0xC0,0x08,0x80,0x07,0x00,0x38,
0xC0,0x00,0x00,0x7D,0xF0,0x24,0x90,0x18,0x60,0x65,0x90,0xFF,0xF8,0x9A,0x48,0x15,0x40,0x12,0xC0,0xFF,
0xF8,0xFF,0xE0,0x80,0x20,0x80,0x20,0x80,0x20,0x80,0x20,0x80,0x20,0x80,0x20,0x80,0x20,0x80,0x20,0xFF,
0xE0,0x80,0x20,0x02,0x00,0x02,0x00,0x02,0x00,0xFF,0xF8,0x02,0x00,0x02,0x00,0x02,0x00,0x3F,0xE0,0x20,
0x20,0x20,0x20,0x20,0x20,0x20,0x20,0x3F,0xE0,0x20,0x20,0x10,0x00,0x10,0x00,0x3F,0xF8,0x40,0x08,0x80,
0x08,0x3F,0x88,0x20,0x88,0x20,0x88,0x20,0x88,0x20,0x88,0x3F,0x88,0x20,0x08,0x00,0x10,0x00,0x60,0x3F,
0xF0,0x20,0x10,0x20,0x10,0x20,0x10,0x3F,0xF0,0x04,0x00,0x04,0x00,0x7F,0xF8,0x04,0x08,0x08,0x08,0x08,
0x08,0x10,0x08,0x20,0x08,0xC0,0x30,0xF7,0xF0,0x91,0x10,0x91,0x10,0x91,0x10,0x91,0x10,0x91,0x10,0x91,
0x10,0xF2,0x10,0x92,0x10,0x04,0x10,0x08,0x10,0x10,0x60,0x03,0xF0,0xF2,0x10,0x92,0x10,0x92,0x10,0x92,
0x10,0x92,0x10,0x92,0x10,0x92,0x10,0xF2,0x10,0x92,0x70,0x02,0x00,0x02,0x00,0x02,0x00,0x7F,0xE0,0x40,
0x20,0x40,0x20,0x40,0x20,0x40,0x20,0x40,0x20,0x7F,0xE0,0x00,0x00,0x10,0x80,0x10,0x40,0x20,0x20,0x40,
0x10,0x80,0x10,0x00,0x10,0x00,0x10,0xF2,0x10,0x92,0x10,0x92,0x10,0x92,0x10,0x92,0x30,0x92,0xD0,0x93,
0x10,0xF2,0x10,0x90,0x10,0x00,0x10,0x00,0x10,0x00,0x10,0x7F,0xF0,0x08,0x10,0x08,0x10,0x10,0x10,0x20,
0x10,0x40,0x60,0x80,0x00,0x3F,0xF0,0x20,0x10,0x20,0x10,0x20,0x10,0x20,0x10,0x3F,0xF0,0x20,0x10,0x00,
0x40,0x02,0x40,0xF2,0x40,0x92,0x40,0x92,0x40,0x92,0x40,0x92,0x40,0x92,0x40,0x92,0x20,0xF2,0x20,0x94,
0x20,0x04,0x10,0x08,0x10,0x10,0x08,0x07,0xF8,0xF0,0x40,0x90,0x40,0x90,0x40,0x90,0x40,0x90,0x40,0x90,
0x40,0x90,0x40,0x90,0x40,0xF0,0x40,0x90,0x40,0x00,0x40,0x01,0xC0,0xFF,0xF8,0x00,0x20,0x00,0x20,0x3F,
0x20,0x21,0x20,0x21,0x20,0x21,0x20,0x21,0x20,0x3F,0x20,0x20,0x20,0x00,0x20,0x00,0x20,0x00,0xE0,0x08,
0x00,0x08,0x00,0x10,0x80,0x20,0x40,0x40,0x20,0xFF,0xF0,0x00,0x10,0x00,0x00,0x7F,0xE0,0x40,0x20,0x40,
0x20,0x40,0x20,0x7F,0xE0,0x40,0x20,0x02,0x00,0x02,0x00,0x7F,0xF0,0x42,0x10,0x42,0x10,0x42,0x10,0x42,
0x10,0x7F,0xF0,0x02,0x00,0x22,0x00,0x14,0x00,0x0C,0x00,0x33,0x80,0xC0,0x78,0x04,0x00,0x04,0x00,0x04,
0x00,0xFF,0xF8,0x08,0x00,0x08,0x00,0x10,0x00,0x3F,0xE0,0x50,0x20,0x90,0x20,0x10,0x20,0x10,0x20,0x1F,
0xE0,0x10,0x20,0x00,0x80,0x00,0x80,0xF0,0x80,0x90,0x80,0x90,0x80,0x9F,0xF8,0x90,0x80,0x90,0x80,0x90,
0x80,0xF0,0x80,0x90,0x80,0x00,0x80,0x00,0x80,0x00,0x80,0x3F,0xE0,0x20,0x20,0x20,0x20,0x3F,0xE0,0x00,
0x00,0x00,0x00,0xFF,0xF8,0x08,0x00,0x10,0x00,0x3F,0xE0,0x00,0x20,0x00,0x20,0x00,0x20,0x00,0xC0,0x7F,
0xF0,0x00,0x10,0x00,0x10,0xFF,0xD0,0x00,0x10,0x00,0x10,0x7F,0x90,0x40,0x90,0x40,0x90,0x40,0x90,0x7F,
0x90,0x40,0x10,0x00,0x10,0x00,0x70,0x07,0xF0,0xF2,0x10,0x92,0x10,0x92,0x10,0x92,0x10,0x92,0x20,0x91,
0x20,0x91,0x40,0xF0,0x80,0x91,0x40,0x02,0x20,0x04,0x10,0x08,0x08,0x07,0xF8,0xF0,0x08,0x90,0x08,0x90,
0x08,0x90,0x28,0x90,0x48,0x90,0x88,0x91,0x08,0xF2,0x08,0x94,0x08,0x00,0x08,0x00,0x08,0x00,0x30,0x03,
0xE0,0xF2,0x20,0x92,0x20,0x92,0x20,0x92,0x20,0x92,0x20,0x92,0x20,0x92,0x20,0xF2,0x20,0x92,0x20,0x04,
0x28,0x04,0x28,0x08,0x18,0x07,0xF0,0xF0,0x80,0x90,0x80,0x90,0x80,0x90,0x80,0x9F,0xF8,0x90,0x80,0x90,
0x80,0xF0,0x80,0x90,0x80,0x00,0x80,0x00,0x80,0x03,0x80,0x02,0x00,0x02,0x00,0xF3,0xF8,0x94,0x00,0x98,
0x00,0x90,0x00,0x93,0xF0,0x90,0x20,0x90,0x40,0xF0,0x80,0x91,0x00,0x02,0x08,0x02,0x08,0x01,0xF8,0x08,
0x00,0x1F,0xE0,0x30,0x40,0x48,0x80,0x07,0x00,0x18,0xC0,0xE0,0x38,0x00,0x00,0x3F,0xE0,0x20,0x20,0x20,
0x20,0x20,0x20,0x3F,0xE0,0x20,0x20,0x00,0x40,0x00,0x40,0xF0,0x80,0x90,0x88,0x91,0x08,0x92,0x10,0x97,
0xF0,0x90,0x20,0x90,0x40,0xF0,0x80,0x91,0x20,0x02,0x10,0x07,0xF8,0x00,0x08,0x02,0x00,0x05,0x00,0x08,
0x80,0x30,0x60,0xC0,0x18,0x1F,0xC0,0x00,0x00,0x00,0x00,0x3F,0xE0,0x20,0x20,0x20,0x20,0x20,0x20,0x3F,
0xE0,0x20,0x20,0x02,0x00,0x02,0x00,0xFF,0xF8,0x02,0x00,0x02,0x00,0x7F,0xF0,0x00,0x00,0x00,0x00,0x3F,
0xE0,0x20,0x20,0x20,0x20,0x20,0x20,0x3F,0xE0,0x20,0x20,0x7F,0xC0,0x40,0x40,0x40,0x40,0x7F,0xC0,0x04,
0x00,0x04,0x00,0xFF,0xE0,0x84,0x20,0x84,0x20,0x84,0x20,0x84,0x20,0x84,0x20,0x84,0xE0,0x04,0x00,0xFF,
0xF0,0x80,0x10,0x80,0x10,0xBF,0xD0,0x80,0x10,0x80,0x10,0x9F,0x90,0x90,0x90,0x90,0x90,0x90,0x90,0x9F,
0x90,0x80,0x10,0x80,0x10,0x80,0x70,0x04,0x00,0x04,0x00,0x0F,0xF0,0x10,0x20,0x68,0x40,0x04,0x80,0x03,
0x00,0x0C,0x00,0x3F,0xF0,0xD0,0x10,0x10,0x10,0x10,0x10,0x1F,0xF0,0x10,0x10,0x00,0x70,0x3F,0x80,0x20,
0x00,0x20,0x00,0x3F,0xF8,0x20,0x00,0x20,0x00,0x2F,0xF0,0x28,0x10,0x28,0x10,0x48,0x10,0x48,0x10,0x8F,
0xF0,0x08,0x10,0x02,0x00,0x02,0x00,0xFF,0xF8,0x02,0x00,0x02,0x00,0x7F,0xF0,0x42,0x10,0x42,0x10,0x7F,
0xF0,0x22,0x00,0x14,0x00,0x0C,0x00,0x33,0x80,0xC0,0x78,0x00,0x80,0x00,0x80,0xF0,0x80,0x90,0x80,0x90,
0x80,0x97,0xF0,0x90,0x80,0x90,0x80,0x90,0x80,0x90,0x80,0xF0,0x80,0x90,0x80,0x00,0x80,0x0F,0xF8,0x08,
0x00,0x10,0x00,0xFF,0xF0,0x80,0x10,0x80,0x10,0x9F,0x90,0x90,0x90,0x90,0x90,0x90,0x90,0x9F,0x90,0x80,
0x10,0x80,0x10,0x80,0x10,0x80,0x70,0x07,0xF8,0xF0,0x80,0x90,0x80,0x90,0x80,0x90,0xA0,0x90,0x90,0x90,
0x88,0x90,0x88,0xF0,0x80,0x90,0x80,0x00,0x80,0x00,0x80,0x00,0x80,0x7F,0xE0,0x40,0x20,0x40,0x20,0x40,
0x20,0x7F,0xE0,0x00,0x00,0x00,0x00,0xFF,0xF0,0x80,0x10,0x80,0x10,0x80,0x10,0x80,0x10,0xFF,0xF0,0x80,
0x10,0x07,0xE0,0xF0,0x20,0x92,0x20,0x92,0x20,0x92,0x20,0x93,0xF8,0x90,0x08,0x90,0x08,0xF7,0xE8,0x90,
0x08,0x00,0x08,0x00,0x08,0x00,0x30,0x7F,0xE0,0x08,0x20,0x08,0x20,0xFF,0xF8,0x08,0x20,0x08,0x20,0x7F,
0xE0,0x10,0x00,0x20,0x00,0x3F,0xE0,0x50,0x20,0x90,0x20,0x1F,0xE0,0x10,0x20,0x04,0x00,0x02,0x00,0xFF,
0xF8,0x10,0x40,0x08,0x80,0x07,0x00,0x18,0xC0,0xE0,0x38,0x3F,0xE0,0x20,0x20,0x20,0x20,0x20,0x20,0x3F,
0xE0,0x20,0x20,0x3F,0xE0,0x02,0x00,0x02,0x00,0xFF,0xF8,0x05,0x00,0x08,0x80,0x30,0x60,0xC0,0x18,0x3F,
0xE0,0x20,0x20,0x20,0x20,0x20,0x20,0x3F,0xE0,0x20,0x20,0x00,0x80,0x00,0x80,0xF1,0x40,0x91,0x40,0x92,
0x20,0x95,0x10,0x98,0x88,0x90,0x80,0x97,0xF0,0xF0,0x10,0x90,0x20,0x00,0x20,0x00,0x40,0x00,0x80,0x00,
0x80,0x00,0xA0,0xF0,0x90,0x90,0x80,0x97,0xF8,0x90,0x80,0x90,0x80,0x91,0x40,0x91,0x40,0x91,0x40,0xF2,
0x20,0x92,0x20,0x04,0x10,0x08,0x08,0x7F,0xF0,0x02,0x00,0x06,0x00,0x0A,0xC0,0x32,0x30,0xC2,0x08,0x02,
0x00,0x3F,0xE0,0x20,0x20,0x20,0x20,0x20,0x20,0x3F,0xE0,0x20,0x20,0x07,0xF0,0xF4,0x90,0x94,0x90,0x94,
0x90,0x94,0x90,0x94,0x90,0x97,0xF0,0x94,0x00,0xF4,0x00,0x94,0x00,0x04,0x08,0x04,0x08,0x03,0xF8,0x00,
0x80,0x00,0x80,0xF7,0xF8,0x90,0x80,0x90,0x80,0x94,0x90,0x94,0x90,0x94,0x90,0x97,0xF0,0xF0,0x80,0x90,
0x80,0x00,0x88,0x00,0x88,0x00,0x78,0x00,0x40,0x02,0x40,0xF2,0x20,0x94,0x20,0x94,0x10,0x98,0x08,0x97,
0xE0,0x92,0x20,0x92,0x20,0x92,0x20,0xF2,0x20,0x94,0x20,0x04,0x20,0x08,0xC0,0x02,0x00,0x05,0x00,0x08,
0x80,0x34,0x60,0xC2,0x18,0x3F,0xC0,0x00,0x40,0x00,0x80,0x3F,0xE0,0x20,0x20,0x20,0x20,0x20,0x20,0x3F,
0xE0,0x20,0x20,0x00,0x30,0x03,0xC0,0xF2,0x00,0x92,0x00,0x92,0x00,0x93,0xF8,0x92,0x20,0x92,0x20,0x92,
0x20,0xF2,0x20,0x92,0x20,0x04,0x20,0x04,0x20,0x08,0x20,0x01,0x00,0x00,0x80,0xF0,0x00,0x9F,0xF8,0x90,
0x00,0x90,0x00,0x93,0xE0,0x92,0x20,0x92,0x20,0xF2,0x20,0x92,0x20,0x04,0x28,0x04,0x28,0x08,0x18,0x01,
0x00,0x01,0x00,0xF2,0x00,0x92,0x20,0x94,0x10,0x9F,0xF8,0x90,0x08,0x92,0x40,0x92,0x40,0xF2,0x40,0x92,
0x40,0x04,0x48,0x04,0x48,0x08,0x38,0x04,0x00,0x02,0x00,0x3F,0xF0,0x20,0x10,0x20,0x10,0x3F,0xF0,0x20,
0x00,0x20,0x00,0x2F,0xF0,0x28,0x10,0x48,0x10,0x48,0x10,0x8F,0xF0,0x08,0x10,0x00,0x80,0x00,0x80,0xF0,
0x80,0x9F,0xF8,0x90,0x80,0x90,0x80,0x97,0xE0,0x92,0x20,0x92,0x20,0xF1,0x40,0x90,0x80,0x01,0x40,0x02,
0x20,0x0C,0x18,0x3F,0xE0,0x20,0x20,0x20,0x20,0x3F,0xE0,0x00,0x00,0x00,0x00,0x3F,0xE0,0x02,0x00,0x02,
0x00,0xFF,0xF8,0x05,0x00,0x08,0x80,0x30,0x60,0xC0,0x18,0x00,0x80,0x00,0x80,0xF0,0x80,0x92,0xA0,0x92,
0x90,0x92,0x88,0x94,0x88,0x90,0x80,0x90,0x90,0xF0,0x10,0x90,0x20,0x00,0x40,0x01,0x80,0x06,0x00,0x07,
0xE0,0xF2,0x20,0x92,0x20,0x92,0x40,0x92,0x80,0x92,0xF0,0x92,0x10,0x92,0x10,0xF3,0x20,0x92,0xA0,0x04,
0x40,0x04,0xA0,0x09,0x18,0x02,0x00,0x02,0x00,0xF2,0x00,0x93,0xF8,0x94,0x08,0x94,0x10,0x98,0x80,0x90,
0x80,0x90,0x80,0xF1,0x40,0x91,0x40,0x02,0x20,0x04,0x10,0x08,0x08,0x01,0x00,0x01,0x00,0xF1,0xF8,0x92,
0xA8,0x94,0xA8,0x90,0xA8,0x91,0x28,0x91,0x28,0x92,0x48,0xF4,0x48,0x90,0x88,0x01,0x08,0x02,0x08,0x00,
0x30,0x00,0x40,0x07,0x40,0xF1,0x40,0x91,0x40,0x92,0x40,0x92,0x40,0x93,0x40,0x92,0x40,0x96,0x40,0xFA,
0x40,0x92,0x40,0x02,0x48,0x02,0x48,0x0E,0x38,0x7F,0xF0,0x04,0x00,0x04,0x00,0x3F,0xE0,0x08,0x20,0x08,
0x20,0xFF,0xF8,0x00,0x00,0x3F,0xE0,0x20,0x20,0x20,0x20,0x3F,0xE0,0x20,0x20,0x07,0xF8,0xF0,0x20,0x92,
0x20,0x92,0x20,0x94,0x20,0x97,0xF8,0x90,0xA0,0x91,0x20,0xF1,0x20,0x92,0x20,0x04,0x20,0x08,0x20,0x00,
0xE0,0x3F,0xE0,0x20,0x20,0x20,0x20,0x20,0x20,0x3F,0xE0,0x02,0x00,0x02,0x00,0xFF,0xF8,0x07,0x00,0x0A,
0x80,0x12,0x40,0x22,0x20,0xC2,0x18,0x02,0x00,0x3F,0xE0,0x20,0x20,0x20,0x20,0x3F,0xE0,0x00,0x00,0x00,
0x00,0x7F,0xF0,0x02,0x00,0x02,0x00,0x3F,0xE0,0x02,0x00,0x02,0x00,0x02,0x00,0xFF,0xF8,0x02,0x00,0x22,
0x00,0x3F,0xE0,0x42,0x00,0x02,0x00,0xFF,0xF8,0x00,0x00,0x00,0x00,0x3F,0xE0,0x20,0x20,0x20,0x20,0x20,
0x20,0x3F,0xE0,0x20,0x20,0x00,0x80,0x00,0x80,0xF0,0x80,0x97,0xF0,0x94,0x90,0x94,0x90,0x94,0x90,0x95,
0x50,0x96,0x30,0xF4,0x10,0x94,0x10,0x04,0x10,0x04,0x10,0x04,0x70,0x07,0xF8,0xF4,0x00,0x94,0x10,0x96,
0x10,0x95,0x20,0x94,0xA0,0x94,0x40,0x94,0xA0,0xF5,0x10,0x96,0x10,0x04,0x00,0x04,0x00,0x07,0xF8,0x3F,
0xE0,0x20,0x20,0x20,0x20,0x3F,0xE0,0x00,0x00,0x7F,0xF0,0x40,0x10,0x40,0x10,0x42,0x10,0x42,0x10,0x44,
0x10,0x09,0x80,0x30,0x60,0xC0,0x10,0x00,0x80,0x00,0x80,0xF1,0x40,0x91,0x40,0x92,0x20,0x94,0x10,0x93,
0xE8,0x92,0x20,0x92,0x20,0xF2,0x20,0x92,0xC0,0x02,0x10,0x02,0x10,0x01,0xF0,0x00,0x80,0x01,0x00,0xF3,
0xF0,0x92,0x10,0x92,0x10,0x92,0x70,0x92,0x00,0x93,0xF8,0x90,0x08,0xF0,0x08,0x97,0xE8,0x00,0x08,0x00,
0x08,0x00,0x30,0x07,0xF0,0xF4,0x10,0x94,0x10,0x97,0xF0,0x94,0x00,0x95,0x00,0x95,0x10,0x95,0x60,0xF5,
0x80,0x95,0x00,0x09,0x08,0x09,0x08,0x10,0xF8,0x3F,0xF8,0x21,0x08,0x21,0x08,0x27,0xC8,0x21,0x08,0x21,
0x08,0x2F,0xE8,0x20,0x08,0x27,0xC8,0x24,0x48,0x24,0x48,0x47,0xC8,0x40,0x08,0x80,0x38,0x00,0x80,0x00,
0x80,0xF7,0xF0,0x90,0x80,0x90,0x80,0x90,0x80,0x97,0xF8,0x91,0xC0,0x92,0xA0,0xF2,0xA0,0x94,0x90,0x08,
0x88,0x00,0x80,0x00,0x80,0x07,0xF8,0xF0,0x10,0x90,0x10,0x97,0x90,0x94,0x90,0x94,0x90,0x94,0x90,0x94,
0x90,0xF7,0x90,0x94,0x10,0x00,0x10,0x00,0x10,0x00,0x70,0x07,0xF8,0xF0,0x40,0x90,0x40,0x90,0x80,0x91,
0xA0,0x92,0x90,0x94,0x88,0x98,0x88,0xF0,0x80,0x90,0x80,0x00,0x80,0x00,0x00,0x0F,0xF8,0x00,0x80,0x00,
0x80,0xF7,0xF0,0x94,0x90,0x94,0x90,0x94,0x90,0x97,0xF0,0x94,0x90,0x94,0x90,0xF4,0x90,0x97,0xF0,0x04,
0x90,0x00,0x80,0x00,0x80,0x00,0x70,0x07,0x80,0xF0,0x80,0x94,0x90,0x92,0x90,0x92,0xA0,0x90,0x80,0x9F,
0xF8,0x90,0x80,0xF0,0x80,0x90,0x80,0x00,0x80,0x00,0x80,0x03,0x80,0x02,0x00,0x05,0x00,0x08,0x80,0x30,
0x60,0xCF,0x98,0x00,0x00,0x00,0x00,0x7D,0xF0,0x45,0x10,0x45,0x10,0x45,0x10,0x7D,0x10,0x45,0x70,0x01,
0x00,0x07,0xF0,0xF4,0x10,0x94,0x10,0x94,0x10,0x97,0xF0,0x94,0x10,0x94,0x10,0x94,0x10,0xF7,0xF0,0x94,
0x10,0x04,0x10,0x04,0x10,0x0F,0xF8,0x00,0x80,0x00,0x80,0xF4,0x88,0x94,0x88,0x94,0x88,0x94,0x88,0x97,
0xF8,0x90,0x80,0x94,0x88,0xF4,0x88,0x94,0x88,0x04,0x88,0x07,0xF8,0x00,0x08,0x01,0x00,0x01,0x00,0xF3,
0xF0,0x92,0x10,0x94,0x10,0x9B,0xD0,0x92,0x50,0x92,0x50,0x93,0xD0,0xF2,0x10,0x92,0x60,0x02,0x08,0x02,
0x08,0x01,0xF8,0x02,0x00,0x02,0x00,0xF3,0xF8,0x95,0x00,0x95,0x00,0x99,0x00,0x91,0xF0,0x91,0x00,0x91,
0x00,0xF1,0x00,0x91,0xF8,0x01,0x00,0x01,0x00,0x01,0x00,0x0C,0x00,0x70,0x00,0x11,0xF8,0x11,0x08,0xFD,
0x08,0x11,0x08,0x31,0x08,0x39,0x08,0x55,0x08,0x51,0x08,0x91,0xF8,0x11,0x08,0x10,0x00,0x10,0x00,0x10,
0x80,0x10,0x80,0x3C,0xA0,0x44,0x90,0xA8,0x90,0x10,0x80,0x2F,0xF8,0xC0,0x00,0x00,0x00,0x3F,0xE0,0x20,
0x20,0x20,0x20,0x3F,0xE0,0x20,0x20,0x00,0x80,0x00,0x40,0xF0,0x00,0x97,0x80,0x90,0x90,0x90,0xA0,0x96,
0xC0,0x92,0xC0,0x92,0xA0,0xF4,0xA0,0x94,0x90,0x08,0x88,0x00,0x80,0x03,0x80,0x01,0x10,0x01,0x10,0xF2,
0x10,0x92,0x10,0x96,0xF8,0x9A,0x10,0x92,0x10,0x92,0x90,0x92,0x50,0xF2,0x50,0x92,0x10,0x02,0x10,0x02,
0x10,0x02,0x70,0x7D,0xF0,0x45,0x10,0x45,0x10,0x45,0x10,0x7D,0xF0,0x00,0x00,0x1F,0x80,0x10,0x80,0x10,
0x80,0x10,0x80,0x10,0x88,0x20,0x88,0xC0,0x78,0x00,0x80,0x00,0x80,0xF0,0x80,0x97,0xF8,0x90,0x80,0x90,
0x80,0x90,0x80,0x97,0xF0,0x94,0x10,0xF4,0x10,0x94,0x10,0x04,0x10,0x07,0xF0,0x04,0x10,0x04,0x00,0x04,
0x00,0xE4,0x00,0xAF,0x70,0xA5,0x50,0xA5,0x50,0xA5,0x50,0xA5,0x50,0xA5,0x50,0xE5,0x50,0xA5,0x50,0x09,
0x70,0x09,0x50,0x16,0x00,0x01,0x00,0x01,0x20,0xF1,0x10,0x91,0x00,0x97,0xF8,0x91,0x40,0x91,0x40,0x91,
0x50,0x91,0x50,0xF1,0x60,0x92,0x40,0x02,0xC8,0x05,0x48,0x08,0x38,0x00,0x10,0x1F,0x90,0xE4,0x10,0xA4,
0x50,0xA7,0x50,0xA9,0x50,0xA9,0x50,0xA9,0x50,0xB5,0x50,0xE2,0x50,0xA2,0x10,0x04,0x10,0x08,0x10,0x10,
0x70,0x42,0x00,0x23,0xF0,0x04,0x10,0x09,0x20,0x01,0x00,0x22,0x80,0x44,0x60,0x98,0x18,0x00,0x00,0x3F,
0xE0,0x20,0x20,0x20,0x20,0x3F,0xE0,0x20,0x20,0x00,0x80,0x00,0x80,0xF4,0x90,0x92,0x90,0x92,0xA0,0x90,
0x80,0x97,0xF8,0x91,0xC0,0x92,0xA0,0xF2,0xA0,0x94,0x90,0x08,0x88,0x00,0x80,0x00,0x80,0x01,0x00,0x00,
0x80,0xF7,0xF0,0x90,0x00,0x92,0x20,0x94,0x10,0x9A,0x28,0x92,0x20,0x91,0x40,0xF1,0x40,0x90,0x80,0x01,
0x40,0x02,0x20,0x0C,0x18,0x01,0x00,0x01,0x00,0xF1,0xE0,0x92,0x20,0x95,0x40,0x90,0x80,0x91,0x40,0x92,
0x20,0x94,0x18,0xF3,0xE0,0x92,0x20,0x02,0x20,0x03,0xE0,0x02,0x20,0x00,0x80,0x01,0x00,0xF7,0xF8,0x94,
0x08,0x94,0x08,0x97,0xF8,0x94,0x08,0x94,0x08,0x97,0xF8,0xF4,0x08,0x94,0x08,0x04,0x08,0x07,0xF8,0x04,
0x08,0x01,0x00,0x00,0x80,0xF7,0xF8,0x90,0x80,0x91,0x20,0x92,0x20,0x97,0xC0,0x90,0x90,0x91,0x10,0xF2,
0x20,0x94,0x40,0x00,0xA0,0x01,0x10,0x06,0x10,0x00,0xA0,0x00,0x90,0x00,0x80,0x7F,0xF8,0x40,0x80,0x5E,
0x90,0x40,0x90,0x5E,0x90,0x52,0xA0,0x52,0xA0,0x5E,0x48,0x40,0xA8,0x41,0x18,0x82,0x08,0x07,0xF0,0xF4,
0x10,0x94,0x90,0x94,0x90,0x97,0xF0,0x94,0x90,0x94,0x90,0x95,0x50,0x96,0x30,0xF4,0x10,0x94,0x10,0x07,
0xF0,0x04,0x10,0x04,0x00,0x02,0x00,0xFF,0xF8,0x00,0x00,0x3F,0xE0,0x20,0x20,0x20,0x20,0x3F,0xE0,0x05,
0x00,0x09,0x10,0x18,0xA0,0x28,0x40,0xCA,0x20,0x0C,0x18,0x3F,0xE0,0x20,0x20,0x20,0x20,0x20,0x20,0x3F,
0xE0,0x00,0x00,0x00,0x00,0xFD,0xF8,0x85,0x08,0x85,0x08,0x85,0x08,0xFD,0xF8,0x85,0x08,0x02,0x20,0x02,
0x20,0xF2,0x20,0x97,0xF0,0x92,0x20,0x92,0x20,0x92,0x20,0x92,0x20,0x97,0xF8,0xF0,0x00,0x92,0x20,0x02,
0x10,0x04,0x08,0x08,0x08,0x00,0x80,0x00,0x80,0xF1,0xE0,0x92,0x20,0x95,0x40,0x90,0x80,0x91,0x20,0x96,
0x40,0x90,0xF8,0xF1,0x10,0x96,0xA0,0x00,0x40,0x01,0x80,0x06,0x00,0x00,0x80,0x00,0x80,0xF7,0xF0,0x90,
0x80,0x90,0x80,0x9F,0xF8,0x90,0x00,0x90,0x80,0x90,0x80,0xF7,0xF0,0x90,0x80,0x00,0x80,0x00,0x80,0x0F,
0xF8,0x00,0x80,0x00,0x80,0xF1,0x40,0x92,0x20,0x94,0x10,0x9B,0xE8,0x90,0x00,0x90,0x00,0x97,0xF0,0xF4,
0x10,0x94,0x10,0x04,0x10,0x07,0xF0,0x04,0x10,0x08,0x80,0x08,0xA0,0x7E,0x90,0x08,0x90,0x08,0x80,0xFF,
0xF8,0x00,0x80,0x00,0x90,0x7E,0x90,0x42,0xA0,0x42,0x48,0x7E,0xA8,0x41,0x18,0x02,0x08,0x00,0x80,0x00,
0x80,0xF1,0x00,0x97,0xF8,0x94,0x08,0x94,0x08,0x95,0xE8,0x95,0x28,0x95,0x28,0xF5,0x28,0x95,0xE8,0x04,
0x08,0x04,0x08,0x04,0x38,0x01,0x20,0x01,0x20,0xF7,0xF8,0x91,0x20,0x91,0x20,0x90,0x00,0x92,0x20,0x92,
0x20,0x91,0x40,0xF1,0x40,0x90,0x80,0x01,0x40,0x02,0x20,0x0C,0x18,0x07,0xF8,0xF1,0x20,0x91,0x20,0x91,
0x20,0x91,0x20,0x95,0x28,0x93,0x28,0x93,0x30,0xF1,0x20,0x91,0x20,0x01,0x20,0x01,0x20,0x0F,0xF8,0x01,
0x40,0x01,0x48,0xF2,0x50,0x96,0x60,0x9A,0xC0,0x93,0x48,0x92,0x48,0x92,0xB8,0x90,0x80,0xF7,0xF8,0x90,
0x80,0x00,0x80,0x00,0x80,0x00,0x80,0x02,0x40,0x02,0x40,0xE4,0x78,0xA9,0x48,0xAF,0x88,0xA2,0x08,0xA4,
0x48,0xA8,0x28,0xAF,0x28,0xE0,0x08,0xA0,0x08,0x03,0x08,0x0C,0x08,0x00,0x30,0x7F,0xF0,0x00,0x20,0x3F,
0x20,0x21,0x20,0x3F,0x20,0x00,0x00,0xFF,0xF8,0x00,0x20,0x3F,0x20,0x21,0x20,0x3F,0x20,0x00,0x20,0x00,
0xE0,0x00,0x40,0x01,0x50,0xF6,0x48,0x92,0x48,0x92,0x40,0x9F,0xF8,0x92,0x40,0x92,0x50,0x93,0x50,0xFE,
0x30,0x92,0x28,0x02,0x28,0x02,0x58,0x0E,0x88,0x00,0x80,0x04,0x90,0xF2,0xA0,0x90,0x80,0x97,0xF0,0x94,
0x10,0x94,0x10,0x97,0xF0,0x94,0x10,0xF4,0x10,0x97,0xF0,0x04,0x10,0x04,0x10,0x04,0x70,0x07,0xF0,0xF4,
0x90,0x94,0x90,0x97,0xF0,0x94,0x90,0x94,0x90,0x97,0xF0,0x90,0x80,0xF0,0x80,0x97,0xF0,0x00,0x80,0x00,
0x80,0x0F,0xF8,0x0F,0x78,0xE5,0x48,0xA5,0x48,0xA5,0x48,0xAF,0x50,0xA5,0x50,0xA5,0x48,0xAF,0x48,0xE5,
0x48,0xA5,0x48,0x09,0x70,0x09,0x40,0x16,0x40,0x7D,0xF0,0x45,0x10,0x45,0x10,0x7D,0xF0,0x00,0x00,0x02,
0x40,0x02,0x20,0xFF,0xF8,0x02,0x00,0x05,0x00,0x08,0x80,0x10,0x40,0x20,0x20,0xC0,0x18,0x00,0x80,0x00,
0x88,0xF7,0xF0,0x90,0xA0,0x90,0xC0,0x9F,0xF8,0x91,0x00,0x9F,0xF0,0x94,0x20,0xF8,0x40,0x97,0xF8,0x00,
0x40,0x00,0x40,0x01,0xC0,0x10,0x30,0x11,0xC0,0xFD,0x00,0x11,0x00,0x1D,0xF8,0xF1,0x20,0x12,0x20,0x74,
0x20,0x00,0x00,0x3F,0xE0,0x20,0x20,0x20,0x20,0x3F,0xE0,0x20,0x20,0x00,0xA0,0x00,0x90,0xF7,0xF8,0x90,
0x80,0x97,0xF0,0x94,0x90,0x94,0x90,0x97,0xF0,0x94,0x90,0xF4,0x90,0x97,0xF0,0x04,0x90,0x04,0x90,0x04,
0x30,0x00,0x80,0x00,0x40,0xF7,0xF8,0x90,0x00,0x93,0xF0,0x92,0x10,0x93,0xF0,0x90,0x00,0x93,0xF0,0xF0,
0x20,0x90,0x40,0x00,0x40,0x00,0x40,0x01,0xC0,0x01,0x00,0x00,0x80,0xF7,0xF8,0x90,0x00,0x93,0xF0,0x90,
0x00,0x93,0xF0,0x90,0x00,0x93,0xF0,0xF2,0x10,0x92,0x10,0x02,0x10,0x03,0xF0,0x02,0x10,0x00,0x80,0x01,
0x00,0xF2,0x20,0x97,0xF0,0x90,0x10,0x92,0x20,0x94,0x10,0x99,0x08,0x91,0xE0,0xF2,0x20,0x95,0x40,0x00,
0x80,0x03,0x60,0x0C,0x18,0x3F,0xF8,0x20,0x00,0x2F,0xE0,0x20,0x00,0x3F,0xF8,0x28,0x90,0x2A,0x60,0x2C,
0x18,0x20,0x00,0x2F,0xF0,0x48,0x10,0x48,0x10,0x8F,0xF0,0x08,0x10,0x00,0x80,0x01,0x00,0xF2,0x20,0x97,
0xF0,0x90,0x10,0x92,0x00,0x93,0xF0,0x94,0x80,0x90,0x80,0xF7,0xF8,0x90,0x80,0x01,0x40,0x02,0x20,0x0C,
0x18,0x02,0x00,0x01,0x00,0x3F,0xF8,0x21,0x00,0x2F,0xF0,0x21,0x10,0x3F,0xF8,0x21,0x10,0x2F,0xF0,0x21,
0x00,0x2F,0xF0,0x48,0x10,0x48,0x10,0x8F,0xF0,0x01,0x20,0x01,0x20,0xF7,0xF8,0x91,0x20,0x90,0x00,0x97,
0xF8,0x94,0x88,0x90,0x80,0x97,0xF0,0xF0,0x90,0x91,0x10,0x01,0x10,0x02,0x10,0x04,0x60,0x02,0x00,0x02,
0x00,0xF3,0xE0,0x94,0x20,0x98,0x40,0x97,0xF0,0x94,0x90,0x94,0x90,0x94,0x90,0xFF,0xF8,0x91,0x40,0x02,
0x20,0x04,0x10,0x08,0x08,0x0F,0x70,0xE9,0x50,0xA9,0x50,0xAF,0x50,0xA9,0x50,0xA9,0x50,0xAF,0x50,0xAA,
0x50,0xE9,0x50,0xAA,0xF0,0x0C,0xC0,0x08,0x40,0x00,0x40,0x01,0x00,0x01,0xE0,0xE1,0x00,0xAF,0xF0,0xA9,
0x10,0xA9,0xC0,0xAF,0x00,0xA9,0x20,0xA8,0xE0,0xE8,0x00,0xAB,0xC0,0x0A,0x40,0x12,0x50,0x04,0x30,0x12,
0x00,0x11,0x00,0x3F,0xF8,0x61,0x00,0xBF,0xF0,0x21,0x00,0x3F,0xF0,0x21,0x00,0x3F,0xF8,0x00,0x00,0x3F,
0xF0,0x20,0x10,0x20,0x10,0x3F,0xF0,0x01,0x40,0x01,0x20,0xF2,0x00,0x93,0xF8,0x96,0x40,0x9A,0x40,0x93,
0xF0,0x92,0x40,0x92,0x40,0xF3,0xF0,0x92,0x40,0x02,0x40,0x03,0xF8,0x02,0x00,0x03,0xF0,0xF2,0x10,0x93,
0xF0,0x92,0x10,0x93,0xF0,0x90,0x00,0x97,0xF8,0x94,0x08,0x97,0xF8,0xF4,0x08,0x94,0x08,0x07,0xF8,0x04,
0x08,0x00,0x70,0x07,0x80,0xF0,0x80,0x90,0x80,0x97,0xF0,0x92,0xA0,0x92,0xA0,0x9F,0xF8,0x92,0xA0,0xF2,
0xA0,0x97,0xF0,0x00,0x80,0x00,0x80,0x07,0xF0,0x00,0x40,0x02,0x40,0xF2,0x70,0x92,0x40,0x9F,0xF8,0x90,
0x00,0x97,0xF0,0x94,0x10,0x97,0xF0,0xF4,0x10,0x97,0xF0,0x04,0x10,0x04,0x10,0x04,0x70,0x07,0xF8,0xF0,
0x80,0x91,0x00,0x92,0x88,0x94,0x50,0x92,0xE0,0x91,0x60,0x92,0xD0,0xF4,0xD0,0x91,0x48,0x02,0x40,0x04,
0x40,0x01,0x80,0x04,0x00,0x02,0x00,0xFF,0xF8,0x10,0x40,0x08,0x80,0x7F,0xF0,0x48,0x90,0x50,0x50,0x6F,
0xB0,0x48,0x90,0x48,0x90,0x4F,0x90,0x40,0x10,0x40,0x70,0x0E,0xF8,0xEA,0x10,0xAA,0x10,0xAD,0xD0,0xAD,
0x50,0xAD,0x50,0xAB,0x50,0xAB,0x50,0xEB,0xD0,0xAC,0x10,0x08,0x10,0x08,0x10,0x08,0x70,0x02,0x40,0x02,
0x40,0xE2,0x40,0xAE,0x78,0xA2,0x40,0xA2,0x40,0xAE,0x70,0xA2,0x40,0xA2,0x40,0xEE,0x78,0xA2,0x40,0x02,
0x40,0x02,0x40,0x02,0x40,0x00,0x80,0x01,0x00,0xF7,0xF0,0x94,0x90,0x94,0x90,0x97,0xF0,0x94,0x90,0x94,
0x90,0x97,0xF0,0xF1,0x40,0x92,0x40,0x0F,0xF8,0x00,0x40,0x00,0x40,0x00,0x80,0x01,0x40,0xF2,0x20,0x95,
0xD0,0x98,0x88,0x90,0x80,0x97,0xF8,0x90,0x80,0x90,0x80,0xF7,0xF0,0x94,0x10,0x04,0x10,0x07,0xF0,0x04,
0x10,0x04,0x40,0x04,0x20,0xE4,0x00,0xAE,0xF0,0xA4,0x00,0xA5,0x10,0xA5,0x10,0xA6,0x90,0xAC,0x90,0xE4,
0xA0,0xA4,0xA0,0x04,0x20,0x04,0x40,0x1D,0xF0,0x04,0x20,0x04,0x20,0xE4,0x40,0xAE,0xF8,0xA4,0x88,0xA4,
0x88,0xA4,0x88,0xA6,0xF8,0xAC,0x88,0xE4,0x88,0xA4,0x88,0x04,0x88,0x04,0xF8,0x1C,0x88,0x00,0x80,0x02,
0x80,0xF2,0xF0,0x92,0x80,0x92,0x80,0x9F,0xF8,0x90,0x00,0x90,0x80,0x94,0x90,0xF4,0x90,0x95,0x50,0x06,
0x30,0x04,0x10,0x07,0xF0,0x07,0xF0,0xF5,0x50,0x95,0x50,0x97,0xF0,0x90,0x80,0x91,0x00,0x93,0xF0,0x94,
0x10,0xFA,0x20,0x91,0x40,0x00,0x80,0x03,0x00,0x0C,0x00,0x00,0x80,0x00,0x80,0xF7,0xF0,0x90,0x90,0x9F,
0xF8,0x90,0x90,0x97,0xF0,0x90,0x80,0x94,0x90,0xF5,0xD0,0x96,0xB0,0x04,0x90,0x04,0x90,0x08,0x90,0x01,
0x00,0x00,0x80,0xF7,0xF0,0x92,0x20,0x91,0x40,0x9F,0xF8,0x98,0x08,0x90,0x80,0x97,0xF0,0xF4,0x90,0x94,
0x90,0x04,0xB0,0x00,0x80,0x00,0x80,0x01,0x00,0x00,0x80,0xF7,0xF0,0x95,0x10,0x91,0xE0,0x92,0x20,0x95,
0x40,0x90,0x80,0x93,0x60,0xFC,0x18,0x93,0xE0,0x02,0x20,0x03,0xE0,0x02,0x20,0x07,0xF0,0x04,0x90,0xF4,
0x90,0x97,0xF0,0x94,0x90,0x94,0x90,0x97,0xF0,0x90,0x00,0x9F,0xF8,0xF5,0x10,0x94,0xA0,0x04,0x40,0x06,
0x20,0x04,0x18,0x10,0x40,0x7F,0xF0,0x02,0x00,0x3F,0xE0,0x02,0x00,0xFF,0xF8,0x22,0x20,0x12,0x40,0xFF,
0xF8,0x00,0x00,0x3F,0xE0,0x20,0x20,0x20,0x20,0x3F,0xE0,0x02,0x08,0x02,0x08,0xEF,0x88,0xA2,0x28,0xAF,
0xA8,0xAA,0xA8,0xAA,0xA8,0xAF,0xA8,0xA2,0x28,0xE7,0x28,0xAA,0x88,0x12,0x08,0x02,0x08,0x02,0x38,0x02,
0x00,0x02,0xE0,0xF4,0x20,0x94,0x20,0x9D,0xF0,0x94,0x80,0x94,0xF0,0x95,0x40,0x94,0x40,0xF5,0xF8,0x94,
0x40,0x04,0xA0,0x04,0xA0,0x05,0x10,0x00,0x28,0x00,0x20,0xEF,0xF8,0xA8,0x20,0xA8,0x20,0xAB,0xA0,0xA8,
0x28,0xAB,0xA8,0xAA,0xB0,0xEA,0xB0,0xAB,0xA8,0x08,0x68,0x08,0x98,0x11,0x08,0x00,0x80,0x04,0x90,0xF4,
0x90,0x97,0xF0,0x90,0x00,0x9F,0xF8,0x90,0x80,0x91,0x00,0x97,0xF0,0xF5,0x50,0x95,0x50,0x05,0x50,0x05,
0x50,0x04,0x30,0x02,0x00,0x7F,0xF0,0x02,0x00,0x3F,0xE0,0x00,0x00,0x3F,0xE0,0x20,0x20,0x3F,0xE0,0x10,
0x40,0xFF,0xF8,0x00,0x00,0x3F,0xE0,0x20,0x20,0x3F,0xE0,0x07,0xE0,0xF4,0x20,0x97,0xE0,0x94,0x20,0x97,
0xE0,0x92,0x00,0x97,0xF0,0x98,0x90,0xF5,0x50,0x94,0x10,0x07,0xD0,0x00,0x10,0x00,0x60,0x01,0x00,0x00,
0x80,0xF7,0xF8,0x94,0x08,0x90,0x00,0x93,0xF0,0x90,0x00,0x93,0xF0,0x92,0x10,0x93,0xF0,0xF2,0x10,0x93,
0xF0,0x00,0x00,0x07,0xF8,0x00,0x80,0x00,0x80,0xEF,0xF8,0xA1,0xC0,0xA2,0xA0,0xA4,0x90,0xA8,0x88,0xA7,
0xF0,0xA4,0x10,0xE7,0xF0,0xA4,0x10,0x07,0xF0,0x00,0x00,0x0F,0xF8,0x00,0x80,0x07,0xF0,0xF0,0x80,0x92,
0x20,0x9F,0xF8,0x92,0x20,0x90,0x00,0x97,0xF0,0x94,0x10,0xF4,0x90,0x94,0x90,0x01,0x40,0x02,0x20,0x04,
0x10,0x00,0x80,0x01,0x40,0xF2,0x20,0x94,0x10,0x9B,0xE8,0x90,0x00,0x97,0x88,0x94,0xA8,0x97,0xA8,0xF4,
0xA8,0x97,0xA8,0x04,0xA8,0x04,0x88,0x05,0xB8,0x01,0x00,0x07,0xF0,0xF4,0x10,0x97,0xF0,0x94,0x10,0x97,
0xF0,0x94,0x10,0x97,0xF0,0x90,0xA0,0xF0,0x90,0x9F,0xF8,0x01,0x40,0x02,0x20,0x0C,0x18,0x07,0xE0,0x02,
0x20,0xE1,0xC0,0xA2,0x20,0xAF,0x78,0xA9,0x48,0xA6,0x30,0xA9,0x48,0xA0,0x80,0xE7,0xF8,0xA1,0xC0,0x02,
0xA0,0x0C,0x98,0x00,0x80,0x00,0x80,0x03,0xD0,0xF0,0xA0,0x97,0xF8,0x90,0x80,0x91,0xE0,0x93,0x08,0x9C,
0xF8,0x90,0x00,0xF3,0xF0,0x92,0x10,0x03,0xF0,0x02,0x10,0x03,0xF0,0x01,0x40,0x02,0x20,0xE4,0x90,0xA9,
0x08,0xA2,0x20,0xA7,0xF0,0xA0,0x00,0xAF,0x78,0xA1,0x08,0xE5,0x28,0xA3,0x18,0x05,0x28,0x09,0x48,0x03,
0x18,0x7C,0xF8,0x44,0x08,0x44,0x08,0x7C,0xE8,0x00,0x08,0xFE,0x08,0xAA,0xE8,0xAA,0xA8,0xFE,0xA8,0xAA,
0xE8,0xAA,0x08,0xA2,0x08,0x8E,0x38,0x00,0x40,0x00,0x40,0xF3,0xF8,0x90,0x40,0x97,0xF8,0x94,0x88,0x91,
0x20,0x93,0xC0,0x90,0x90,0xF3,0xF8,0x90,0x48,0x02,0x50,0x04,0x48,0x01,0xC0,0x02,0x20,0x02,0x20,0xEF,
0xA0,0xA2,0x38,0xAF,0xC8,0xAA,0x80,0xAA,0xA0,0xAF,0xA0,0xA2,0x20,0xE7,0x20,0xAA,0xD0,0x12,0x50,0x02,
0x50,0x02,0x88,0x01,0x00,0x00,0x80,0xEF,0xF8,0xA2,0x20,0xA1,0x40,0xAF,0xF8,0xA8,0x88,0xAB,0xE8,0xA8,
0x88,0xEB,0xE8,0xAA,0x28,0x0B,0xE8,0x08,0x08,0x08,0x38,0x02,0x00,0xFF,0xF8,0x02,0x00,0x7F,0xF0,0x00,
0x00,0x3F,0xE0,0x20,0x20,0x3F,0xE0,0x10,0x40,0xFF,0xF8,0x10,0x00,0x7E,0xF8,0x22,0x88,0xCC,0xF8,0x0F,
0xF8,0x01,0x00,0xF7,0xF0,0x94,0x10,0x97,0xF0,0x94,0x10,0x97,0xF0,0x94,0x10,0x97,0xF0,0xF2,0x40,0x93,
0xF0,0x0D,0x20,0x00,0xC8,0x0F,0x38,0x00,0x80,0x00,0xF0,0xF0,0x80,0x97,0xF8,0x94,0x88,0x94,0xE0,0x97,
0x88,0x94,0x78,0x94,0x00,0xF4,0xA0,0x96,0xA8,0x09,0xB0,0x08,0xA0,0x13,0xF8,0x02,0x00,0x01,0x00,0xEF,
0xF8,0xAA,0x20,0xAA,0x20,0xAF,0x70,0xAA,0x20,0xAA,0x60,0xAB,0x70,0xEE,0xA8,0xAB,0x20,0x0A,0x20,0x0A,
0x20,0x12,0x20,0x0F,0xF0,0x08,0x10,0xEF,0xF0,0xA8,0x00,0xAB,0xF0,0xA8,0x80,0xAB,0xF0,0xAA,0x90,0xAB,
0xF0,0xE8,0x80,0xAF,0xF8,0x14,0xA8,0x05,0xE8,0x04,0x18,0x02,0x00,0x02,0x38,0xEF,0xA8,0xA2,0x28,0xAF,
0xA8,0xA8,0xB8,0xAF,0xA8,0xA8,0xA8,0xAF,0xB8,0xE2,0x28,0xAF,0xA8,0x02,0x28,0x02,0x28,0x02,0x58,0x02,
0x48,0x0B,0xD0,0xEA,0x60,0xAB,0x48,0xBD,0x38,0xA3,0xE0,0xA4,0x40,0xAF,0xF0,0xA4,0x90,0xE7,0xF0,0xA4,
0x90,0x07,0xF0,0x04,0x90,0x08,0xB0,0x05,0x18,0x05,0x60,0xEF,0xC0,0xA5,0x40,0xA5,0x40,0xA7,0x78,0xA5,
0x50,0xA7,0x50,0xA5,0x50,0xE5,0x50,0xAF,0xD0,0x00,0x50,0x05,0x50,0x08,0x90,0x00,0x80,0x07,0xF0,0xF0,
0x80,0x95,0x50,0x92,0x20,0x97,0xF0,0x9A,0x28,0x93,0xE0,0x92,0x20,0xF3,0xE0,0x90,0x80,0x04,0x90,0x08,
0x88,0x01,0x80,0x00,0x80,0x0F,0xF8,0xE0,0x80,0xA7,0xF0,0xA0,0x00,0xA7,0xF0,0xA4,0x10,0xA7,0xF0,0xA2,
0x20,0xEF,0xF8,0xA0,0x00,0x07,0xF0,0x04,0x10,0x07,0xF0,0x07,0xF0,0xF4,0x90,0x96,0xB0,0x95,0xD0,0x94,
0x90,0x97,0xF0,0x90,0x80,0x97,0xF0,0xF0,0x80,0x9F,0xF8,0x00,0x00,0x05,0x50,0x08,0xA8,0x00,0x80,0x07,
0xF8,0xF0,0x80,0x93,0xF0,0x90,0x00,0x97,0xF8,0x94,0x08,0x93,0xF0,0x90,0x00,0xF3,0xF0,0x92,0x10,0x03,
0xF0,0x01,0x20,0x07,0xF8,0x7D,0xF0,0x45,0x10,0x45,0x10,0x7D,0xF0,0x00,0x40,0x02,0x20,0xFF,0xF8,0x08,
0x80,0x30,0x60,0xC0,0x18,0x7D,0xF0,0x45,0x10,0x45,0x10,0x7D,0xF0,0xFF,0xF8,0x02,0x00,0x7A,0xF0,0x4A,
0x90,0x7A,0xF0,0x02,0x00,0x7F,0xF0,0x02,0x00,0x7A,0xF0,0x4A,0x90,0x7A,0xF0,0x02,0x00,0xFF,0xF8,0x03,
0xE0,0x02,0x20,0xE3,0xE0,0xA0,0x00,0xA7,0x70,0xA5,0x50,0xA7,0x70,0xA0,0x00,0xA0,0x80,0xEF,0xF8,0xA1,
0xC0,0x02,0xA0,0x0C,0x98,0x00,0x80,0x04,0x20,0x04,0x20,0xE7,0xB8,0xAA,0x50,0xA1,0x08,0xA0,0x00,0xA7,
0xF0,0xA0,0x80,0xA4,0x90,0xE4,0x90,0xA4,0x90,0x0A,0xA8,0x00,0x80,0x0F,0xF8,0x02,0x20,0x07,0xF8,0xF2,
0x20,0x97,0xF0,0x94,0x10,0x97,0xF0,0x94,0x10,0x97,0xF0,0x92,0x00,0xF7,0xF8,0x98,0x88,0x05,0x48,0x07,
0xE8,0x00,0x30,0x00,0x80,0x0F,0xF8,0xF0,0x00,0x93,0xE0,0x92,0x20,0x9F,0xF8,0x98,0x08,0x97,0xF0,0x91,
0x00,0xF6,0x90,0x91,0x60,0x06,0xD0,0x01,0x48,0x06,0xC0,0x00,0x80,0x07,0xF0,0xE0,0x80,0xAF,0xF8,0xA8,
0x08,0xA7,0xF0,0xA4,0x90,0xA7,0xF0,0xA4,0x90,0xEF,0xF8,0xA0,0x88,0x04,0xF0,0x04,0x80,0x0B,0xF8,0x7D,
0xF0,0x45,0x10,0x7D,0xF0,0x00,0x00,0xFF,0xF8,0x04,0x00,0x3F,0xE0,0x22,0x20,0x2D,0xA0,0x30,0x40,0xC0,
0x20,0x7D,0xF0,0x45,0x10,0x7D,0xF0,0x00,0x80,0x0F,0xF8,0xE0,0x00,0xA7,0x70,0xA5,0x50,0xA7,0x70,0xA2,
0x20,0xAF,0xF8,0xA2,0x20,0xE7,0xF0,0xA2,0x20,0x0F,0xF8,0x06,0x50,0x0B,0x38,0x00,0x70,0x0F,0xA0,0xE5,
0x40,0xAF,0xF0,0xAA,0x50,0xAF,0xF0,0xA0,0x20,0xAF,0x20,0xA9,0xF0,0xEF,0x20,0xA9,0xA0,0x0F,0x60,0x0A,
0x20,0x0E,0xE0,0x02,0x00,0x7F,0xF0,0x12,0x40,0x1F,0xC0,0x02,0x00,0xFF,0xF8,0xA5,0x28,0x3D,0xE0,0x08,
0x80,0x7F,0xF0,0x08,0x80,0xFF,0xF8,0x18,0xD0,0xEC,0x38,0xFF,0xF0,0x80,0x10,0x84,0x10,0x84,0x10,0x84,
0x10,0x84,0x10,0x8A,0x10,0x89,0x10,0x90,0x90,0xA0,0x50,0xC0,0x50,0x80,0x10,0xFF,0xF0,0x80,0x10,0xFF,
0xF0,0x89,0x10,0x89,0x10,0x89,0x10,0x89,0x10,0x89,0x10,0x89,0x10,0x89,0x10,0x90,0xF0,0xA0,0x10,0x80,
0x10,0xFF,0xF0,0x80,0x10,0xFF,0xF0,0x80,0x10,0x80,0x10,0x9F,0x90,0x90,0x90,0x90,0x90,0x90,0x90,0x90,
0x90,0x9F,0x90,0x80,0x10,0x80,0x10,0xFF,0xF0,0x80,0x10,0xFF,0xF0,0x80,0x10,0x84,0x10,0x84,0x10,0xBF,
0xD0,0x84,0x10,0x84,0x10,0x8A,0x10,0x89,0x10,0x90,0x90,0xA0,0x90,0x80,0x10,0xFF,0xF0,0x80,0x10,0xFF,
0xF0,0x80,0x10,0x81,0x10,0x81,0x10,0xBF,0xD0,0x83,0x10,0x85,0x10,0x89,0x10,0x91,0x10,0xA1,0x10,0x87,
0x10,0x80,0x10,0xFF,0xF0,0x80,0x10,0xFF,0xF0,0x84,0x10,0x84,0x10,0xBF,0xD0,0x84,0x10,0xA4,0x90,0xA4,
0x90,0xBF,0x90,0x84,0x10,0x84,0x50,0x83,0xD0,0x80,0x10,0xFF,0xF0,0x80,0x10,0xFF,0xF0,0x80,0x10,0x9F,
0x90,0x80,0x10,0x80,0x10,0xBF,0xD0,0x89,0x10,0x89,0x10,0x89,0x10,0x91,0x50,0xA0,0xD0,0x80,0x10,0xFF,
0xF0,0x80,0x10,0xFF,0xF0,0x80,0x10,0x82,0x10,0x82,0x10,0xBF,0xD0,0x82,0x10,0x87,0x10,0x8A,0x90,0x92,
0x50,0xA2,0x50,0x82,0x10,0x82,0x10,0xFF,0xF0,0x80,0x10,0x08,0x00,0x10,0x00,0xFF,0xF0,0x84,0x10,0x84,
0x10,0x8F,0xD0,0x90,0x50,0xA8,0x90,0x85,0x10,0x82,0x10,0x85,0x10,0x88,0x90,0xB0,0x50,0xFF,0xF0,0xFF,
0xF0,0x84,0x10,0x84,0x10,0xBF,0xD0,0x84,0x10,0x9F,0x90,0x84,0x10,0xBF,0xD0,0x84,0x50,0x84,0x50,0x85,
0x90,0x84,0x10,0xFF,0xF0,0x80,0x10,0xFF,0xF0,0x84,0x10,0x84,0x10,0xBF,0xD0,0x84,0x10,0x84,0x10,0xBF,
0x90,0xA0,0x90,0xA0,0x90,0xBF,0x90,0x80,0x10,0x80,0x10,0xFF,0xF0,0x80,0x10,0xFF,0xF0,0x80,0x10,0xBF,
0xD0,0x84,0x10,0x84,0x10,0x9F,0x90,0x84,0x10,0x85,0x10,0x84,0x90,0xBF,0xD0,0x80,0x10,0x80,0x10,0xFF,
0xF0,0x80,0x10,0xFF,0xF0,0x80,0x10,0x88,0x10,0x8F,0x90,0x90,0x90,0xA9,0x10,0x86,0x10,0x99,0x90,0xE6,
0x70,0x81,0x10,0x98,0x10,0x86,0x10,0x81,0x10,0xFF,0xF0,0xFF,0xF0,0x80,0x10,0x84,0x50,0xBF,0xF0,0x84,
0x10,0xBF,0xD0,0xA4,0x50,0xBF,0xD0,0xA4,0x50,0xBF,0xD0,0xA4,0x50,0xA5,0xD0,0x80,0x10,0xFF,0xF0,0xFF,
0xF0,0x80,0x10,0x9F,0x90,0x90,0x90,0x9F,0x90,0x80,0x10,0xBF,0xD0,0xA0,0x50,0xA2,0x50,0xA2,0x50,0x85,
0x10,0x88,0x90,0xB0,0x50,0xFF,0xF0,0xFF,0xF0,0xA2,0x50,0x92,0x90,0xBF,0xD0,0x84,0x10,0xFF,0xF0,0x90,
0x90,0xBF,0xD0,0xD0,0xB0,0x93,0x90,0x90,0x50,0x8F,0xD0,0x80,0x10,0xFF,0xF0,0x02,0x00,0x02,0x00,0x02,
0x00,0x02,0x00,0x02,0x00,0x7F,0xF0,0x02,0x00,0x02,0x00,0x02,0x00,0x02,0x00,0x02,0x00,0x02,0x00,0x02,
0x00,0xFF,0xF8,0x7F,0xE0,0x10,0x40,0x08,0x80,0x07,0x00,0x08,0x80,0x30,0x60,0xC2,0x18,0x02,0x00,0x3F,
0xE0,0x02,0x00,0x02,0x00,0x02,0x00,0xFF,0xF8,0x04,0x00,0x04,0x00,0xFF,0xF8,0x08,0x00,0x10,0x80,0x10,
0x80,0x30,0x80,0x57,0xF0,0x90,0x80,0x10,0x80,0x10,0x80,0x10,0x80,0x1F,0xF8,0x10,0x00,0x02,0x00,0x02,
0x00,0x3F,0xE0,0x02,0x00,0x02,0x00,0xFF,0xF8,0x00,0x00,0x02,0x00,0x02,0x00,0x7F,0xF0,0x02,0x00,0x02,
0x00,0x02,0x00,0xFF,0xF8,0x20,0x80,0x20,0x80,0x24,0x90,0x24,0xB0,0xF5,0xD0,0x2E,0x90,0x24,0x90,0x24,
0x90,0x24,0x90,0x24,0xB0,0x34,0x80,0xC4,0x08,0x04,0x08,0x03,0xF8,0x27,0xF0,0x20,0x20,0x20,0xC0,0x21,
0x00,0xFA,0x00,0x27,0xF8,0x21,0x28,0x22,0x28,0x22,0x48,0x24,0x48,0x38,0x88,0xE1,0x08,0x02,0x08,0x04,
0x30,0x20,0x00,0x27,0xE0,0x22,0x20,0x22,0x20,0xFA,0x40,0x22,0x80,0x22,0xF0,0x22,0x10,0x22,0x10,0x3B,
0x20,0xE2,0xA0,0x04,0x40,0x04,0xA0,0x09,0x18,0x20,0x40,0x20,0x40,0x20,0x40,0x20,0x40,0xFA,0x40,0x22,
0x78,0x22,0x40,0x22,0x40,0x22,0x40,0x22,0x40,0x3A,0x40,0xE2,0x40,0x02,0x40,0x0F,0xF8,0x21,0x00,0x21,
0x00,0x21,0xF8,0x22,0x08,0xF4,0x08,0x21,0x08,0x20,0x88,0x20,0x28,0x20,0x48,0x20,0x88,0x33,0x08,0xC0,
0x08,0x00,0x08,0x00,0x30,0x21,0x00,0x20,0x80,0x20,0x00,0x27,0xF8,0xF9,0x00,0x21,0x00,0x21,0xF0,0x21,
0x10,0x21,0x10,0x21,0x10,0x39,0x10,0xE2,0x10,0x02,0x10,0x04,0x60,0x20,0x00,0x23,0xF0,0x22,0x10,0x22,
0x90,0xFA,0x50,0x22,0x50,0x22,0x10,0x27,0xF8,0x22,0x10,0x22,0x10,0x3A,0x10,0xE4,0x10,0x04,0x10,0x08,
0x70,0x21,0x00,0x21,0x00,0x21,0x00,0x21,0xF0,0xFA,0x10,0x22,0xA0,0x24,0x80,0x20,0x80,0x20,0x80,0x21,
0x40,0x39,0x40,0xE2,0x20,0x04,0x10,0x08,0x08,0x20,0x00,0x27,0xF8,0x20,0x40,0x20,0x40,0xF8,0x80,0x20,
0x80,0x21,0xA0,0x22,0x90,0x24,0x88,0x20,0x88,0x38,0x80,0xE0,0x80,0x00,0x80,0x00,0x80,0x02,0x00,0x22,
0x20,0x22,0x20,0x22,0x20,0x52,0x50,0x4A,0x48,0x8A,0x88,0x02,0x00,0x7F,0xF0,0x02,0x00,0x02,0x00,0x02,
0x00,0x02,0x00,0xFF,0xF8,0x21,0x00,0x20,0x80,0x20,0x00,0x27,0xF8,0xF8,0x00,0x20,0x00,0x23,0xE0,0x22,
0x20,0x22,0x20,0x3A,0x20,0xE2,0x20,0x04,0x28,0x04,0x28,0x08,0x18,0x21,0x00,0x21,0x00,0x27,0xF0,0x21,
0x10,0xF9,0x10,0x21,0x10,0x21,0x10,0x2F,0xF8,0x21,0x40,0x39,0x40,0xE2,0x20,0x02,0x20,0x04,0x10,0x08,
0x08,0x08,0x00,0x4B,0xF0,0x49,0x10,0x48,0xA0,0x48,0x40,0x48,0xA0,0x4B,0x18,0x08,0x00,0x02,0x00,0x02,
0x00,0x7F,0xF0,0x02,0x00,0x02,0x00,0xFF,0xF8,0x20,0x00,0x23,0xF0,0x20,0x00,0x20,0x00,0xF8,0x00,0x27,
0xF8,0x20,0x80,0x20,0x80,0x20,0x80,0x21,0x00,0x39,0x10,0xE2,0x08,0x07,0xF8,0x00,0x08,0x20,0x00,0x27,
0xF0,0x24,0x10,0x24,0x10,0xF4,0x90,0x24,0x90,0x24,0x90,0x24,0x90,0x24,0x90,0x24,0x90,0x31,0x40,0xC2,
0x20,0x04,0x10,0x08,0x10,0x20,0x80,0x21,0x00,0x23,0xF0,0x22,0x10,0xFA,0x10,0x22,0x70,0x22,0x00,0x23,
0xF8,0x20,0x08,0x38,0x08,0xE7,0xE8,0x00,0x08,0x00,0x08,0x00,0x30,0x21,0x00,0x20,0x80,0x20,0x80,0x27,
0xF8,0xFA,0x20,0x22,0x20,0x22,0x20,0x22,0x20,0x21,0x40,0x39,0x40,0xE0,0x80,0x01,0x40,0x02,0x20,0x0C,
0x18,0x00,0x80,0x78,0x80,0x48,0x80,0x50,0x80,0x51,0x40,0x49,0x40,0x49,0x20,0x72,0x10,0x44,0x08,0x02,
0x00,0x7F,0xF0,0x02,0x00,0x02,0x00,0xFF,0xF8,0x20,0x80,0x20,0x80,0x27,0xF8,0x24,0x88,0xF4,0x90,0x24,
0x80,0x27,0xF0,0x25,0x10,0x25,0x10,0x24,0xA0,0x34,0xA0,0xC4,0x40,0x08,0xA0,0x13,0x18,0x20,0x40,0x20,
0x40,0x23,0xF8,0x22,0x48,0xFA,0x48,0x22,0x48,0x23,0xF8,0x22,0x48,0x22,0x48,0x22,0x48,0x3B,0xF8,0xE2,
0x48,0x00,0x40,0x00,0x40,0x20,0x00,0x27,0xF0,0x24,0x10,0x24,0x10,0xF4,0x10,0x27,0xF0,0x24,0x10,0x24,
0x10,0x24,0x10,0x24,0x10,0x37,0xF0,0xC0,0x00,0x00,0x00,0x0F,0xF8,0x20,0x00,0x27,0xF0,0x20,0x80,0x20,
0x80,0xF4,0x90,0x22,0x90,0x22,0xA0,0x20,0x80,0x2F,0xF8,0x20,0x80,0x30,0x80,0xC0,0x80,0x00,0x80,0x00,
0x80,0x20,0x00,0x27,0xF8,0x20,0x40,0x20,0x40,0xF8,0x80,0x21,0xA0,0x22,0x90,0x24,0x88,0x28,0x88,0x20,
0x80,0x38,0x80,0xE0,0x80,0x00,0x00,0x0F,0xF8,0x20,0x00,0x27,0xF8,0x20,0x10,0x20,0x10,0xFB,0xD0,0x22,
0x50,0x22,0x50,0x22,0x50,0x22,0x50,0x23,0xD0,0x3A,0x10,0xE0,0x10,0x00,0x10,0x00,0x70,0x00,0xE0,0x3F,
0x00,0x02,0x00,0x02,0x00,0x7F,0xF0,0x12,0x40,0x12,0x40,0xFF,0xF8,0x12,0x40,0x12,0x40,0x7F,0xF0,0x02,
0x00,0x02,0x00,0x3F,0xE0,0x21,0x00,0x20,0x80,0x20,0x80,0x27,0xF0,0xF8,0x00,0x20,0x20,0x24,0x20,0x24,
0x20,0x22,0x20,0x22,0x40,0x3A,0x40,0xE0,0x40,0x00,0x80,0x0F,0xF8,0x04,0x80,0x04,0x40,0xFF,0xF8,0x09,
0x00,0x09,0x20,0x11,0xC0,0x23,0x08,0x4C,0xF8,0x82,0x00,0x02,0x00,0x7F,0xF0,0x02,0x00,0x02,0x00,0xFF,
0xF8,0x00,0x10,0x7E,0x90,0x24,0x90,0x24,0x90,0xFF,0x90,0x24,0x90,0x24,0x10,0x44,0x10,0x82,0x70,0x02,
0x00,0x7F,0xF0,0x02,0x00,0x02,0x00,0xFF,0xF8,0x08,0x00,0x10,0x40,0x20,0x20,0x7F,0xF0,0x00,0x10,0x20,
0x40,0x48,0x90,0xFD,0xF8,0x04,0x08,0x02,0x00,0x7F,0xF0,0x02,0x00,0x02,0x00,0xFF,0xF8,0x20,0x00,0x23,
0xE0,0x22,0x20,0x22,0x20,0xFA,0x20,0x24,0x98,0x28,0x80,0x27,0xF8,0x20,0x80,0x21,0xC0,0x3A,0xA0,0xE4,
0x90,0x08,0x88,0x00,0x80,0x20,0x70,0x27,0x80,0x24,0x00,0x24,0x00,0xF7,0xF8,0x24,0x00,0x24,0x00,0x25,
0xF0,0x25,0x10,0x25,0x10,0x35,0x10,0xC5,0x10,0x09,0xF0,0x01,0x10,0x20,0x00,0x27,0xF8,0x20,0x00,0x20,
0x00,0xFB,0xF0,0x22,0x10,0x22,0x10,0x23,0xF0,0x22,0x10,0x22,0x10,0x3B,0xF0,0xE0,0x00,0x00,0x00,0x07,
0xF8,0x3F,0xE0,0x20,0x20,0x3F,0xE0,0x20,0x20,0x3F,0xE0,0x24,0x10,0x23,0x20,0x28,0xC0,0x30,0x38,0x02,
0x00,0x7F,0xF0,0x02,0x00,0xFF,0xF8,0x11,0x00,0x11,0x00,0xFB,0xE0,0x11,0x20,0x1B,0x20,0xF1,0xA0,0x11,
0x28,0x12,0x28,0x74,0x18,0x02,0x08,0x7F,0xF0,0x02,0x00,0x02,0x00,0xFF,0xF8,0x20,0x80,0x20,0x80,0x27,
0xF8,0x22,0x20,0xF4,0x10,0x2B,0xE8,0x20,0x00,0x2F,0xF8,0x22,0x00,0x23,0xF0,0x30,0x10,0xC0,0x10,0x00,
0x10,0x00,0x60,0x20,0x00,0x2F,0xF8,0x20,0x80,0x27,0xF0,0xF4,0x90,0x24,0x90,0x27,0xF0,0x24,0x90,0x24,
0x90,0x27,0xF0,0x32,0x80,0xC1,0x00,0x02,0xC0,0x0C,0x38,0x20,0x80,0x21,0x00,0x22,0x20,0x27,0xF0,0xF0,
0x10,0x22,0x00,0x23,0xF0,0x24,0x80,0x20,0x80,0x27,0xF8,0x30,0x80,0xC1,0x40,0x02,0x20,0x0C,0x18,0x20,
0x00,0x27,0xF0,0x24,0x90,0x24,0x90,0xF7,0xF0,0x24,0x90,0x24,0x90,0x27,0xF0,0x20,0x80,0x20,0x80,0x37,
0xF0,0xC0,0x80,0x00,0x80,0x0F,0xF8,0x20,0x50,0x20,0x48,0x20,0x40,0x27,0xF8,0xF4,0x40,0x24,0x48,0x27,
0x48,0x25,0x50,0x25,0x50,0x25,0x20,0x35,0x28,0xCB,0x68,0x08,0x98,0x11,0x08,0x20,0xA0,0x20,0x90,0x2F,
0xF8,0x20,0x80,0xF7,0xF0,0x24,0x90,0x24,0x90,0x27,0xF0,0x24,0x90,0x24,0x90,0x37,0xF0,0xC4,0x90,0x04,
0x90,0x04,0x30,0x20,0x40,0x20,0x50,0x20,0x48,0x27,0xF8,0xF0,0x40,0x27,0x48,0x25,0x48,0x25,0x48,0x27,
0x50,0x20,0x50,0x31,0x28,0xC6,0x68,0x00,0x98,0x01,0x08,0x20,0x80,0x21,0x00,0x27,0xF0,0x24,0x10,0xF7,
0xF0,0x24,0x00,0x27,0xF0,0x24,0x10,0x27,0xF0,0x20,0x80,0x37,0xF8,0xC0,0x80,0x00,0x80,0x00,0x80,0x20,
0x80,0x20,0x40,0x23,0xF0,0x20,0x00,0xFA,0x10,0x21,0x20,0x27,0xF8,0x20,0x00,0x20,0x00,0x23,0xF0,0x3A,
0x10,0xE2,0x10,0x03,0xF0,0x02,0x10,0x10,0x40,0x7F,0xF0,0x10,0x40,0x1F,0xC0,0x10,0x40,0x1F,0xC0,0x10,
0x40,0xFF,0xF8,0x20,0x20,0x42,0x10,0x9F,0xC8,0x02,0x00,0x02,0x00,0xFF,0xF8,0x02,0x00,0x22,0x20,0x12,
0x40,0xFF,0xF8,0x80,0x08,0x1F,0xC0,0x10,0x40,0x10,0x40,0x1F,0xC0,0x02,0x00,0x7F,0xF0,0x02,0x00,0x02,
0x00,0xFF,0xF8,0x21,0x40,0x21,0x20,0x22,0x00,0x23,0xF8,0xF6,0x40,0x2A,0x40,0x23,0xF0,0x22,0x40,0x22,
0x40,0x23,0xF0,0x32,0x40,0xC2,0x40,0x03,0xF8,0x02,0x00,0x10,0x18,0xFD,0xE0,0x21,0x00,0x51,0x00,0xFD,
0xF8,0x11,0x20,0x1D,0x20,0xF2,0x20,0x14,0x20,0x02,0x00,0x7F,0xF0,0x02,0x00,0x02,0x00,0xFF,0xF8,0x00,
0x80,0x7B,0xF8,0x49,0x00,0x51,0xF0,0x53,0x10,0x4D,0xF0,0x49,0x10,0x71,0xF0,0x41,0x10,0x41,0x30,0x02,
0x00,0x7F,0xF0,0x02,0x00,0xFF,0xF8,0x10,0x00,0x17,0xF0,0x24,0x10,0x67,0xF0,0xA0,0x80,0x2F,0xF8,0x22,
0xA0,0x24,0x90,0x28,0x88,0x02,0x00,0x7F,0xF0,0x02,0x00,0x02,0x00,0xFF,0xF8,0x20,0x00,0x23,0xF0,0x22,
0x10,0x23,0xF0,0xFA,0x10,0x23,0xF0,0x20,0x00,0x27,0xF8,0x20,0x40,0x22,0x40,0x3A,0x70,0xE2,0x40,0x05,
0x40,0x08,0xF8,0x22,0x20,0x22,0x20,0x27,0xF0,0x22,0x20,0xF3,0xE0,0x22,0x20,0x23,0xE0,0x22,0x20,0x2F,
0xF8,0x24,0x00,0x35,0x20,0xC6,0x10,0x04,0x00,0x07,0xF0,0x20,0x00,0x27,0xF8,0x24,0x00,0x25,0xF0,0xF5,
0x10,0x25,0xF0,0x25,0x10,0x25,0xF0,0x24,0x40,0x27,0xF8,0x34,0x90,0xC4,0x60,0x05,0x90,0x07,0xF8,0x20,
0x80,0x20,0x90,0x27,0xD0,0x20,0xA0,0xF0,0xC0,0x27,0xF8,0x21,0x00,0x22,0x00,0x27,0xF0,0x2A,0x10,0x33,
0xF0,0xC2,0x10,0x03,0xF0,0x02,0x10,0x20,0x00,0x27,0xF0,0x24,0x10,0x27,0xF0,0xF4,0x10,0x27,0xF0,0x20,
0x00,0x2F,0x78,0x21,0x08,0x29,0x48,0x35,0x28,0xC9,0x48,0x01,0x08,0x06,0x30,0x44,0x00,0x28,0xF0,0xFE,
0x90,0x10,0xF0,0x54,0x90,0x54,0xF0,0x7C,0x90,0x21,0x10,0x42,0x70,0x82,0x00,0x7F,0xF0,0x02,0x00,0x02,
0x00,0xFF,0xF8,0x22,0x20,0x22,0x20,0x2F,0xF8,0x22,0x20,0xF0,0x80,0x21,0x40,0x22,0x20,0x25,0xD0,0x28,
0x08,0x27,0xF0,0x34,0x10,0xC4,0x10,0x07,0xF0,0x04,0x10,0x20,0x80,0x20,0x40,0x27,0xF8,0x24,0x40,0xF5,
0xF0,0x24,0x50,0x27,0xF8,0x24,0x50,0x25,0xF0,0x24,0x40,0x35,0xF0,0xC5,0x10,0x05,0x10,0x09,0xF0,0x02,
0x00,0xFF,0xF8,0x88,0x88,0x3F,0xE0,0x08,0x80,0x3F,0xE0,0x08,0x80,0xFF,0xF8,0x10,0x40,0x22,0x20,0xDF,
0xD8,0x02,0x00,0x02,0x00,0xFF,0xF8,0x20,0x80,0x2F,0xF8,0x20,0x80,0x27,0xF0,0xF4,0x10,0x27,0xF0,0x24,
0x10,0x27,0xF0,0x24,0x10,0x27,0xF0,0x34,0x10,0xCF,0xF8,0x02,0x20,0x04,0x10,0x20,0x80,0x27,0xF0,0x22,
0x20,0x21,0x40,0xF7,0xF8,0x20,0x00,0x27,0xF0,0x24,0x10,0x27,0xF0,0x24,0x10,0x37,0xF0,0xC1,0x40,0x02,
0x48,0x0C,0x38,0x7D,0xF0,0x54,0x10,0x7C,0xA0,0x54,0x40,0x7D,0xF8,0x10,0x48,0x7C,0x50,0x10,0x40,0x1C,
0x40,0xE1,0xC0,0x02,0x00,0x7F,0xF0,0x02,0x00,0xFF,0xF8,0x20,0x80,0x20,0x40,0x27,0xF8,0x22,0x10,0xF1,
0x20,0x27,0xF8,0x24,0x08,0x25,0x28,0x26,0x18,0x25,0xE8,0x35,0x28,0xC5,0xE8,0x04,0x08,0x04,0x38,0x10,
0x40,0xFF,0xF8,0x10,0x40,0x3F,0xE0,0x20,0x20,0x3F,0xE0,0x20,0x20,0x3F,0xE0,0x08,0x00,0xFF,0xF8,0x22,
0x20,0xDF,0xD8,0x02,0x00,0x3F,0xE0,0x20,0x80,0x27,0xF0,0x20,0x80,0x24,0x90,0xF2,0xA0,0x2F,0xF8,0x20,
0x00,0x27,0xF0,0x24,0x10,0x25,0xD0,0x35,0x50,0xC5,0xD0,0x04,0x10,0x07,0xF0,0x24,0x10,0x22,0x20,0x2F,
0xF8,0x28,0x88,0xFA,0xA8,0x28,0x88,0x2F,0xF8,0x20,0x00,0x27,0xF0,0x24,0x10,0x37,0xF0,0xC4,0x10,0x07,
0xF0,0x04,0x10,0x20,0x80,0x20,0xF0,0x20,0x80,0x27,0xF8,0xF4,0x88,0x24,0xE0,0x27,0x88,0x24,0x78,0x24,
0x00,0x24,0xA0,0x36,0xA8,0xC9,0xB0,0x08,0xA0,0x13,0xF8,0x7F,0xF0,0x42,0x10,0x52,0x50,0x4A,0x90,0x7F,
0xF0,0x02,0x00,0x7F,0xF0,0x02,0x00,0xFF,0xF8,0x44,0x90,0x02,0x00,0x7F,0xF0,0x02,0x00,0xFF,0xF8,0x22,
0x40,0x2F,0x40,0x20,0x40,0x2F,0x78,0xF9,0x90,0x2F,0x50,0x20,0x50,0x2F,0x50,0x21,0x50,0x22,0x20,0x33,
0x20,0xCE,0x50,0x02,0x50,0x0E,0x88,0x7C,0x40,0x45,0xF8,0x45,0x10,0x7C,0xA0,0x41,0xF8,0x7C,0x40,0xC5,
0xF0,0x44,0x40,0x7C,0x40,0x02,0x00,0x7F,0xF0,0x02,0x00,0x02,0x00,0xFF,0xF8,0x20,0x80,0x2F,0xF8,0x20,
0x00,0x23,0xE0,0xF2,0x20,0x2F,0xF8,0x28,0x08,0x27,0xF0,0x21,0x00,0x26,0x90,0x31,0x60,0xC6,0xD0,0x01,
0x48,0x06,0xC0,0x20,0x80,0x2F,0xF8,0x20,0x00,0x27,0x70,0xF5,0x50,0x27,0x70,0x22,0x20,0x2F,0xF8,0x22,
0x20,0x27,0xF0,0x32,0x20,0xCF,0xF8,0x06,0x50,0x0B,0x38,0x02,0x00,0x02,0x00,0x02,0x00,0x02,0x00,0x02,
0x00,0xFF,0xF8,0x02,0x00,0x02,0x00,0x02,0x00,0x02,0x00,0x02,0x00,0x02,0x00,0x02,0x00,0x7F,0xF0,0x01,
0xE0,0x7E,0x00,0x02,0x00,0x02,0x00,0x02,0x00,0x02,0x00,0xFF,0xF8,0x02,0x00,0x02,0x00,0x02,0x00,0x02,
0x00,0x02,0x00,0x02,0x00,0x7F,0xF0,0x10,0x80,0x10,0x80,0x90,0x80,0x50,0x80,0x50,0x80,0x17,0xF8,0x10,
0x80,0x30,0x80,0x50,0x80,0x90,0x80,0x10,0x80,0x10,0x80,0x10,0x80,0x17,0xF0,0x02,0x00,0xFF,0xF8,0x02,
0x00,0x7F,0xF0,0x00,0x00,0x7F,0xF0,0x42,0x10,0x42,0x10,0x7F,0xF0,0x40,0x10,0x40,0x00,0x40,0x00,0x40,
0x00,0x80,0x00,0x02,0x00,0x02,0x00,0xFF,0xF8,0x02,0x00,0x3F,0xE0,0x00,0x00,0x7F,0xF0,0x40,0x10,0x0F,
0x80,0x08,0x80,0x08,0x80,0x08,0x88,0x10,0x88,0xE0,0x78,0x02,0x00,0x02,0x00,0xFF,0xF8,0x02,0x00,0x3F,
0xE0,0x00,0x00,0x7F,0xF0,0x40,0x10,0x08,0x80,0x48,0x90,0x28,0x90,0x28,0xA0,0x08,0x80,0xFF,0xF8,0x02,
0x00,0xFF,0xF8,0x02,0x00,0x7F,0xF0,0x00,0x00,0xFF,0xF8,0x80,0x08,0x3F,0xE0,0x00,0x00,0x3F,0xE0,0x20,
0x20,0x3F,0xE0,0x08,0x80,0xFF,0xF8,0x20,0x80,0x20,0x80,0x20,0x80,0x3C,0x80,0x44,0xA0,0x44,0x90,0x44,
0x88,0xA4,0x88,0x28,0x80,0x28,0x80,0x10,0x80,0x2C,0x80,0x43,0xF8,0x80,0x00,0x08,0x00,0x1F,0xE0,0x30,
0x40,0x48,0x80,0x07,0x00,0x18,0xC0,0xE0,0x38,0x3F,0xE0,0x22,0x20,0x22,0x20,0x3F,0xE0,0x22,0x20,0x22,
0x20,0x3F,0xE0,0x10,0x00,0x1F,0xF8,0x20,0x00,0x5F,0xE0,0x90,0x20,0x1F,0xE0,0x10,0x20,0x1F,0xE0,0x08,
0x00,0x1F,0xE0,0x68,0xC0,0x07,0x00,0x18,0xC0,0xE0,0x38,0xFF,0xF8,0x08,0x00,0x3F,0xE0,0x20,0x20,0x3F,
0xE0,0x20,0x20,0x3F,0xE0,0x20,0x20,0x3F,0xE0,0x08,0x00,0x3F,0xE0,0xD0,0x40,0x0F,0x80,0xF0,0x78,0x04,
0x00,0x04,0x00,0x08,0x00,0x0F,0xF0,0x10,0x10,0x28,0x20,0x44,0x20,0x02,0x40,0x02,0x80,0x01,0x00,0x02,
0x00,0x0C,0x00,0x30,0x00,0xC0,0x00,0x20,0x80,0x20,0x80,0x20,0x80,0x3C,0x80,0x44,0xC0,0x44,0xA0,0xA4,
0x90,0x18,0x88,0x08,0x88,0x10,0x80,0x10,0x80,0x20,0x80,0x40,0x80,0x80,0x80,0x08,0x00,0x08,0x00,0x1F,
0xC0,0x30,0x80,0x49,0x00,0x06,0x80,0x19,0x00,0xE3,0xF0,0x04,0x20,0x18,0x40,0x64,0x80,0x03,0x00,0x0C,
0x00,0xF0,0x00,0x04,0x00,0x02,0x00,0xFF,0xF8,0x11,0x00,0x11,0x00,0x21,0xF0,0x22,0x90,0x64,0x50,0xAA,
0x20,0x21,0x40,0x20,0x80,0x21,0x40,0x22,0x20,0x2C,0x18,0x20,0x40,0x20,0x78,0x3C,0x88,0x45,0x50,0x84,
0x20,0x74,0xC0,0x55,0x40,0x54,0x78,0x54,0x88,0x75,0x50,0x44,0x30,0x04,0x20,0x04,0x40,0x19,0x80,0x02,
0x00,0x02,0x00,0x02,0x00,0x02,0x00,0xFF,0xF8,0x02,0x00,0x05,0x00,0x05,0x00,0x05,0x00,0x08,0x80,0x08,
0x80,0x10,0x40,0x20,0x20,0xC0,0x18,0x7F,0xF0,0x02,0x00,0x02,0x00,0x02,0x00,0x02,0x00,0xFF,0xF8,0x02,
0x00,0x05,0x00,0x05,0x00,0x08,0x80,0x10,0x40,0x20,0x20,0xC0,0x18,0x02,0x00,0x02,0x00,0x02,0x00,0x02,
0x00,0xFF,0xF8,0x02,0x00,0x05,0x00,0x05,0x00,0x08,0x80,0x08,0x80,0x14,0x40,0x22,0x20,0x42,0x10,0x80,
0x08,0x02,0x00,0x02,0x00,0x7F,0xF0,0x02,0x00,0x02,0x00,0x02,0x00,0xFF,0xF8,0x02,0x00,0x05,0x00,0x05,
0x00,0x08,0x80,0x10,0x40,0x20,0x20,0xC0,0x18,0x01,0xE0,0x3E,0x00,0x02,0x00,0x02,0x00,0x02,0x00,0x02,
0x00,0xFF,0xF8,0x02,0x00,0x05,0x00,0x05,0x00,0x08,0x80,0x10,0x40,0x20,0x20,0xC0,0x18,0x02,0x00,0x02,
0x00,0x02,0x00,0x3F,0xE0,0x22,0x20,0x22,0x20,0x22,0x20,0x22,0x20,0xFF,0xF8,0x02,0x00,0x05,0x00,0x08,
0x80,0x30,0x60,0xC0,0x18,0x02,0x00,0x02,0x00,0xFF,0xF8,0x05,0x00,0x08,0x80,0x30,0x60,0xC4,0x18,0x04,
0x00,0x7F,0xE0,0x08,0x20,0x08,0x20,0x10,0x20,0x20,0x20,0x40,0xC0,0x02,0x00,0x12,0x00,0x12,0x00,0x1F,
0xE0,0x22,0x00,0x42,0x00,0x02,0x00,0xFF,0xF8,0x05,0x00,0x05,0x00,0x08,0x80,0x10,0x40,0x20,0x20,0xC0,
0x18,0x08,0x80,0x04,0x80,0x04,0x80,0x20,0x80,0x10,0x80,0x10,0x80,0x00,0x80,0xFF,0xF8,0x01,0x00,0x01,
0x40,0x02,0x20,0x04,0x10,0x18,0x08,0x60,0x08,0x02,0x00,0x02,0x00,0xFF,0xF8,0x02,0x00,0x7F,0xE0,0x02,
0x20,0x7F,0xE0,0x42,0x00,0x7F,0xF0,0x02,0x10,0x05,0x60,0x08,0x80,0x30,0x60,0xC0,0x18,0x02,0x00,0xFF,
0xF8,0x05,0x00,0x08,0x80,0x30,0x60,0xCF,0x98,0x00,0x00,0x7F,0xF0,0x10,0x00,0x1F,0xE0,0x00,0x20,0x00,
0x20,0x00,0x20,0x00,0xC0,0x02,0x00,0x02,0x00,0x02,0x00,0x7F,0xF0,0x02,0x00,0x22,0x20,0x12,0x40,0x02,
0x00,0xFF,0xF8,0x02,0x00,0x05,0x00,0x08,0x80,0x30,0x60,0xC0,0x18,0x02,0x00,0x02,0x00,0xFF,0xF8,0x05,
0x00,0x08,0x80,0x30,0x60,0xC0,0x18,0x00,0x40,0xFF,0xF8,0x00,0x40,0x20,0x40,0x10,0x40,0x08,0x40,0x01,
0xC0,0x02,0x00,0xFF,0xF8,0x05,0x00,0x08,0x80,0x32,0x60,0xC2,0x18,0x3F,0xE0,0x22,0x20,0x3F,0xE0,0x22,
0x20,0x3F,0xE0,0x22,0x08,0x02,0x08,0x01,0xF8,0x02,0x00,0x02,0x00,0x7F,0xF0,0x08,0x80,0x10,0x40,0xFF,
0xF8,0x00,0x20,0x3F,0x20,0x21,0x20,0x21,0x20,0x21,0x20,0x3F,0x20,0x20,0x20,0x00,0xE0,0x02,0x00,0xFF,
0xF8,0x05,0x00,0x08,0x80,0x30,0x60,0xDF,0xD8,0x00,0x00,0x00,0x00,0x7F,0xF0,0x02,0x00,0x12,0x40,0x22,
0x20,0x42,0x10,0x0E,0x00,0x02,0x00,0x7F,0xF0,0x02,0x00,0x3F,0xE0,0x04,0x00,0xFF,0xF8,0x10,0x40,0x22,
0x20,0xDF,0xD8,0x02,0x00,0x02,0x00,0x7F,0xF0,0x02,0x00,0x02,0x00,0x02,0x00,0xFF,0xF8,0x05,0x00,0x08,
0x80,0x30,0x60,0xC0,0x18,0x3F,0xE0,0x22,0x20,0x22,0x20,0x3F,0xE0,0x22,0x20,0x22,0x20,0x3F,0xE0,0x20,
0x20,0x02,0x00,0xFF,0xF8,0x05,0x00,0x08,0x80,0x32,0x60,0xC2,0x18,0x1F,0xC0,0x02,0x00,0x7F,0xF0,0x00,
0x00,0x02,0x00,0x3F,0xE0,0x02,0x00,0xFF,0xF8,0x02,0x00,0x7F,0xF0,0x02,0x00,0x3F,0xE0,0x04,0x00,0xFF,
0xF8,0x10,0x40,0x20,0x20,0xCF,0x98,0x02,0x00,0x3F,0xE0,0x04,0x80,0x08,0x40,0x30,0x20,0x10,0x00,0x7D,
0xF0,0x10,0x90,0x7C,0x90,0x10,0x90,0xFD,0x10,0x11,0x60,0x12,0x00,0x02,0x00,0xFF,0xF8,0x05,0x00,0x08,
0x80,0x30,0x60,0xC0,0x18,0x02,0x00,0xFF,0xF8,0x05,0x00,0x08,0x80,0x32,0x60,0xCF,0x98,0x02,0x00,0x12,
0x40,0x10,0x40,0xFF,0xF8,0x10,0x40,0x10,0x40,0x20,0x40,0x40,0x40,0x08,0x80,0x48,0x80,0x28,0xF0,0x09,
0x10,0x1A,0xA0,0x28,0x40,0xC8,0x80,0x0B,0x00,0x02,0x00,0xFF,0xF8,0x05,0x00,0x08,0x80,0x30,0x60,0xC0,
0x18,0x02,0x00,0xFF,0xF8,0x05,0x00,0x08,0x80,0x3F,0xE0,0xD0,0x18,0x1F,0xC0,0x10,0x00,0x1F,0xC0,0x10,
0x00,0xFF,0xF8,0x08,0x00,0x10,0x40,0x3F,0xE0,0x10,0x40,0xFF,0xF8,0x08,0x80,0x7F,0xF0,0x48,0x90,0x50,
0x70,0x60,0x10,0x5F,0xD0,0x40,0x10,0x7F,0xF0,0x02,0x00,0xFF,0xF8,0x18,0xC0,0xE0,0x38,0x02,0x00,0xFF,
0xF8,0x08,0x80,0x30,0x60,0xC4,0x18,0x1F,0xA0,0x04,0x40,0xFF,0xF8,0x03,0x00,0x1F,0xE0,0xF0,0x20,0x1F,
0xE0,0x10,0x20,0x1F,0xE0,0x08,0x00,0x7F,0xF0,0x52,0x50,0x4A,0x90,0x5F,0xD0,0x47,0x10,0x4A,0x90,0x52,
0x50,0x40,0x10,0x02,0x00,0xFF,0xF8,0x08,0x80,0x30,0x60,0xC0,0x18,0x04,0x00,0x04,0x00,0x04,0x00,0x04,
0x00,0xFF,0xF8,0x08,0x40,0x08,0x40,0x10,0x80,0x30,0x80,0x0D,0x00,0x03,0x00,0x04,0xC0,0x18,0x20,0xE0,
0x10,0x20,0x00,0x23,0xF0,0x21,0x10,0xF9,0x10,0x49,0x10,0x49,0x10,0x48,0xA0,0x88,0xA0,0x48,0xA0,0x30,
0x40,0x10,0x40,0x28,0xA0,0x49,0x10,0x82,0x08,0x20,0x00,0x27,0xF0,0x21,0x10,0xF9,0x10,0x49,0x20,0x49,
0x20,0x49,0x38,0x91,0x08,0x51,0x08,0x21,0x08,0x52,0x08,0x4A,0x08,0x84,0x08,0x08,0x70,0x20,0x00,0x27,
0xF0,0x20,0x80,0xF8,0x80,0x48,0x80,0x48,0x80,0x4F,0xF8,0x90,0x80,0x50,0x80,0x20,0x80,0x50,0x80,0x48,
0x80,0x80,0x80,0x00,0x80,0x20,0x80,0x20,0x80,0x24,0x90,0xF4,0xB0,0x55,0xD0,0x5E,0x90,0x54,0x90,0x54,
0x90,0x94,0x90,0x54,0xB0,0x24,0x80,0x54,0x08,0x54,0x08,0x83,0xF8,0x20,0x00,0x23,0xF0,0x20,0x10,0xF8,
0x20,0x48,0x40,0x48,0x40,0x4B,0xF8,0x88,0x40,0x48,0x40,0x30,0x40,0x10,0x40,0x28,0x40,0x48,0x40,0x81,
0xC0,0x10,0x00,0x10,0x00,0x11,0xF8,0xFD,0x08,0x25,0x08,0x25,0x08,0x25,0x08,0x45,0x08,0x49,0x08,0x29,
0x08,0x11,0x08,0x29,0xF8,0x45,0x08,0x80,0x00,0x20,0x00,0x23,0xF0,0x20,0x10,0xF8,0x10,0x48,0x10,0x48,
0x10,0x4B,0xF0,0x8A,0x00,0x4A,0x00,0x32,0x00,0x12,0x00,0x2A,0x08,0x4A,0x08,0x81,0xF8,0x04,0x00,0x02,
0x00,0xFF,0xF8,0x20,0x00,0x20,0x00,0x3F,0xE0,0x00,0x00,0x04,0x00,0xFF,0xF8,0x08,0x40,0x18,0x80,0x07,
0x00,0x18,0xE0,0xE0,0x10,0x10,0x80,0x10,0x80,0x90,0x80,0x50,0x80,0x53,0xF8,0x11,0x10,0x11,0x10,0x31,
0x10,0x53,0x20,0x90,0xA0,0x10,0x40,0x10,0xA0,0x11,0x10,0x12,0x08,0x20,0x00,0x23,0xF8,0x20,0x08,0xF8,
0x08,0x48,0x08,0x48,0x08,0x49,0xF8,0x88,0x08,0x48,0x08,0x30,0x08,0x10,0x08,0x28,0x08,0x4B,0xF8,0x80,
0x08,0x20,0x00,0x27,0xE0,0x20,0x20,0xFA,0x20,0x4A,0x20,0x4A,0x20,0x4B,0xF8,0x88,0x08,0x48,0x08,0x37,
0xE8,0x10,0x08,0x28,0x08,0x48,0x08,0x80,0x30,0x20,0x00,0x20,0x70,0x23,0x80,0xF8,0x80,0x48,0x80,0x48,
0x80,0x48,0x80,0x8F,0xF8,0x48,0x80,0x30,0x80,0x10,0x80,0x28,0x80,0x48,0x80,0x83,0xF0,0x20,0x80,0x20,
0x40,0x23,0xF8,0xFA,0x08,0x4A,0x08,0x4A,0x08,0x4B,0xF8,0x8A,0x08,0x4A,0x00,0x32,0x00,0x12,0x00,0x2A,
0x00,0x4A,0x00,0x84,0x00,0x20,0x40,0x20,0x40,0x20,0x40,0xFB,0xF8,0x48,0x40,0x48,0x40,0x4B,0xF0,0x91,
0x10,0x51,0x10,0x20,0xA0,0x50,0x40,0x48,0xA0,0x81,0x10,0x06,0x08,0x20,0x00,0x20,0x30,0x21,0xC0,0xF8,
0x40,0x48,0x40,0x48,0x40,0x4B,0xF8,0x88,0x40,0x48,0x40,0x30,0xA0,0x10,0xA0,0x29,0x10,0x4A,0x10,0x84,
0x08,0x20,0x80,0x20,0x80,0x20,0x80,0xFA,0xA0,0x4A,0x90,0x4A,0x88,0x4C,0x88,0x90,0x80,0x50,0x90,0x20,
0x10,0x50,0x20,0x48,0x40,0x81,0x80,0x06,0x00,0x03,0xF8,0xFC,0x00,0x04,0x10,0x42,0x10,0x22,0x20,0x20,
0x40,0x04,0x00,0xFF,0xF8,0x08,0x40,0x10,0x40,0x38,0x80,0x07,0x00,0x18,0xE0,0xE0,0x10,0x20,0x80,0x20,
0x40,0x20,0x00,0xFB,0xF8,0x49,0x00,0x49,0x00,0x49,0xF0,0x89,0x10,0x49,0x10,0x31,0x10,0x11,0x10,0x2A,
0x10,0x4A,0x10,0x84,0x60,0x20,0x00,0x23,0xF0,0x22,0x10,0xFA,0x10,0x4B,0xF0,0x4A,0x00,0x4A,0x88,0x92,
0x90,0x52,0xA0,0x22,0xC0,0x52,0x80,0x4A,0x88,0x84,0x88,0x08,0x78,0x20,0x80,0x20,0x80,0x27,0xF0,0xF8,
0x80,0x48,0x80,0x48,0x80,0x4F,0xF8,0x89,0xC0,0x4A,0xA0,0x32,0xA0,0x14,0x90,0x28,0x88,0x48,0x80,0x80,
0x80,0x02,0x00,0x7F,0xF0,0x02,0x00,0x3F,0xE0,0x02,0x20,0xFF,0xF8,0x02,0x20,0x3F,0xE0,0x04,0x00,0xFF,
0xF8,0x08,0x40,0x1C,0x80,0x07,0x80,0x78,0x70,0x20,0x00,0x23,0xE0,0x22,0x20,0xF3,0x20,0x52,0xA0,0x52,
0x20,0x5F,0xF8,0x54,0x20,0x95,0x20,0x54,0xA0,0x27,0xF0,0x50,0x20,0x50,0x20,0x80,0xC0,0x20,0x40,0x20,
0x40,0x20,0x78,0xFB,0xC0,0x4A,0x40,0x4A,0x40,0x4A,0x40,0x8B,0xF8,0x48,0xC8,0x31,0x48,0x12,0x48,0x2C,
0x58,0x48,0x40,0x80,0x40,0x20,0x80,0x20,0x80,0x21,0x00,0xF9,0x20,0x4A,0x10,0x4F,0xF8,0x48,0x08,0x88,
0x00,0x4B,0xF0,0x32,0x10,0x12,0x10,0x2A,0x10,0x4B,0xF0,0x82,0x10,0x20,0x00,0x23,0xF0,0x22,0x10,0xFA,
0x10,0x4A,0x10,0x4B,0xF0,0x4A,0x10,0x8A,0x10,0x4A,0x10,0x33,0xF0,0x12,0x10,0x2A,0x10,0x4A,0x10,0x87,
0xF8,0x20,0x80,0x20,0x80,0x20,0x80,0xFB,0xF8,0x48,0x80,0x48,0x80,0x48,0x80,0x8B,0xF0,0x4A,0x10,0x32,
0x10,0x12,0x10,0x2A,0x10,0x4B,0xF0,0x82,0x10,0x20,0x40,0x20,0x40,0x22,0x40,0xFA,0x40,0x4B,0xF8,0x4A,
0x40,0x4C,0x40,0x88,0x40,0x4B,0xF0,0x30,0x40,0x10,0x40,0x28,0x40,0x48,0x40,0x87,0xF8,0x00,0xE0,0x3F,
0x00,0x02,0x00,0xFF,0xF8,0x0A,0x80,0x32,0x60,0xC2,0x18,0x04,0x00,0xFF,0xF8,0x08,0x40,0x18,0x80,0x07,
0x00,0x18,0xE0,0xE0,0x10,0x21,0x40,0x21,0x40,0x21,0x48,0xF5,0x50,0x53,0x60,0x51,0x40,0x51,0x40,0x53,
0x60,0x95,0x50,0x51,0x48,0x22,0x40,0x52,0x48,0x54,0x48,0x88,0x38,0x10,0x40,0x08,0x80,0x7F,0xF0,0x02,
0x00,0x3F,0xE0,0x02,0x00,0xFF,0xF8,0x04,0x00,0xFF,0xF8,0x08,0x40,0x18,0x80,0x07,0x00,0x18,0xE0,0xE0,
0x10,0x20,0x80,0x20,0x88,0x23,0xE8,0xF8,0x90,0x48,0x90,0x48,0xA0,0x4B,0xF8,0x88,0x80,0x49,0x00,0x37,
0x30,0x11,0xC0,0x29,0x08,0x49,0x08,0x80,0xF8,0x20,0x80,0x20,0x80,0x27,0xF8,0xF0,0x80,0x57,0xF0,0x50,
0x90,0x57,0xF0,0x54,0x80,0x97,0xF8,0x50,0x88,0x20,0xB0,0x51,0x40,0x52,0x20,0x84,0x18,0x20,0x00,0x23,
0xF8,0x22,0x20,0xFA,0x20,0x4A,0x20,0x4A,0xF8,0x4A,0x88,0x92,0x88,0x52,0x88,0x22,0xF8,0x52,0x20,0x4A,
0x20,0x82,0x20,0x03,0xF8,0x20,0x00,0x23,0xF8,0x22,0x08,0xFA,0x48,0x4A,0x48,0x4B,0xF8,0x4A,0x48,0x8A,
0x48,0x4A,0xA8,0x33,0x18,0x12,0x08,0x2A,0x08,0x4B,0xF8,0x82,0x08,0x42,0x00,0x23,0xF0,0x04,0x90,0x08,
0x80,0x21,0x40,0x42,0x20,0x8C,0x18,0x04,0x00,0xFF,0xF8,0x08,0x40,0x18,0x80,0x07,0x00,0x18,0xE0,0xE0,
0x10,0x00,0xA0,0x00,0x90,0x7F,0xF8,0x40,0x80,0x7E,0x80,0x48,0x90,0x48,0x90,0x7E,0xA0,0x52,0xA0,0x52,
0x40,0x4C,0x48,0x52,0xA8,0xA1,0x18,0x02,0x08,0x20,0x40,0x20,0x40,0x23,0xF0,0xF8,0x40,0x48,0x40,0x4B,
0xF8,0x48,0x00,0x88,0x40,0x48,0x40,0x33,0xF0,0x10,0x40,0x28,0x40,0x48,0x40,0x83,0xF8,0x02,0x00,0x22,
0x20,0x12,0x40,0x7F,0xF0,0x0A,0x80,0x32,0x60,0xC2,0x18,0x04,0x00,0xFF,0xF8,0x08,0x40,0x18,0x80,0x07,
0x00,0x18,0xE0,0xE0,0x10,0x20,0x70,0x23,0x80,0x20,0x80,0xF0,0x80,0x57,0xF8,0x51,0x20,0x52,0x10,0x54,
0x08,0x91,0x20,0x51,0x20,0x21,0x20,0x51,0x20,0x52,0x20,0x84,0x20,0x20,0x80,0x20,0x40,0x23,0xF0,0xFA,
0x10,0x4A,0x10,0x4B,0xF0,0x4A,0x10,0x8A,0x10,0x4B,0xF0,0x32,0x48,0x12,0x50,0x2A,0x20,0x4A,0x90,0x83,
0x08,0x20,0x00,0x2F,0x78,0x25,0x48,0xF5,0x48,0x55,0x48,0x5F,0x50,0x55,0x50,0x55,0x48,0x9F,0x48,0x55,
0x48,0x25,0x48,0x59,0x70,0x49,0x40,0x93,0x40,0x20,0x00,0x21,0xF0,0x21,0x10,0xF9,0x10,0x49,0xF0,0x48,
0x00,0x4B,0xF8,0x8A,0x08,0x4B,0xF8,0x32,0x08,0x13,0xF8,0x2A,0x08,0x4A,0x08,0x82,0x38,0x20,0x00,0x27,
0xF8,0x24,0x00,0xF4,0x00,0x55,0xF0,0x54,0x00,0x54,0x00,0x57,0xF8,0x95,0x40,0x55,0x48,0x25,0x30,0x55,
0x20,0x55,0x90,0x89,0x08,0x20,0x40,0x21,0x50,0x26,0x48,0xF2,0x48,0x52,0x40,0x5F,0xF8,0x52,0x40,0x52,
0x50,0x93,0x50,0x5E,0x30,0x22,0x28,0x52,0x28,0x52,0x58,0x86,0x88,0x21,0x00,0x21,0x00,0x23,0xE0,0xF4,
0x20,0x58,0x40,0x57,0xF0,0x54,0x90,0x54,0x90,0x97,0xF0,0x51,0x40,0x21,0x40,0x52,0x40,0x54,0x48,0x88,
0x38,0x23,0xF0,0x22,0x10,0x22,0x10,0xFB,0xF0,0x48,0x00,0x48,0x00,0x4B,0xF0,0x90,0x80,0x50,0x80,0x27,
0xF8,0x51,0x40,0x4A,0x20,0x84,0x10,0x08,0x08,0xFD,0xF0,0x48,0x90,0x78,0x90,0x48,0x90,0x78,0xA0,0x4E,
0x40,0xF8,0xA0,0x09,0x18,0x04,0x00,0xFF,0xF8,0x08,0x40,0x1C,0x80,0x07,0x80,0x78,0x70,0x40,0x40,0x27,
0xF8,0x84,0x48,0x47,0xF0,0x15,0x10,0x25,0x20,0x48,0xC0,0x93,0x38,0x04,0x00,0xFF,0xF8,0x08,0x40,0x1C,
0x80,0x07,0x80,0x78,0x70,0x20,0x80,0x20,0x40,0x27,0xF8,0xF4,0x08,0x52,0x00,0x52,0x38,0x53,0xA8,0x54,
0xA8,0x9A,0xA8,0x52,0xB8,0x21,0x20,0x51,0x28,0x52,0x28,0x84,0x18,0x20,0x70,0x27,0xC0,0x24,0x40,0xF7,
0xF8,0x54,0x40,0x55,0x28,0x56,0x18,0x54,0x08,0x93,0xF0,0x52,0x10,0x23,0xF0,0x52,0x10,0x53,0xF0,0x82,
0x10,0x10,0x40,0x10,0x40,0xFD,0xF8,0x38,0xE0,0x55,0x50,0x92,0x48,0x10,0x40,0x04,0x00,0xFF,0xF8,0x08,
0x40,0x18,0x80,0x07,0x00,0x18,0xE0,0xE0,0x10,0x7D,0xF0,0x45,0x10,0x55,0x50,0x55,0x50,0x55,0x50,0x28,
0xA0,0x45,0x10,0x04,0x00,0xFF,0xF8,0x08,0x40,0x18,0x80,0x07,0x00,0x18,0xE0,0xE0,0x10,0x20,0x80,0x2F,
0xF8,0x28,0x08,0xF0,0x80,0x57,0xF0,0x54,0x90,0x54,0x90,0x57,0xF0,0x94,0x90,0x54,0x90,0x27,0xF0,0x54,
0x90,0x50,0x80,0x80,0x80,0x20,0x00,0x23,0xF8,0x20,0x48,0xFA,0x70,0x4A,0x40,0x4D,0xF8,0x48,0x00,0x8B,
0xF0,0x4A,0x10,0x33,0xF0,0x12,0x10,0x2B,0xF0,0x4A,0x10,0x82,0x70,0x22,0x20,0x22,0x20,0x27,0xF0,0xF2,
0x20,0x53,0xE0,0x52,0x20,0x53,0xE0,0x50,0x80,0x97,0xF8,0x51,0xC0,0x22,0xA0,0x54,0x90,0x48,0x88,0x80,
0x80,0x20,0x00,0x23,0xF8,0x22,0x48,0xFA,0x48,0x4B,0xF8,0x4A,0x00,0x4A,0xF8,0x92,0x88,0x52,0xF8,0x22,
0x88,0x52,0xF8,0x4A,0x88,0x84,0xF8,0x08,0x88,0x20,0x80,0x21,0x00,0x27,0xF0,0xF4,0x10,0x57,0xF0,0x54,
0x10,0x57,0xF0,0x54,0x10,0x97,0xF0,0x51,0x00,0x20,0x90,0x5A,0x88,0x4A,0x28,0x91,0xE0,0x20,0x80,0x20,
0x40,0x27,0xF8,0xF4,0x08,0x50,0x00,0x57,0xF0,0x51,0x00,0x52,0x88,0x95,0x50,0x52,0xE0,0x25,0x50,0x52,
0x50,0x54,0x48,0x81,0x80,0x20,0x40,0x21,0x40,0x22,0x58,0xFA,0x48,0x4B,0x58,0x4A,0x48,0x4B,0xF8,0x88,
0x40,0x4B,0xF0,0x31,0x10,0x10,0xA0,0x28,0x40,0x48,0xA0,0x83,0x18,0x20,0x40,0x20,0x20,0x23,0xF8,0xF2,
0x00,0x5A,0x40,0x56,0x70,0x52,0xA0,0x56,0x20,0x9A,0xF8,0x52,0x20,0x22,0x20,0x54,0x50,0x54,0x50,0x88,
0x88,0x22,0x20,0x21,0x40,0x27,0xF8,0xF1,0x40,0x57,0xF0,0x51,0x50,0x5F,0xF8,0x51,0x50,0x97,0xF0,0x51,
0x40,0x23,0x60,0x55,0x50,0x49,0x48,0x81,0x40,0x20,0x80,0x20,0x40,0x23,0xF8,0xF9,0x10,0x48,0xA0,0x4B,
0xF8,0x4A,0x48,0x8B,0xF8,0x4A,0x48,0x32,0xE8,0x12,0xA8,0x2A,0xE8,0x4A,0x08,0x82,0x38,0x42,0x10,0x42,
0x10,0x4F,0x90,0xE2,0x38,0xAF,0xA8,0xAA,0xC8,0xAA,0xA8,0xAF,0xA8,0xA2,0x28,0x47,0x10,0x4A,0x90,0xB2,
0x28,0xA2,0x48,0x02,0x80,0x7F,0xF0,0x00,0x20,0x00,0x40,0x00,0x80,0x01,0x00,0x02,0x00,0xFF,0xF8,0x02,
0x00,0x02,0x00,0x02,0x00,0x02,0x00,0x02,0x00,0x02,0x00,0x0E,0x00,0x01,0x00,0xFD,0x00,0x05,0x00,0x09,
0x00,0x11,0x00,0x11,0x00,0x1D,0x00,0x31,0x00,0xD1,0x00,0x11,0x00,0x11,0x00,0x11,0x08,0x11,0x08,0x70,
0xF8,0x7F,0xE0,0x10,0x20,0x10,0x40,0x10,0xF0,0x20,0x10,0x2F,0x90,0x40,0x90,0x81,0x60,0x02,0x00,0xFF,
0xF8,0x02,0x00,0x02,0x00,0x02,0x00,0x0E,0x00,0x04,0x00,0x02,0x00,0xFF,0xF8,0x80,0x08,0x80,0x08,0x3F,
0xC0,0x00,0x80,0x01,0x00,0x02,0x00,0xFF,0xF8,0x02,0x00,0x02,0x00,0x02,0x00,0x0E,0x00,0x04,0x00,0x04,
0x00,0xFF,0xF8,0x08,0x00,0x10,0x00,0x13,0xF0,0x30,0x20,0x50,0x40,0x90,0x40,0x17,0xF8,0x10,0x40,0x10,
0x40,0x10,0x40,0x11,0xC0,0x00,0x40,0xFC,0x40,0x04,0x40,0x08,0x40,0x10,0x40,0x11,0x60,0x1D,0x50,0x32,
0x50,0xD2,0x48,0x14,0x48,0x10,0x40,0x10,0x40,0x10,0x40,0x71,0xC0,0x00,0x80,0xFC,0x80,0x04,0x80,0x08,
0xF8,0x11,0x10,0x11,0x10,0x1E,0x90,0x30,0xA0,0xD0,0xA0,0x10,0x40,0x10,0x40,0x10,0xA0,0x11,0x10,0x72,
0x08,0x04,0x00,0x04,0x10,0x3F,0xA0,0x04,0x40,0x04,0x80,0xFF,0xF8,0x02,0x00,0x3F,0xC0,0x08,0x80,0x31,
0x00,0xDF,0xF8,0x01,0x00,0x01,0x00,0x07,0x00,0x3F,0xE0,0x00,0xC0,0x03,0x00,0xFF,0xF8,0x02,0x00,0x02,
0x00,0x0E,0x00,0x00,0x00,0x3F,0xE0,0x25,0x20,0x25,0x20,0x25,0x20,0xFF,0xF8,0x01,0xE0,0x3E,0x00,0x02,
0x00,0xFF,0xF8,0x0A,0x80,0x32,0x60,0xC0,0x18,0x1F,0x80,0x01,0x00,0x02,0x00,0xFF,0xF8,0x02,0x00,0x02,
0x00,0x0E,0x00,0xF0,0xF0,0x17,0x40,0x25,0x40,0x25,0x40,0x25,0x40,0x2D,0x40,0x35,0x20,0xE5,0x20,0x25,
0x20,0x25,0x10,0x25,0x50,0x29,0xA8,0xE1,0x00,0x24,0x20,0x12,0x40,0x00,0x80,0xFF,0xF8,0x80,0x08,0x80,
0x08,0x3F,0xC0,0x00,0x80,0x03,0x00,0xFF,0xF8,0x02,0x00,0x02,0x00,0x02,0x00,0x0E,0x00,0x01,0x00,0xF0,
0x80,0x17,0xF8,0x20,0x80,0x21,0x20,0x22,0x20,0x2F,0xC0,0x30,0x90,0xE1,0x10,0x22,0x20,0x24,0x40,0x20,
0xA0,0x21,0x10,0xE6,0x10,0x04,0x00,0x02,0x00,0xFF,0xF8,0x28,0xA0,0x48,0x90,0x88,0x88,0x00,0x00,0x3F,
0xC0,0x00,0x80,0x01,0x00,0xFF,0xF8,0x02,0x00,0x02,0x00,0x0E,0x00,0x10,0x80,0xFE,0x80,0x00,0x80,0x7D,
0xE0,0x44,0xA0,0x7C,0xA0,0x01,0xA0,0x7C,0xA0,0x08,0xE0,0x1E,0xA0,0xF0,0xA0,0x11,0x28,0x11,0x18,0x72,
0x08,0x20,0x18,0xC0,0xE0,0x8E,0x00,0xAA,0xA8,0xAA,0xA8,0xEE,0x00,0xAA,0xF8,0xAA,0x10,0xEE,0x20,0xA8,
0xF8,0x28,0x20,0x48,0x20,0x48,0x20,0x88,0xE0,0x03,0xF8,0xF0,0x40,0x13,0xF8,0x22,0x48,0x21,0x50,0x20,
0x40,0x2B,0x58,0x30,0x00,0xE3,0xF8,0x20,0x40,0x23,0xF8,0x22,0xA8,0x22,0xA8,0xE2,0x18,0x08,0x80,0xFF,
0xF8,0x28,0xA0,0x7C,0xF8,0x44,0x50,0x7D,0xF8,0x40,0x20,0x7C,0xF8,0x44,0x20,0x7F,0xA0,0x01,0x00,0xFF,
0xF8,0x02,0x00,0x06,0x00,0x04,0x00,0x02,0x00,0xFF,0xF8,0x80,0x08,0x80,0x08,0x00,0x00,0x7F,0xF0,0x02,
0x00,0x02,0x00,0x02,0x00,0x02,0x00,0x02,0x00,0x02,0x00,0x0E,0x00,0x04,0x00,0x02,0x00,0xFF,0xF8,0x80,
0x08,0xA0,0x08,0x20,0x00,0x20,0x60,0x23,0x80,0x3C,0x00,0x20,0x00,0x20,0x10,0x20,0x10,0x20,0x10,0x1F,
0xF0,0x04,0x00,0x02,0x00,0xFF,0xF8,0x80,0x08,0x01,0xE0,0x3E,0x00,0x04,0x00,0x04,0x00,0x07,0xF8,0xFC,
0x00,0x04,0x00,0x04,0x08,0x04,0x08,0x03,0xF8,0x04,0x00,0x02,0x00,0xFF,0xF8,0x80,0x08,0x00,0x00,0x3F,
0xE0,0x02,0x00,0x02,0x00,0x02,0x00,0xFF,0xF8,0x02,0x00,0x02,0x00,0x02,0x00,0x0E,0x00,0x04,0x00,0x02,
0x00,0xFF,0xF8,0x80,0x08,0x80,0x48,0x00,0x40,0xFF,0xF8,0x00,0x40,0x20,0x40,0x10,0x40,0x08,0x40,0x08,
0x40,0x00,0x40,0x01,0xC0,0x04,0x00,0x02,0x00,0xFF,0xF8,0x80,0x08,0x84,0x08,0x04,0x00,0xFF,0xF8,0x08,
0x40,0x10,0x40,0x3C,0x80,0x03,0x00,0x04,0xC0,0x18,0x20,0xE0,0x10,0x04,0x00,0x02,0x00,0xFF,0xF8,0x80,
0x08,0x82,0x08,0x02,0x00,0xFF,0xF8,0x07,0x00,0x0A,0x80,0x12,0x40,0x22,0x20,0xC2,0x18,0x02,0x00,0x02,
0x00,0x04,0x00,0x02,0x00,0xFF,0xF8,0x80,0x08,0x00,0x00,0x3F,0xE0,0x00,0x00,0x00,0x00,0xFF,0xF8,0x08,
0x80,0x08,0x80,0x10,0x88,0x20,0x88,0xC0,0x78,0x04,0x00,0x02,0x00,0xFF,0xF8,0x80,0x08,0x04,0x00,0x04,
0x00,0x7F,0xF0,0x08,0x00,0x09,0x00,0x11,0x00,0x12,0x40,0x24,0x20,0x4F,0xF0,0x80,0x10,0x04,0x00,0x02,
0x00,0xFF,0xF8,0x80,0x08,0x80,0x08,0x1F,0xC0,0x00,0x00,0x00,0x00,0x7F,0xF0,0x02,0x00,0x12,0x40,0x22,
0x20,0x42,0x10,0x0E,0x00,0x04,0x00,0x02,0x00,0xFF,0xF8,0x80,0x08,0x3F,0xE0,0x20,0x20,0x20,0x20,0x3F,
0xE0,0x20,0x00,0x3F,0xF0,0x20,0x10,0x20,0x10,0x3F,0xF0,0x20,0x10,0x04,0x00,0x02,0x00,0xFF,0xF8,0x80,
0x08,0x82,0x08,0x02,0x00,0x7F,0xF0,0x42,0x10,0x42,0x10,0x7F,0xF0,0x42,0x10,0x42,0x10,0x7F,0xF0,0x40,
0x10,0x04,0x00,0x02,0x00,0xFF,0xF8,0x80,0x08,0x00,0x00,0x3F,0xE0,0x02,0x00,0x02,0x00,0x22,0x00,0x23,
0xE0,0x22,0x00,0x22,0x00,0x52,0x00,0x8F,0xF8,0x04,0x00,0x02,0x00,0xFF,0xF8,0x80,0x08,0x20,0x00,0x3D,
0xF0,0x25,0x10,0x45,0x10,0x65,0x10,0x99,0x60,0x09,0x00,0x11,0x08,0x21,0x08,0xC0,0xF8,0x04,0x00,0x02,
0x00,0xFF,0xF8,0x80,0x08,0x3F,0xE0,0x20,0x20,0x20,0x20,0x3F,0xE0,0x20,0x20,0x20,0x20,0x3F,0xE0,0x20,
0x20,0x20,0x20,0xFF,0xF8,0x04,0x00,0x02,0x00,0xFF,0xF8,0x80,0x08,0x00,0x00,0x7F,0xF0,0x02,0x00,0x02,
0x00,0x02,0x00,0x3F,0xE0,0x02,0x00,0x02,0x40,0x02,0x20,0xFF,0xF8,0x04,0x00,0x02,0x00,0xFF,0xF8,0x80,
0x08,0x08,0x80,0x04,0x80,0x20,0x80,0x10,0x80,0x01,0x00,0xFF,0xF8,0x02,0x80,0x04,0x40,0x18,0x20,0x60,
0x10,0x04,0x00,0x02,0x00,0xFF,0xF8,0x84,0x08,0x04,0x80,0x04,0x40,0xFF,0xF8,0x09,0x00,0x11,0x10,0x11,
0x20,0x21,0x40,0x21,0x88,0x43,0x08,0x8C,0xF8,0x04,0x00,0x02,0x00,0xFF,0xF8,0x80,0x08,0x02,0x00,0x7F,
0xF0,0x42,0x10,0x42,0x10,0x7F,0xF0,0x42,0x10,0x42,0x10,0x7F,0xF0,0x42,0x10,0x02,0x00,0x04,0x00,0x02,
0x00,0xFF,0xF8,0x88,0x08,0x1F,0xE0,0x68,0xC0,0x07,0x00,0x18,0xC0,0xE0,0x38,0x3F,0xE0,0x20,0x20,0x20,
0x20,0x3F,0xE0,0x20,0x20,0x04,0x00,0x02,0x00,0xFF,0xF8,0x80,0x08,0x00,0x00,0x7F,0xF0,0x00,0x00,0x3F,
0xE0,0x20,0x20,0x3F,0xE0,0x20,0x20,0x3F,0xE0,0x00,0x00,0xFF,0xF8,0x04,0x00,0x02,0x00,0xFF,0xF8,0x80,
0x08,0x3F,0xE0,0x08,0x80,0x10,0x40,0x3F,0xE0,0x02,0x20,0x02,0x00,0x3F,0xE0,0x02,0x00,0x02,0x00,0xFF,
0xF8,0x04,0x00,0x02,0x00,0xFF,0xF8,0x80,0x08,0x3F,0xF0,0x21,0x00,0x21,0x00,0x3F,0xE0,0x20,0x20,0x20,
0x20,0x3F,0xE0,0x21,0x00,0x21,0x00,0x3F,0xF0,0x04,0x00,0x02,0x00,0xFF,0xF8,0x82,0x08,0x12,0x00,0x1F,
0xE0,0x22,0x00,0x02,0x00,0xFF,0xF8,0x08,0x80,0x08,0x80,0x10,0x80,0x20,0x88,0xC0,0x78,0x04,0x00,0x02,
0x00,0xFF,0xF8,0x80,0x08,0x3F,0xE0,0x20,0x20,0x20,0x20,0x3F,0xE0,0x00,0x00,0x7F,0xF0,0x40,0x10,0x40,
0x10,0x7F,0xF0,0x40,0x10,0x04,0x00,0x02,0x00,0xFF,0xF8,0x84,0x08,0x02,0x00,0x7F,0xF0,0x10,0x40,0x08,
0x80,0xFF,0xF8,0x02,0x00,0x02,0x00,0x7F,0xF0,0x02,0x00,0x02,0x00,0x04,0x00,0x02,0x00,0xFF,0xF8,0x82,
0x08,0x3F,0xE0,0x02,0x00,0x3F,0xE0,0x02,0x00,0xFF,0xF8,0x02,0x00,0x3F,0xE0,0x20,0x20,0x3F,0xE0,0x20,
0x20,0x02,0x00,0xFF,0xF8,0x80,0x08,0x3F,0xE0,0x20,0x20,0x3F,0xE0,0x20,0x20,0x3F,0xE0,0x04,0x00,0xFF,
0xF8,0x08,0x40,0x18,0x80,0x07,0x00,0x78,0xE0,0x04,0x00,0x02,0x00,0xFF,0xF8,0x82,0x08,0x22,0x20,0x12,
0x40,0x7F,0xF0,0x40,0x10,0x7F,0xF0,0x40,0x10,0x7F,0xF0,0x40,0x10,0x40,0x10,0x40,0x70,0x02,0x00,0xFF,
0xF8,0x80,0x08,0x00,0x00,0x7F,0xF0,0x0C,0x00,0x12,0x20,0x65,0x40,0x09,0x80,0x33,0x40,0xC5,0x40,0x19,
0x20,0xE1,0x18,0x06,0x00,0x02,0x00,0xFF,0xF8,0x80,0x08,0x10,0x40,0x22,0x20,0x45,0x10,0x08,0x80,0x30,
0x60,0xC0,0x18,0x3F,0xE0,0x20,0x20,0x20,0x20,0x3F,0xE0,0x20,0x20,0x04,0x00,0x02,0x00,0xFF,0xF8,0x80,
0x08,0x88,0x88,0x3F,0xE0,0x08,0x80,0x00,0x00,0x3F,0xE0,0x22,0x20,0x22,0x20,0x25,0x20,0x19,0x08,0xE0,
0xF8,0x04,0x00,0x02,0x00,0xFF,0xF8,0x80,0x08,0x00,0xE0,0x3F,0x00,0x20,0x00,0x3F,0xF0,0x20,0x80,0x20,
0x80,0xFF,0xF8,0x00,0x00,0x20,0x40,0x40,0x20,0x04,0x00,0x02,0x00,0xFF,0xF8,0x90,0x08,0x27,0xF0,0x60,
0x80,0xA1,0x00,0x27,0xF0,0x24,0x10,0x24,0x10,0x27,0xF0,0x24,0x10,0x24,0x10,0x27,0xF0,0x04,0x00,0x02,
0x00,0xFF,0xF8,0x80,0x08,0x10,0x00,0x1D,0xF0,0x11,0x10,0x11,0x10,0xFE,0xA0,0x00,0xA0,0x54,0x40,0x92,
0xA0,0x11,0x10,0x72,0x08,0x04,0x00,0x02,0x00,0xFF,0xF8,0x82,0x08,0x3F,0xE0,0x08,0x80,0x10,0x40,0xFF,
0xF8,0x00,0x20,0x3F,0x20,0x21,0x20,0x3F,0x20,0x20,0x20,0x00,0xE0,0x04,0x00,0x02,0x00,0xFF,0xF8,0x80,
0x08,0x3F,0xE0,0x02,0x00,0x3F,0xE0,0x22,0x20,0x3F,0xE0,0x22,0x20,0x3F,0xE0,0x10,0x40,0x20,0x20,0x40,
0x10,0x02,0x00,0xFF,0xF8,0x80,0x08,0x04,0x40,0x52,0x90,0x51,0x08,0x92,0x28,0x0F,0xE0,0x30,0x00,0xC2,
0x00,0x22,0x20,0x22,0x20,0x3F,0xE0,0x00,0x20,0x04,0x00,0x02,0x00,0xFF,0xF8,0x80,0x88,0x7C,0xE0,0x00,
0x80,0x01,0xE0,0xFC,0x20,0x29,0x40,0x28,0x80,0x29,0x40,0x2A,0x28,0x48,0x08,0x87,0xF8,0x02,0x00,0xFF,
0xF8,0x80,0x08,0x3F,0xE0,0x00,0x00,0x3F,0xE0,0x20,0x20,0x3F,0xE0,0x00,0x00,0x7F,0xF0,0x42,0x10,0x7F,
0xF0,0x42,0x10,0x7F,0xF0,0x02,0x00,0xFF,0xF8,0x80,0x08,0x08,0x40,0x48,0x40,0x4B,0xF0,0x78,0x40,0x08,
0x40,0x0B,0xF8,0xF8,0xE0,0x49,0x50,0x49,0x50,0x8A,0x48,0x08,0x40,0x02,0x00,0xFF,0xF8,0x88,0x88,0x3F,
0xE0,0x08,0x80,0x3F,0xE0,0x08,0x80,0xFF,0xF8,0x10,0x40,0x26,0x20,0xC1,0x98,0x0C,0x00,0x03,0x00,0x00,
0x80,0x04,0x00,0x02,0x00,0xFF,0xF8,0x80,0x08,0x3F,0xE0,0x22,0x20,0x3F,0xE0,0x22,0x20,0x3F,0xE0,0x02,
0x00,0x7F,0xF0,0x42,0x50,0x5F,0xD0,0x40,0x30,0x02,0x00,0xFF,0xF8,0x80,0x08,0x27,0xF0,0x20,0x10,0xA3,
0xF0,0x60,0x10,0x27,0xF0,0x20,0x00,0x6F,0xF8,0xAB,0xE8,0x22,0x20,0x21,0xC0,0x2E,0x38,0x02,0x00,0xFF,
0xF8,0x88,0x88,0x3F,0xE0,0x08,0x80,0x3F,0xE0,0x20,0x20,0x3F,0xE0,0x20,0x20,0x3F,0xE0,0x02,0x00,0xFF,
0xF8,0x18,0xC0,0xE0,0x38,0x02,0x00,0xFF,0xF8,0xA0,0x08,0x3D,0xF0,0x45,0x10,0xA8,0xA0,0x50,0x40,0x2F,
0xA0,0x40,0x18,0xBF,0xE0,0x02,0x00,0x12,0x40,0x22,0x20,0x4E,0x10,0x02,0x00,0xFF,0xF8,0x80,0x08,0x7F,
0xF0,0x04,0x00,0x3F,0xE0,0x29,0x20,0x24,0xA0,0xFF,0xF8,0x20,0x20,0xDF,0xD8,0x04,0x40,0x18,0x40,0x61,
0x80,0x02,0x00,0xFF,0xF8,0x80,0x08,0x79,0xF0,0x48,0x90,0x2A,0x50,0x4D,0x90,0x30,0xC0,0xC2,0x38,0x1C,
0x80,0x03,0x20,0x1C,0xC0,0x03,0x00,0x3C,0x00,0x02,0x00,0xFF,0xF8,0x88,0x88,0x3F,0xE0,0x08,0x80,0x3F,
0xE0,0x08,0x80,0xFF,0xF8,0x10,0x40,0x22,0x20,0xDF,0xD8,0x02,0x00,0x12,0x40,0x26,0x20,0x00,0x40,0x00,
0x40,0x00,0x40,0xFF,0xF8,0x00,0x40,0x00,0x40,0x20,0x40,0x10,0x40,0x08,0x40,0x08,0x40,0x00,0x40,0x00,
0x40,0x00,0x40,0x01,0xC0,0x00,0x20,0x00,0x20,0x7C,0x20,0x05,0xF8,0x04,0x20,0x48,0x20,0x29,0x20,0x10,
0xA0,0x18,0xA0,0x28,0x20,0x24,0x20,0x44,0x20,0x80,0x20,0x00,0xE0,0x02,0x00,0x02,0x00,0x7F,0xF0,0x02,
0x00,0x02,0x00,0xFF,0xF8,0x00,0x80,0x00,0x80,0x7F,0xF0,0x00,0x80,0x10,0x80,0x08,0x80,0x00,0x80,0x03,
0x80,0x7F,0xE0,0x00,0x20,0x00,0x20,0x3F,0xE0,0x00,0x20,0x00,0x20,0x7F,0xE0,0x00,0x40,0x00,0x40,0xFF,
0xF8,0x10,0x40,0x08,0x40,0x08,0x40,0x01,0xC0,0x7F,0xE0,0x40,0x20,0x40,0x20,0x7F,0xE0,0x40,0x08,0x40,
0x08,0x3F,0xF8,0x00,0x40,0x00,0x40,0xFF,0xF8,0x10,0x40,0x08,0x40,0x08,0x40,0x01,0xC0,0x02,0x00,0x02,
0x00,0x7F,0xF0,0x04,0x00,0x3F,0xE0,0x04,0x00,0xFF,0xF8,0x08,0x40,0x1F,0xF0,0x20,0x40,0x48,0x40,0x84,
0x40,0x00,0x40,0x01,0xC0,0x10,0x20,0x10,0x20,0x7C,0x20,0x11,0xF8,0x10,0x20,0xFC,0x20,0x01,0x20,0x10,
0xA0,0x7C,0xA0,0x10,0x20,0x10,0x20,0x1C,0x20,0xE0,0x20,0x00,0xE0,0x10,0x20,0x20,0x20,0x7C,0x20,0x45,
0xF8,0x7C,0x20,0x44,0x20,0x7D,0x20,0x44,0xA0,0xFC,0xA0,0x14,0x20,0x24,0x20,0x44,0x20,0x84,0x20,0x1C,
0xE0,0x11,0x00,0x11,0xF0,0x92,0x20,0x55,0x40,0x50,0x80,0x11,0x20,0x12,0x20,0x37,0xF8,0x50,0x20,0x92,
0x20,0x11,0x20,0x10,0x20,0x10,0x20,0x10,0xE0,0x00,0x10,0x7E,0x10,0x42,0x10,0x42,0xF8,0x7E,0x10,0x40,
0x10,0x5C,0x90,0x40,0x50,0x7E,0x50,0x48,0x10,0x8A,0x10,0xA9,0x10,0x48,0x10,0x18,0x70,0x10,0x40,0xFF,
0xF8,0x08,0x80,0x7F,0xF0,0x48,0x90,0x50,0x70,0x60,0x10,0x5F,0xD0,0x40,0x10,0x7F,0xF0,0x00,0x40,0xFF,
0xF8,0x10,0x40,0x08,0xC0,0x02,0x00,0x02,0x00,0x02,0x00,0x02,0x00,0x12,0x40,0x12,0x20,0x22,0x10,0x42,
0x08,0x82,0x08,0x02,0x00,0x02,0x00,0x02,0x00,0x02,0x00,0x0E,0x00,0x02,0x00,0x02,0x00,0x12,0x40,0x12,
0x20,0x22,0x10,0x42,0x08,0x82,0x08,0x02,0x20,0x02,0x40,0x00,0x80,0x01,0x00,0x06,0x00,0x18,0x00,0xE0,
0x00,0x20,0x00,0x20,0x00,0x3F,0xF8,0x40,0x08,0x42,0x10,0x82,0x00,0x02,0x00,0x12,0x40,0x12,0x20,0x22,
0x10,0x42,0x08,0x82,0x08,0x02,0x00,0x0E,0x00,0x02,0x00,0x12,0x40,0x12,0x20,0x22,0x10,0x42,0x08,0x80,
0x08,0x02,0x00,0x02,0x00,0xFF,0xF8,0x05,0x00,0x08,0x80,0x10,0x40,0x20,0x20,0xC0,0x18,0x02,0x00,0x12,
0x40,0x12,0x20,0x22,0x10,0x42,0x08,0x82,0x08,0x00,0x00,0x02,0x00,0x02,0x00,0x7F,0xF0,0x02,0x00,0x02,
0x00,0x02,0x00,0xFF,0xF8,0x04,0x00,0x84,0x20,0x44,0x40,0x24,0x80,0xFF,0xE0,0x80,0x20,0x80,0x20,0x9F,
0x20,0x91,0x20,0x91,0x20,0x9F,0x20,0x80,0x20,0x80,0x20,0x80,0xE0,0x02,0x00,0x22,0x20,0x12,0x40,0xFF,
0xF8,0x80,0x08,0x80,0x08,0x1F,0xC0,0x00,0x00,0x00,0x00,0x7F,0xF0,0x08,0x00,0x10,0x40,0x3F,0xE0,0x00,
0x20,0x04,0x00,0x04,0x80,0x04,0x40,0x04,0x00,0xFF,0xF8,0x05,0x00,0x09,0x00,0x09,0x00,0x09,0x00,0x11,
0x00,0x11,0x00,0x21,0x08,0x41,0x08,0x80,0xF8,0x08,0x00,0x08,0x00,0x07,0xF0,0x7C,0x40,0x02,0x80,0x01,
0x10,0x0E,0xD0,0x70,0x30,0x00,0x00,0xFF,0xF8,0x08,0x80,0x08,0x80,0x10,0x88,0xE0,0x78,0x20,0x40,0x20,
0x40,0x20,0xA0,0xFD,0x10,0x2A,0x08,0x28,0x90,0x28,0x90,0x28,0x90,0x28,0x90,0x29,0x10,0x29,0x10,0x4A,
0x10,0x48,0x08,0x87,0xF8,0x20,0x80,0x10,0xA0,0xFE,0x90,0x00,0x80,0x7D,0xF8,0x44,0xA0,0x44,0xA0,0x7C,
0xA0,0x10,0xA0,0x58,0xA0,0x54,0xA0,0x94,0xA8,0x11,0x28,0x72,0x18,0x41,0x20,0x45,0x20,0x45,0x78,0xFD,
0xC0,0x55,0x20,0x51,0x10,0x50,0x00,0x57,0xF0,0x55,0x50,0x55,0x50,0x55,0x50,0x5F,0xF8,0x50,0x08,0x8F,
0xF8,0x3F,0xF8,0x20,0x08,0x20,0x08,0x20,0x08,0x3F,0xF8,0x20,0x08,0x20,0x00,0x20,0x00,0x20,0x00,0x20,
0x00,0x40,0x00,0x40,0x00,0x80,0x00,0x7F,0xE0,0x04,0x20,0x04,0x20,0xFF,0xF8,0x04,0x20,0x04,0x20,0x7F,
0xE0,0x04,0x20,0x08,0x00,0x08,0x00,0x10,0x00,0x20,0x00,0x40,0x00,0x3F,0xF0,0x20,0x10,0x20,0x10,0x20,
0x10,0x3F,0xF0,0x21,0x00,0x21,0x00,0x21,0x00,0x20,0x80,0x20,0x80,0x40,0x40,0x40,0x20,0x80,0x18,0x3F,
0xF0,0x20,0x10,0x20,0x10,0x20,0x10,0x3F,0xF0,0x20,0x00,0x24,0x10,0x24,0x20,0x24,0xC0,0x27,0x00,0x24,
0x00,0x44,0x08,0x44,0x08,0x83,0xF8,0x3F,0xF0,0x20,0x10,0x20,0x10,0x3F,0xF0,0x21,0x00,0x20,0x80,0x40,
0x40,0x4C,0x20,0x83,0x18,0x00,0x00,0x1C,0x00,0x03,0x00,0x00,0xC0,0x3F,0xF0,0x20,0x10,0x20,0x10,0x3F,
0xF0,0x20,0x00,0x21,0xE0,0x2F,0x00,0x21,0xE0,0x2F,0x00,0x21,0xF0,0x5F,0x08,0x41,0x08,0x80,0xF8,0x3F,
0xF0,0x20,0x10,0x20,0x10,0x3F,0xF0,0x20,0x80,0x20,0x88,0x2E,0x88,0x22,0xD0,0x24,0xA0,0x24,0xA0,0x48,
0x90,0x50,0x88,0x83,0x80,0x3F,0xF0,0x20,0x10,0x20,0x10,0x3F,0xF0,0x20,0x00,0x3F,0xF8,0x20,0x08,0x2F,
0xC8,0x28,0x48,0x28,0x48,0x4F,0xC8,0x40,0x08,0x80,0x30,0x3F,0xF0,0x20,0x10,0x20,0x10,0x3F,0xF0,0x20,
0x00,0x28,0x80,0x28,0x90,0x28,0xA0,0x2E,0xC0,0x28,0x80,0x48,0x88,0x4E,0x88,0x88,0x78,0x7F,0xF0,0x40,
0x10,0x40,0x10,0x7F,0xF0,0x40,0x00,0x40,0x00,0x4F,0xE0,0x40,0x00,0x40,0x00,0x7F,0xF8,0x44,0x00,0x48,
0x20,0x5F,0xF0,0x80,0x10,0x7F,0xF0,0x40,0x10,0x40,0x10,0x7F,0xF0,0x41,0x00,0x41,0x00,0x7F,0xF8,0x41,
0x00,0x41,0x00,0x5F,0xF0,0x50,0x10,0x50,0x10,0x5F,0xF0,0x90,0x10,0x7F,0xF0,0x40,0x10,0x40,0x10,0x7F,
0xF0,0x40,0x00,0x41,0x00,0x49,0x20,0x49,0x20,0x4F,0xE0,0x41,0x00,0x51,0x10,0x51,0x10,0x5F,0xF0,0x80,
0x10,0x7F,0xF0,0x40,0x10,0x40,0x10,0x7F,0xF0,0x41,0x20,0x49,0x20,0x49,0x20,0x7F,0xF8,0x49,0x20,0x49,
0x20,0x49,0x20,0x49,0xE0,0x48,0x00,0x8F,0xF8,0x3F,0xF8,0x20,0x08,0x20,0x08,0x3F,0xF8,0x20,0x80,0x20,
0x80,0x2F,0xF8,0x28,0x88,0x28,0x88,0x2F,0xF8,0x48,0x88,0x48,0x88,0x8F,0xF8,0x7F,0xF0,0x40,0x10,0x40,
0x10,0x7F,0xF0,0x40,0x00,0x5F,0xF0,0x44,0x00,0x48,0x20,0x5F,0xF0,0x41,0x00,0x5F,0xF0,0x41,0x00,0x41,
0x00,0xBF,0xF8,0x3F,0xF0,0x20,0x10,0x20,0x10,0x3F,0xF0,0x21,0x00,0x29,0x20,0x25,0x40,0x3F,0xF0,0x23,
0x80,0x25,0x40,0x49,0x20,0x51,0x18,0x81,0x00,0x3F,0xF0,0x20,0x10,0x3F,0xF0,0x24,0x20,0x22,0x40,0x2F,
0xF0,0x22,0x40,0x22,0x40,0x3F,0xF8,0x22,0x40,0x44,0x40,0x44,0x40,0x88,0x40,0x3F,0xF8,0x20,0x08,0x20,
0x08,0x3F,0xF8,0x28,0x90,0x24,0xA0,0x2F,0xF0,0x28,0x10,0x2F,0xF0,0x28,0x10,0x4F,0xF0,0x48,0x10,0x88,
0x70,0x7F,0xF0,0x40,0x10,0x7F,0xF0,0x44,0x40,0x44,0x40,0x5F,0xF0,0x44,0x40,0x44,0x40,0x7F,0xF8,0x4A,
0x20,0x49,0x40,0x48,0x80,0x4A,0x60,0x8C,0x18,0x3F,0xF8,0x20,0x08,0x3F,0xF8,0x20,0x00,0x27,0xF0,0x20,
0x80,0x27,0xF0,0x24,0x90,0x27,0xF0,0x20,0x80,0x4F,0xF8,0x48,0xA8,0x8B,0xE8,0x08,0x38,0x3F,0xF0,0x20,
0x10,0x3F,0xF0,0x21,0x08,0x27,0xF0,0x21,0x20,0x3F,0xF8,0x20,0x80,0x27,0xF0,0x3C,0x10,0x47,0xF0,0x44,
0x10,0x87,0xF0,0x3F,0xF8,0x20,0x08,0x3F,0xF8,0x24,0x90,0x22,0xA0,0x2F,0xF8,0x22,0xA0,0x24,0x90,0x21,
0x00,0x2F,0xF8,0x42,0x20,0x46,0x40,0x81,0xC0,0x0E,0x38,0x3F,0xF8,0x20,0x08,0x3F,0xF8,0x25,0x00,0x29,
0xF8,0x33,0x10,0x21,0xF0,0x25,0x10,0x29,0xF0,0x38,0x80,0x49,0xF8,0x4A,0x90,0x88,0x60,0x0B,0x98,0x02,
0x00,0x02,0x00,0x02,0x00,0xFF,0xF8,0x02,0x00,0x02,0x00,0x42,0x10,0x42,0x10,0x42,0x10,0x7F,0xF0,0x02,
0x00,0x02,0x08,0x02,0x08,0x01,0xF8,0x04,0x00,0x04,0x00,0x04,0x00,0x84,0x20,0x84,0x20,0x84,0x20,0x84,
0x20,0x84,0x20,0x84,0x20,0x84,0x20,0x84,0x20,0x84,0x20,0xFF,0xE0,0x00,0x20,0x22,0x00,0x22,0x00,0x23,
0xF8,0xAC,0x00,0xA8,0x00,0xA8,0x00,0xAB,0xF0,0xA8,0x20,0xA8,0x40,0xA8,0x80,0xB9,0x00,0xCA,0x08,0x02,
0x08,0x01,0xF8,0x22,0x00,0x22,0x00,0x23,0xF8,0xAA,0x00,0xAA,0x00,0xAA,0x00,0xAB,0xF8,0xA8,0x08,0xA8,
0x08,0xAF,0xE8,0xB8,0x08,0xC8,0x08,0x00,0x08,0x00,0x30,0x02,0x00,0x42,0x10,0x42,0x10,0x7F,0xF0,0x08,
0x00,0x08,0x00,0x1F,0xE0,0x20,0x20,0x50,0x40,0x08,0x80,0x05,0x00,0x06,0x00,0x18,0x00,0xE0,0x00,0x04,
0x00,0x84,0x20,0x84,0x20,0xFF,0xE0,0x00,0x00,0x00,0x00,0xFF,0xE0,0x00,0x20,0x00,0x20,0xFF,0xE0,0x80,
0x00,0x80,0x00,0x80,0x10,0x7F,0xF0,0x08,0x80,0x10,0x40,0x20,0x20,0xDF,0xD8,0x08,0x40,0x08,0x40,0x10,
0x40,0x61,0x80,0x02,0x00,0x42,0x10,0x42,0x10,0x42,0x10,0x42,0x10,0x7F,0xF0,0x20,0x00,0x23,0xF8,0x22,
0x00,0xAA,0x08,0xAB,0x08,0xAA,0x90,0xAA,0x50,0xAA,0x20,0xAA,0x50,0xAA,0x88,0xBB,0x08,0xCA,0x00,0x02,
0x00,0x03,0xF8,0x04,0x00,0x84,0x20,0x84,0x20,0xFF,0xE0,0x00,0x00,0xFF,0xE0,0x80,0x20,0x91,0x20,0x8A,
0x20,0x84,0x20,0x8A,0x20,0x91,0x20,0x80,0x20,0x80,0xE0,0x08,0x00,0x10,0x00,0x7F,0xC0,0x48,0x40,0x44,
0x40,0x41,0xC0,0x40,0x00,0x7F,0xF0,0x08,0x10,0x88,0x90,0x88,0x90,0xFF,0x90,0x00,0x10,0x00,0x60,0x02,
0x00,0x42,0x10,0x42,0x10,0x7F,0xF0,0x00,0x00,0xFF,0xF8,0x08,0x00,0x10,0x00,0x3F,0xE0,0xD0,0x20,0x10,
0x20,0x10,0x20,0x1F,0xE0,0x10,0x20,0x20,0x80,0x20,0x80,0x21,0x40,0xAA,0x20,0xAD,0x10,0xA8,0x88,0xA8,
0x00,0xAF,0xF0,0xA8,0x10,0xA8,0x20,0xBA,0x40,0xC9,0x80,0x00,0x80,0x00,0x40,0x00,0xE0,0x3F,0x00,0x20,
0x00,0x20,0x00,0x3F,0xF0,0x20,0x80,0x20,0x80,0x20,0x80,0xFF,0xF8,0x02,0x00,0x42,0x10,0x42,0x10,0x42,
0x10,0x7F,0xF0,0x02,0x00,0x42,0x10,0x42,0x10,0x7F,0xF0,0x00,0x00,0x7F,0xF0,0x40,0x00,0x5F,0xE0,0x41,
0x00,0x41,0x00,0x7F,0xF8,0x41,0x00,0x41,0x00,0x81,0x00,0x04,0x00,0x84,0x20,0x84,0x20,0xFF,0xE0,0x00,
0x00,0x10,0x00,0x97,0xE0,0x90,0x20,0x90,0x20,0x97,0xE0,0x90,0x20,0x20,0x20,0x4F,0xE0,0x80,0x20,0x20,
0x40,0x20,0x40,0x23,0xF0,0xA8,0x40,0xA8,0x40,0xAB,0xF8,0xA8,0x20,0xA8,0x20,0xAB,0xF8,0xA8,0x20,0xBA,
0x20,0xC9,0x20,0x00,0x20,0x00,0xE0,0x20,0x40,0x20,0x40,0x23,0xF8,0xA8,0x40,0xAA,0x48,0xA9,0x50,0xA8,
0x40,0xAF,0xF8,0xA8,0x40,0xA8,0xA0,0xB8,0xA0,0xC9,0x10,0x02,0x10,0x04,0x08,0x04,0x00,0x02,0x00,0xFF,
0xF8,0x08,0x80,0x28,0xA0,0x28,0x90,0x48,0x88,0x88,0x88,0x02,0x00,0x42,0x10,0x42,0x10,0x42,0x10,0x42,
0x10,0x7F,0xF0,0x20,0x20,0x20,0xB0,0x23,0x28,0xA9,0x20,0xA9,0x20,0xAB,0xF8,0xA9,0x20,0xA9,0x28,0xA9,
0xA8,0xAB,0x30,0xB9,0x60,0xC9,0xA8,0x01,0x18,0x03,0x08,0x20,0xA0,0x20,0x90,0x21,0x08,0xAA,0x48,0xA8,
0x40,0xA8,0xA0,0xA9,0x10,0xAA,0x08,0xAD,0xF0,0xA9,0x10,0xB9,0x10,0xC9,0x10,0x01,0xF0,0x01,0x10,0x20,
0x40,0x22,0x48,0x21,0x50,0xA8,0x40,0xAB,0xF8,0xAA,0x08,0xAA,0x08,0xAB,0xF8,0xAA,0x08,0xAA,0x08,0xBB,
0xF8,0xCA,0x08,0x02,0x08,0x02,0x38,0x21,0x00,0x21,0xF0,0x22,0x10,0xAD,0x20,0xA8,0xC0,0xAB,0x38,0xA8,
0x40,0xA9,0xF0,0xA8,0x40,0xA9,0xF0,0xB8,0x40,0xCB,0xF8,0x00,0x40,0x00,0x40,0x20,0x40,0x20,0x80,0x21,
0x10,0xAB,0xF8,0xA8,0x08,0xA9,0x20,0xAA,0x10,0xAD,0x08,0xA9,0xF0,0xA9,0x10,0xBA,0xA0,0xCC,0x40,0x00,
0xA0,0x03,0x18,0x02,0x00,0x42,0x10,0x7F,0xF0,0x04,0x00,0x02,0x00,0xFF,0xF8,0x80,0x08,0x3F,0xE0,0x00,
0x00,0x7F,0xF0,0x02,0x00,0x12,0x40,0x22,0x20,0x4E,0x10,0x20,0x80,0x23,0xF0,0x20,0x80,0xA9,0x40,0xAA,
0x20,0xAF,0xF8,0xA8,0x10,0xAB,0xD0,0xAA,0x50,0xAA,0x50,0xBB,0xD0,0xCA,0x10,0x00,0x10,0x00,0x70,0x02,
0x00,0x42,0x10,0x42,0x10,0x7F,0xF0,0x12,0x00,0x11,0x00,0x3F,0xF8,0x61,0x00,0xBF,0xF0,0x21,0x00,0x3F,
0xF0,0x21,0x00,0x3F,0xF8,0x20,0x00,0x02,0x00,0x42,0x10,0x7F,0xF0,0x00,0x00,0x3F,0xF0,0x21,0x00,0x2F,
0xE0,0x21,0x00,0x3F,0xF0,0x20,0x00,0x21,0x00,0x4F,0xE0,0x41,0x00,0xBF,0xF8,0x20,0x00,0x23,0xF8,0x22,
0x08,0xAA,0x08,0xAB,0xF8,0xAA,0x20,0xAA,0xA8,0xAA,0xA8,0xAA,0xF8,0xAA,0x20,0xBA,0xA8,0xCC,0xA8,0x04,
0xF8,0x08,0x08,0x02,0x00,0x42,0x10,0x7F,0xF0,0x00,0x00,0x7D,0xF0,0x45,0x10,0x45,0x10,0x7D,0xF0,0x45,
0x10,0x45,0x10,0x7D,0xF0,0x45,0x10,0x45,0x10,0x9E,0x70,0x04,0x00,0x84,0x20,0xFF,0xE0,0x20,0x00,0x20,
0x20,0xFB,0xC0,0x42,0x00,0xA2,0x00,0xFB,0xF0,0x22,0x40,0x3A,0x40,0xE2,0x40,0x24,0x40,0x28,0x40,0x02,
0x00,0x42,0x10,0x42,0x10,0x7F,0xF0,0x00,0x80,0x48,0x80,0xFC,0xF8,0x49,0x08,0x4A,0x50,0x78,0x40,0x48,
0xA0,0x48,0xA0,0x79,0x10,0x4A,0x08,0x02,0x00,0x42,0x10,0x7F,0xF0,0x10,0x00,0x7D,0xF8,0x10,0x40,0x7D,
0xF0,0x45,0x10,0x55,0x50,0x55,0x50,0x55,0x50,0xFF,0x50,0x28,0xA0,0x45,0x10,0x42,0x10,0x7F,0xF0,0x04,
0x40,0x78,0x80,0x11,0xF0,0xFD,0x50,0x39,0xF0,0x55,0x50,0x11,0xF0,0xFC,0xA0,0x24,0xD0,0x69,0x70,0x11,
0x48,0x6A,0x38,0x20,0x08,0x21,0x08,0x21,0x08,0x21,0x08,0x21,0x08,0x21,0x08,0x21,0x08,0x21,0x08,0x21,
0x08,0x21,0x08,0x21,0x08,0x41,0x08,0x40,0x08,0x80,0x08,0x10,0x08,0x11,0x08,0x11,0x08,0x11,0x08,0x59,
0x48,0x55,0x28,0x55,0x28,0x91,0x08,0x11,0x08,0x11,0x08,0x11,0x08,0x21,0x08,0x20,0x08,0x40,0x08,0x42,
0x48,0x22,0x48,0x24,0x90,0x04,0x90,0x09,0x20,0xE4,0x90,0x24,0x90,0x22,0x48,0x22,0x48,0x22,0x48,0x20,
0x00,0x50,0x00,0x8F,0xF8,0x22,0x20,0x44,0x40,0x22,0x20,0x00,0x00,0x7F,0xF0,0x42,0x10,0x7F,0xF0,0x42,
0x10,0x7F,0xF0,0x02,0x00,0xFF,0xF8,0x0A,0x80,0x32,0x60,0xC2,0x18,0x7F,0xF0,0x02,0x00,0x02,0x00,0x02,
0x00,0x02,0x00,0x02,0x00,0x02,0x00,0x02,0x00,0x02,0x00,0x02,0x00,0x02,0x00,0xFF,0xF8,0x04,0x00,0x04,
0x00,0x04,0x00,0xFF,0xF8,0x08,0x00,0x08,0x00,0x10,0x00,0x1F,0xF0,0x21,0x00,0x21,0x00,0x41,0x00,0x81,
0x00,0x01,0x00,0x3F,0xF8,0x07,0xF8,0xF8,0x80,0x20,0x80,0x21,0x00,0x21,0x00,0x23,0xF8,0x20,0x08,0x20,
0x08,0x38,0x08,0xE0,0x08,0x00,0x08,0x00,0x08,0x00,0x70,0xFF,0xE0,0x80,0x00,0x80,0x00,0x80,0x00,0xFF,
0xC0,0x80,0x40,0x80,0x40,0x80,0x40,0xFF,0xC0,0x80,0x00,0x80,0x00,0x80,0x00,0xFF,0xF0,0x03,0xE0,0xFA,
0x20,0x22,0x20,0x22,0x20,0x23,0x20,0x22,0xA0,0x22,0xA0,0x22,0x20,0x3A,0x20,0xE2,0x20,0x02,0x28,0x04,
0x28,0x08,0x18,0x7F,0xF0,0x02,0x00,0x02,0x00,0x12,0x40,0x12,0x40,0x12,0x40,0x2A,0xA0,0x26,0x90,0x43,
0x10,0x02,0x00,0x02,0x00,0x02,0x00,0xFF,0xF8,0x10,0x40,0x08,0x80,0x7F,0xF0,0x02,0x00,0x3F,0xE0,0x04,
0x00,0xFF,0xF8,0x08,0x00,0x10,0x00,0x2F,0xE0,0x41,0x00,0x81,0x00,0x01,0x00,0x3F,0xF8,0xFF,0xE0,0x00,
0x20,0x00,0x20,0x00,0x20,0x00,0x20,0xFF,0xE0,0x80,0x00,0x80,0x00,0x80,0x00,0x80,0x00,0x80,0x10,0x80,
0x10,0x7F,0xF0,0xFF,0xE0,0x00,0x20,0x00,0x20,0x80,0x20,0x80,0x20,0xFF,0xE0,0x80,0x00,0x80,0x00,0x80,
0x00,0x80,0x00,0x80,0x10,0x80,0x10,0x7F,0xF0,0xFF,0xE0,0x80,0x20,0x80,0x20,0x80,0x20,0x80,0x20,0xFF,
0xE0,0x80,0x00,0x80,0x00,0x80,0x00,0x80,0x00,0x80,0x10,0x80,0x10,0x7F,0xF0,0xFF,0xE0,0x84,0x20,0x84,
0x20,0x84,0x20,0x84,0x20,0x84,0x20,0xFF,0xE0,0x80,0x00,0x80,0x00,0x80,0x10,0x80,0x10,0x80,0x10,0x7F,
0xF0,0x08,0x80,0x08,0x80,0x7F,0xF0,0x08,0x80,0x08,0x80,0xFF,0xF8,0x10,0x40,0x3F,0xA0,0xD0,0x98,0x10,
0x80,0x1F,0x80,0x10,0x20,0x10,0x20,0x0F,0xE0,0x04,0x00,0x04,0x00,0x04,0x00,0xFF,0xE0,0x84,0x20,0x84,
0x20,0x84,0x20,0x84,0x20,0x84,0x20,0x84,0x20,0x84,0x20,0x84,0xE0,0x04,0x00,0x04,0x00,0x03,0xF8,0xFE,
0x00,0x02,0x00,0x02,0x00,0x7F,0xF0,0x42,0x10,0x42,0x10,0x42,0x10,0x42,0x10,0x42,0x10,0x42,0x10,0x42,
0x70,0x02,0x00,0x02,0x00,0x04,0x00,0x02,0x00,0xFF,0xF8,0x02,0x00,0x02,0x00,0x7F,0xF0,0x42,0x10,0x42,
0x10,0x42,0x10,0x42,0x10,0x42,0x10,0x42,0x70,0x02,0x00,0x02,0x00,0x04,0x00,0x04,0x00,0xFF,0xF8,0x08,
0x00,0x09,0x00,0x11,0x00,0x3F,0xF0,0x51,0x10,0x91,0x10,0x11,0x10,0x11,0x10,0x11,0x70,0x01,0x00,0x01,
0x00,0x10,0x80,0x10,0x80,0x90,0x80,0x97,0xF0,0x94,0x90,0x94,0x90,0x94,0x90,0x94,0x90,0x94,0x90,0x14,
0x90,0x24,0x90,0x24,0xB0,0x40,0x80,0x80,0x80,0x20,0x00,0x23,0xE0,0x22,0x20,0xFA,0x20,0xAA,0x20,0xAB,
0x20,0xAA,0xA0,0xAA,0xA0,0xAA,0x20,0xAA,0x20,0xBA,0x20,0x24,0x28,0x24,0x28,0x28,0x18,0x10,0x00,0x17,
0xF0,0x90,0x80,0x90,0x80,0x97,0xF0,0x94,0x90,0x94,0x90,0x94,0x90,0x94,0x90,0x14,0x90,0x24,0xB0,0x20,
0x80,0x40,0x80,0x80,0x80,0x10,0x20,0x0C,0xC0,0x03,0x00,0x0C,0xC0,0x30,0x20,0x04,0x00,0xFF,0xF8,0x09,
0x00,0x11,0x00,0x3F,0xF0,0x51,0x10,0x91,0x10,0x11,0x70,0x01,0x00,0x21,0x00,0x21,0x10,0x21,0x10,0xF9,
0x20,0xA9,0x40,0xA9,0x00,0xAB,0xF8,0xA9,0x40,0xA9,0x40,0xA9,0x20,0xB9,0x20,0x21,0x50,0x21,0x88,0x21,
0x00,0x20,0x40,0x20,0x40,0x20,0x80,0xFB,0xF8,0xAA,0x08,0xAA,0x08,0xAA,0x08,0xAB,0xF8,0xAA,0x08,0xAA,
0x08,0xBA,0x08,0x22,0x08,0x23,0xF8,0x22,0x08,0x20,0x80,0x20,0x80,0x20,0x80,0xF8,0xF8,0xA8,0x80,0xA8,
0x80,0xA8,0x80,0xAB,0xF0,0xAA,0x10,0xAA,0x10,0xBA,0x10,0x22,0x10,0x23,0xF0,0x22,0x10,0x04,0x00,0x02,
0x00,0xFF,0xF8,0x88,0x88,0x92,0x48,0x22,0x20,0x02,0x00,0x3F,0xE0,0x22,0x20,0x22,0x20,0x22,0x20,0x22,
0x20,0x22,0xE0,0x02,0x00,0x7F,0xE0,0x00,0x20,0x3F,0xE0,0x00,0x20,0x7F,0xE0,0x00,0x00,0xFF,0xF8,0x82,
0x08,0x3F,0xE0,0x22,0x20,0x22,0x20,0x22,0x20,0x22,0xE0,0x02,0x00,0x08,0x00,0x10,0x00,0x7F,0xC0,0x40,
0x40,0x7F,0xC0,0x40,0x40,0x7F,0xC0,0x04,0x00,0xFF,0xE0,0x84,0x20,0x84,0x20,0x84,0x20,0x84,0xE0,0x04,
0x00,0x20,0x00,0x23,0xF0,0x22,0x10,0xFA,0x10,0xAA,0x10,0xAA,0x10,0xAA,0x10,0xAB,0xF0,0xA8,0x00,0xA8,
0x00,0xB9,0x20,0x21,0x10,0x22,0x08,0x24,0x08,0x04,0x00,0x02,0x00,0x7F,0xF0,0x10,0x40,0x08,0x80,0xFF,
0xF8,0x82,0x08,0x82,0x08,0x3F,0xE0,0x22,0x20,0x22,0x20,0x22,0x20,0x22,0xE0,0x02,0x00,0x12,0x40,0x12,
0x40,0xFF,0xF8,0x12,0x40,0x00,0x00,0xFF,0xF8,0x82,0x08,0x02,0x00,0x3F,0xE0,0x22,0x20,0x22,0x20,0x22,
0x20,0x22,0xE0,0x02,0x00,0x20,0x40,0x20,0x78,0x20,0x40,0xF8,0x40,0xAB,0xF8,0xAA,0x08,0xAA,0x08,0xAA,
0x48,0xAA,0x48,0xAA,0x48,0xBA,0x48,0x20,0xA0,0x21,0x10,0x26,0x08,0x01,0x00,0x7F,0xF8,0x44,0x40,0x44,
0x40,0x5F,0xF0,0x44,0x40,0x44,0x40,0x47,0xC0,0x41,0x00,0x5F,0xF0,0x51,0x10,0x51,0x10,0x51,0x70,0x81,
0x00,0x10,0x00,0xFE,0xF8,0x10,0x88,0x7C,0x90,0x10,0x88,0xFE,0x88,0x20,0xB0,0x40,0x80,0x82,0x00,0x7F,
0xF0,0x42,0x10,0x42,0x10,0x42,0x70,0x02,0x00,0x20,0xA0,0x20,0x90,0x21,0x00,0xF9,0xF8,0xAB,0x20,0xA9,
0x20,0xA9,0xF8,0xA9,0x20,0xA9,0x20,0xA9,0xF8,0xB9,0x20,0x21,0x20,0x21,0xF8,0x21,0x00,0x02,0x00,0x22,
0x20,0x12,0x40,0xFF,0xF8,0x80,0x08,0x1F,0xC0,0x10,0x40,0x1F,0xC0,0x02,0x00,0x7F,0xF0,0x42,0x10,0x42,
0x10,0x42,0x70,0x02,0x00,0x20,0x00,0x23,0xF8,0x22,0x08,0xFA,0xE8,0xAA,0x08,0xAA,0xE8,0xA8,0x00,0xA9,
0xF0,0xA9,0x10,0xA9,0xF0,0xB9,0x10,0x21,0xF0,0x21,0x10,0x21,0xF0,0xFF,0xF8,0x80,0x08,0x3F,0xE0,0x20,
0x20,0x3F,0xE0,0x20,0x20,0x3F,0xE0,0x04,0x00,0xFF,0xF8,0x12,0x40,0x3F,0xE0,0xD2,0x58,0x12,0xC0,0x02,
0x00,0x20,0x00,0x23,0xF8,0x20,0x00,0xF9,0xF0,0xA9,0x10,0xA9,0x10,0xA9,0xF0,0xA8,0x00,0xAB,0xF8,0xAA,
0x48,0xBB,0xF8,0x22,0x48,0x23,0xF8,0x22,0x08,0x20,0x00,0x23,0xF0,0x22,0x10,0xFB,0xF0,0xAA,0x10,0xAB,
0xF0,0xA8,0x80,0xAA,0x90,0xA9,0xA0,0xAF,0xF8,0xB9,0x40,0x21,0x40,0x22,0x48,0x2C,0x38,0x10,0x40,0xFF,
0xF8,0x10,0x40,0x3F,0xE0,0x20,0x20,0x3F,0xE0,0x20,0x20,0x3F,0xE0,0x08,0x00,0xFF,0xF8,0x22,0x20,0xDF,
0xD8,0x12,0x40,0x12,0xC0,0x20,0x40,0x23,0xF8,0x21,0x10,0xFB,0xF8,0xA8,0x00,0xAB,0xF8,0xAA,0x48,0xAB,
0xF8,0xAA,0x48,0xAB,0xF8,0xB8,0x40,0x23,0xF8,0x20,0x40,0x27,0xF8,0x7F,0xF0,0x02,0x00,0x02,0x00,0x02,
0x00,0x02,0x00,0xFF,0xF8,0x02,0x00,0x02,0x00,0x02,0x00,0x02,0x00,0x02,0x00,0x02,0x00,0x02,0x00,0x7F,
0xF0,0x02,0x00,0x02,0x00,0x22,0x20,0x12,0x20,0x12,0x40,0x02,0x00,0xFF,0xF8,0x02,0x00,0x02,0x00,0x02,
0x00,0x02,0x00,0x02,0x00,0x02,0x00,0x10,0x00,0x10,0x00,0x1F,0xF0,0x21,0x00,0x41,0x00,0x9F,0xE0,0x11,
0x00,0x11,0x00,0x11,0x00,0xFF,0xF8,0x01,0x00,0x01,0x00,0x01,0x00,0x01,0x00,0x20,0x20,0x10,0x40,0x08,
0x80,0x7F,0xF0,0x10,0x40,0x10,0x40,0x10,0x40,0x10,0x40,0xFF,0xF8,0x10,0x40,0x20,0x40,0x20,0x40,0x40,
0x40,0x80,0x40,0x02,0x00,0x02,0x00,0x3F,0xE0,0x02,0x00,0xFF,0xF8,0x10,0x40,0x08,0x80,0x3F,0xE0,0x02,
0x00,0x02,0x00,0xFF,0xF8,0x02,0x00,0x02,0x00,0x02,0x00,0x10,0x00,0x10,0x00,0x13,0xF8,0x20,0x08,0x24,
0x08,0x44,0x08,0xF8,0x08,0x08,0x08,0x10,0x08,0x20,0x08,0x48,0x08,0xFC,0x08,0x04,0x08,0x00,0x30,0x10,
0x80,0x10,0x80,0x10,0x80,0x21,0xF8,0x24,0x88,0x44,0x88,0xF8,0x88,0x08,0x88,0x10,0x88,0x20,0x88,0x49,
0x08,0xFD,0x08,0x06,0x08,0x04,0x30,0x02,0x00,0x12,0x40,0x12,0x40,0xA2,0x88,0xAA,0xA8,0xFB,0xE8,0x92,
0x48,0x92,0x48,0xAA,0xA8,0xFB,0xE8,0x8A,0x28,0x82,0x08,0xFF,0xF8,0x00,0x08,0x02,0x00,0x01,0x00,0x3F,
0xF8,0x20,0x00,0x20,0x00,0x20,0x00,0x20,0x00,0x20,0x00,0x20,0x00,0x20,0x00,0x20,0x00,0x40,0x00,0x40,
0x00,0x80,0x00,0x02,0x00,0x01,0x00,0x3F,0xF8,0x20,0x00,0x21,0x00,0x21,0x00,0x21,0x00,0x2F,0xF0,0x21,
0x00,0x21,0x00,0x21,0x00,0x41,0x00,0x41,0x00,0x9F,0xF8,0x02,0x00,0x01,0x00,0x7F,0xF8,0x40,0x00,0x41,
0x00,0x41,0x00,0x41,0x00,0x5F,0xF8,0x41,0x00,0x42,0x80,0x42,0x80,0x44,0x40,0x48,0x20,0x90,0x18,0x02,
0x00,0x01,0x00,0x3F,0xF8,0x20,0x40,0x24,0x40,0x24,0x40,0x24,0x48,0x27,0x50,0x24,0x60,0x24,0x40,0x24,
0x40,0x45,0x48,0x46,0x48,0x84,0x38,0x02,0x00,0x01,0x00,0x7F,0xF8,0x40,0x00,0x41,0x00,0x41,0x00,0x5F,
0xF8,0x43,0x80,0x45,0x40,0x45,0x40,0x49,0x20,0x51,0x10,0x61,0x08,0x81,0x00,0x02,0x00,0x01,0x00,0x3F,
0xF8,0x20,0x00,0x2F,0xF0,0x20,0x20,0x22,0x40,0x21,0x80,0x3F,0xF8,0x20,0x88,0x20,0x90,0x40,0x80,0x40,
0x80,0x83,0x80,0x02,0x00,0x01,0x00,0x7F,0xF8,0x41,0x00,0x40,0x80,0x4F,0xF8,0x48,0x08,0x48,0x08,0x4F,
0xF8,0x48,0x08,0x48,0x00,0x48,0x00,0x48,0x00,0x90,0x00,0x02,0x00,0x01,0x00,0x7F,0xF8,0x42,0x00,0x42,
0x00,0x5F,0xF8,0x44,0x00,0x48,0x80,0x4F,0xF0,0x40,0x80,0x40,0x80,0x5F,0xF8,0x40,0x80,0x80,0x80,0x02,
0x00,0x01,0x00,0x7F,0xF8,0x40,0x00,0x42,0x00,0x41,0x10,0x40,0x90,0x50,0x90,0x48,0x10,0x44,0x20,0x44,
0x20,0x40,0x40,0x40,0x80,0x9F,0xF8,0x02,0x00,0x01,0x00,0x7F,0xF8,0x40,0x00,0x40,0x70,0x5F,0x80,0x50,
0x80,0x50,0x80,0x5F,0xF8,0x50,0x80,0x50,0x40,0x54,0x48,0x59,0x28,0x90,0x98,0x02,0x00,0x01,0x00,0x3F,
0xF8,0x21,0x00,0x21,0x00,0x21,0xF8,0x21,0x00,0x21,0x00,0x2F,0xF0,0x28,0x10,0x28,0x10,0x48,0x10,0x4F,
0xF0,0x88,0x10,0x02,0x00,0x01,0x00,0x3F,0xF8,0x20,0x00,0x20,0x80,0x20,0x80,0x2F,0xF8,0x28,0x88,0x28,
0x88,0x2F,0xF8,0x28,0x88,0x48,0x88,0x4F,0xF8,0x88,0x08,0x02,0x00,0x01,0x00,0x7F,0xF8,0x41,0x00,0x41,
0x00,0x5F,0xF0,0x41,0x10,0x7F,0xF8,0x41,0x10,0x5F,0xF0,0x41,0x00,0x42,0x80,0x44,0x60,0x98,0x18,0x02,
0x00,0x01,0x00,0x7F,0xF8,0x40,0x00,0x44,0x20,0x44,0x20,0x4B,0xF8,0x58,0x20,0x6A,0x20,0x49,0x20,0x49,
0x20,0x48,0x20,0x48,0x20,0x88,0xE0,0x02,0x00,0x01,0x00,0x3F,0xF8,0x22,0x40,0x22,0x20,0x3F,0xF8,0x22,
0x80,0x22,0x90,0x22,0xA0,0x24,0xC0,0x24,0x80,0x49,0x88,0x56,0x88,0xA0,0x78,0x02,0x00,0x01,0x00,0x7F,
0xF8,0x41,0x20,0x49,0x10,0x49,0x00,0x5F,0xF8,0x42,0x00,0x43,0xF0,0x45,0x10,0x44,0xA0,0x48,0x40,0x51,
0xA0,0xA6,0x18,0x02,0x00,0x01,0x00,0x3F,0xF8,0x24,0x20,0x3F,0xF8,0x24,0x20,0x27,0xE0,0x20,0x00,0x2F,
0xF0,0x24,0x20,0x22,0x40,0x41,0x80,0x46,0x60,0x98,0x18,0x02,0x00,0x01,0x00,0x7F,0xF8,0x40,0x00,0x41,
0x00,0x49,0x20,0x49,0x20,0x55,0x50,0x63,0x88,0x41,0x00,0x5F,0xF0,0x41,0x00,0x41,0x00,0xBF,0xF8,0x02,
0x00,0x01,0x00,0x3F,0xF8,0x20,0x00,0x2E,0x18,0x22,0xE0,0x24,0x20,0x28,0x20,0x2E,0xF8,0x22,0x20,0x2A,
0x20,0x44,0xF8,0x4B,0x00,0x90,0xF8,0x02,0x00,0x01,0x00,0x7F,0xF8,0x41,0x00,0x5F,0xF0,0x44,0x40,0x49,
0x20,0x5F,0xF8,0x49,0x20,0x4F,0xE0,0x49,0x20,0x4F,0xE8,0x49,0x08,0x80,0xF8,0x02,0x00,0x01,0x00,0x7F,
0xF8,0x40,0x00,0x48,0x20,0x48,0x20,0x7F,0xF8,0x48,0x20,0x48,0x20,0x4F,0xE0,0x40,0x00,0x54,0x90,0x52,
0x48,0xA2,0x48,0x02,0x00,0x01,0x00,0x3F,0xF8,0x21,0x00,0x2F,0xE0,0x21,0x20,0x3F,0xF8,0x21,0x20,0x2F,
0xE0,0x21,0x10,0x29,0xA0,0x45,0x40,0x49,0x20,0x93,0x18,0x01,0x00,0x7F,0xF8,0x41,0x00,0x5F,0xF0,0x41,
0x10,0x7F,0xF8,0x41,0x10,0x5F,0xF0,0x41,0x00,0x5F,0xF0,0x51,0x10,0x5F,0xF0,0x51,0x10,0x91,0x70,0x02,
0x00,0x01,0x00,0x3F,0xF8,0x24,0x20,0x3F,0xF8,0x22,0x40,0x2F,0xF0,0x22,0x50,0x3F,0xF8,0x22,0x50,0x2F,
0xF0,0x46,0x60,0x4A,0x50,0x92,0x48,0x02,0x00,0x01,0x00,0x7F,0xF8,0x48,0x00,0x44,0xF0,0x5E,0x90,0x52,
0x90,0x5E,0xA0,0x52,0xA0,0x5E,0x90,0x54,0x90,0x56,0x90,0x59,0xE0,0x90,0x80,0x01,0x00,0x7F,0xF8,0x44,
0x00,0x7F,0x78,0x40,0x48,0x5F,0x48,0x51,0x50,0x5F,0x50,0x40,0x48,0x5F,0x48,0x42,0x48,0x7F,0x70,0x44,
0x40,0x8C,0x40,0x01,0x00,0x7F,0xF8,0x40,0x00,0x7C,0xF8,0x64,0x48,0x55,0x28,0x66,0xC8,0x58,0x60,0x61,
0x18,0x4E,0x40,0x41,0x90,0x4E,0x60,0x41,0x80,0x9E,0x00,0x00,0x70,0xF3,0xC0,0x10,0x40,0x20,0x40,0x22,
0x70,0x42,0x40,0x72,0x40,0x12,0x40,0x52,0x40,0x23,0xF0,0x20,0x00,0x50,0x00,0x8F,0xF8,0x00,0x70,0xF7,
0x80,0x10,0x80,0x20,0x80,0x20,0x80,0x4F,0xF8,0x70,0x80,0x10,0x80,0x50,0x80,0x2F,0xF8,0x20,0x00,0x50,
0x00,0x8F,0xF8,0x00,0x80,0x00,0x80,0xF7,0xF0,0x10,0x90,0x2F,0xF8,0x20,0x90,0x47,0xF0,0x70,0x80,0x17,
0xF0,0x50,0x80,0x2F,0xF8,0x20,0x80,0x50,0x80,0x8F,0xF8,0x7F,0xF0,0x10,0x40,0x10,0x40,0x10,0x40,0x10,
0x40,0x10,0x40,0xFF,0xF8,0x10,0x40,0x10,0x40,0x10,0x40,0x20,0x40,0x20,0x40,0x40,0x40,0x80,0x40,0x7F,
0xE0,0x40,0x20,0x40,0x20,0x7F,0xE0,0x40,0x08,0x40,0x08,0x3F,0xF8,0x00,0x00,0x10,0x40,0x10,0x40,0xFF,
0xF8,0x10,0x40,0x20,0x40,0x40,0x40,0x04,0x00,0x02,0x00,0xFF,0xF8,0x10,0x40,0x20,0x20,0x7F,0xF0,0x10,
0x50,0x10,0x40,0xFF,0xF8,0x10,0x40,0x10,0x40,0x20,0x40,0x40,0x40,0x80,0x40,0x7F,0xF0,0x02,0x00,0x02,
0x00,0x3F,0xE0,0x02,0x00,0x02,0x00,0xFF,0xF8,0x00,0x00,0x10,0x40,0x10,0x40,0xFF,0xF8,0x10,0x40,0x20,
0x40,0x40,0x40,0x92,0x40,0x54,0x40,0xFE,0x78,0x92,0x90,0xBB,0x50,0xD6,0x20,0x92,0x50,0x86,0x88,0x10,
0x40,0x10,0x40,0xFF,0xF8,0x10,0x40,0x20,0x40,0x40,0x40,0x00,0xA0,0x00,0x90,0x00,0x80,0xFF,0xF8,0x00,
0x80,0x00,0x80,0x7C,0x80,0x10,0x80,0x10,0x80,0x10,0x40,0x10,0x48,0x1E,0x28,0xF0,0x18,0x00,0x08,0xFF,
0xE0,0x00,0x20,0x00,0x20,0x7F,0xE0,0x40,0x00,0x40,0x00,0x40,0x00,0x7F,0xF0,0x00,0x10,0x00,0x10,0x00,
0x10,0x00,0x10,0x00,0x60,0x00,0x20,0xFE,0x20,0x02,0x20,0x02,0x20,0xFE,0x20,0x80,0x20,0x80,0x20,0x80,
0x20,0xFE,0x20,0x02,0x20,0x02,0x20,0x02,0x20,0x02,0x20,0x0C,0x20,0x09,0x00,0x09,0x00,0x7F,0xE0,0x09,
0x20,0x09,0x20,0x7F,0xE0,0x49,0x00,0x49,0x00,0x7F,0xF0,0x09,0x10,0x11,0x10,0x21,0x10,0x41,0x60,0x81,
0x00,0x00,0x40,0xF8,0x40,0x08,0x40,0x08,0x40,0xF8,0x40,0x80,0x80,0x80,0x80,0x81,0x00,0xF9,0x20,0x0A,
0x10,0x0A,0x10,0x0F,0xF8,0x08,0x08,0x30,0x08,0x00,0x80,0xF0,0x80,0x14,0x90,0x14,0xB0,0xF5,0xD0,0x8E,
0x90,0x84,0x90,0x84,0x90,0xF4,0x90,0x14,0xB0,0x14,0x80,0x14,0x08,0x14,0x08,0x63,0xF8,0x10,0x40,0x08,
0x80,0x7F,0xE0,0x02,0x20,0x02,0x20,0x7F,0xE0,0x42,0x00,0x42,0x00,0x7F,0xF0,0x06,0x10,0x0A,0x10,0x32,
0x10,0xC2,0x60,0x02,0x00,0x02,0x00,0xF2,0x10,0x12,0x20,0x12,0x40,0xF2,0x80,0x82,0x00,0x8F,0xF8,0x82,
0x40,0xF2,0x40,0x12,0x20,0x12,0x20,0x12,0x90,0x13,0x08,0x62,0x00,0x01,0x00,0xF1,0x00,0x13,0xF8,0x12,
0x08,0xF4,0x10,0x80,0x80,0x80,0x80,0x82,0xA0,0xF2,0x90,0x14,0x90,0x14,0x88,0x18,0x88,0x10,0x80,0x63,
0x80,0x00,0x80,0xF0,0x40,0x17,0xF8,0x10,0x80,0xF1,0x00,0x81,0x10,0x82,0x10,0x87,0xE0,0xF0,0x40,0x10,
0x80,0x11,0x20,0x12,0x10,0x17,0xF8,0x60,0x08,0xF0,0xF0,0x17,0x40,0x15,0x40,0xF5,0x40,0x85,0x40,0x85,
0x40,0x85,0x20,0xF5,0x20,0x15,0x20,0x15,0x10,0x15,0x50,0x19,0xA8,0x61,0x00,0x04,0x00,0x02,0x00,0xFF,
0xF8,0x08,0x80,0x28,0xA0,0x48,0x90,0x80,0x08,0x3F,0xE0,0x00,0x20,0x3F,0xE0,0x20,0x00,0x3F,0xF0,0x00,
0x10,0x00,0x60,0xFB,0xF0,0x08,0x10,0x08,0x10,0xFB,0xF0,0x82,0x00,0x82,0x00,0xFB,0xF0,0x08,0x10,0x4A,
0x10,0x29,0x50,0x48,0x90,0x8B,0x10,0x30,0x60,0x02,0x20,0xF1,0x40,0x17,0xF0,0x14,0x90,0xF4,0x90,0x87,
0xF0,0x84,0x90,0x84,0x90,0xF7,0xF0,0x10,0x80,0x10,0x80,0x17,0xF8,0x10,0x80,0x60,0x80,0xF3,0xE0,0x12,
0x20,0x12,0x20,0xF3,0xE0,0x80,0x80,0x87,0xF0,0x84,0x90,0xF4,0x90,0x17,0xF0,0x10,0x80,0x10,0x90,0x1F,
0xF8,0x60,0x08,0x10,0x00,0x17,0xF0,0x90,0x10,0x90,0x10,0x90,0x10,0x90,0x10,0x93,0xF0,0x90,0x10,0x90,
0x10,0x10,0x10,0x20,0x10,0x20,0x10,0x47,0xF0,0x80,0x10,0x02,0x00,0x42,0x10,0x22,0x20,0x12,0x40,0xFF,
0xF0,0x00,0x10,0x00,0x10,0x00,0x10,0x7F,0xF0,0x00,0x10,0x00,0x10,0x00,0x10,0xFF,0xF0,0x00,0x10,0x7F,
0xE0,0x00,0x20,0x3F,0xE0,0x00,0x20,0xFF,0xF8,0x02,0x00,0x22,0x20,0x13,0x40,0x0A,0x80,0x12,0x40,0x22,
0x20,0xC2,0x18,0x0E,0x00,0x0F,0xC0,0x10,0x40,0x1F,0x80,0x00,0x80,0xFF,0xF8,0x54,0x90,0x11,0xE0,0x7C,
0x48,0x33,0xF8,0x55,0x50,0x08,0x80,0xFF,0xF8,0x10,0x80,0x20,0x80,0x00,0x10,0x7E,0x10,0x24,0x20,0x24,
0x40,0x24,0x90,0x24,0x10,0xFF,0x20,0x24,0x40,0x24,0x88,0x24,0x08,0x24,0x10,0x24,0x20,0x44,0x40,0x84,
0x80,0x00,0x10,0x3E,0x10,0x22,0x20,0x32,0x40,0x2A,0x90,0x2A,0x10,0x22,0x20,0x7F,0x40,0x22,0x88,0x22,
0x08,0x22,0x10,0x42,0x20,0x42,0x40,0x8E,0x80,0x02,0x00,0x01,0x00,0x3F,0xF0,0x00,0x00,0x08,0x40,0x04,
0x80,0x3F,0xF8,0x20,0x80,0x23,0x20,0x2C,0xC0,0x23,0x10,0x4C,0x60,0x41,0x80,0x9E,0x00,0x0E,0x10,0xF0,
0x10,0x22,0x20,0x92,0x40,0x44,0x90,0x10,0x10,0x10,0x20,0xFE,0x40,0x10,0x88,0x38,0x08,0x54,0x10,0x92,
0x20,0x10,0x40,0x10,0x80,0x04,0x00,0x07,0x08,0x04,0x10,0x3F,0xA0,0x24,0x80,0x26,0x08,0x3C,0x90,0x23,
0xA0,0x20,0x00,0x2F,0x08,0x29,0x10,0x49,0x60,0x49,0x08,0x90,0xF8,0x21,0x00,0x21,0x08,0x21,0x10,0xF7,
0xA0,0x21,0x00,0x21,0x00,0x73,0x88,0x6B,0x50,0xA5,0x20,0x21,0x00,0x21,0x08,0x21,0x08,0x21,0x10,0x21,
0x20,0x10,0x10,0x10,0x10,0xFE,0x20,0x10,0x40,0x7C,0x90,0x00,0x10,0x7C,0x20,0x44,0x40,0x44,0x88,0x7C,
0x08,0x00,0x10,0x44,0x20,0x2E,0x40,0xF0,0x80,0x08,0x08,0x7F,0x10,0x22,0x20,0xFF,0x40,0x00,0x08,0x7F,
0x08,0x41,0x10,0x7F,0x20,0x41,0x40,0x7F,0x08,0x08,0x08,0xFF,0x10,0x08,0x20,0x08,0x40,0x7F,0x08,0x41,
0x10,0x7F,0x20,0x41,0x40,0x7F,0x08,0x08,0x08,0xFF,0x90,0x00,0x20,0x7F,0x40,0x41,0x08,0x7F,0x08,0x08,
0x10,0x49,0x20,0x98,0xC0,0x10,0x00,0x13,0xE0,0x22,0x20,0x42,0x20,0x92,0x20,0x14,0x18,0x28,0x00,0x67,
0xF0,0xA2,0x10,0x22,0x20,0x21,0x40,0x20,0x80,0x23,0x60,0x2C,0x18,0x14,0x00,0x24,0xF8,0x44,0x48,0x94,
0x48,0x17,0x48,0x2C,0x48,0x64,0x48,0xA4,0x48,0x24,0x48,0x25,0x48,0x26,0x48,0x24,0x88,0x21,0x08,0x22,
0x30,0x10,0x80,0x10,0x80,0x27,0xF8,0x44,0x88,0x94,0x90,0x14,0x80,0x27,0xF0,0x65,0x10,0xA5,0x10,0x24,
0xA0,0x24,0xA0,0x24,0x40,0x28,0xA0,0x33,0x18,0x11,0x00,0x10,0x80,0x20,0x00,0x47,0xF0,0x90,0x80,0x10,
0x80,0x20,0x80,0x60,0x80,0xA7,0xF0,0x20,0x80,0x20,0x80,0x20,0x80,0x20,0x80,0x2F,0xF8,0x10,0x00,0x17,
0xF8,0x20,0x40,0x40,0x40,0x90,0x40,0x12,0x40,0x22,0x78,0x62,0x40,0xA2,0x40,0x22,0x40,0x22,0x40,0x22,
0x40,0x22,0x40,0x2F,0xF8,0x10,0x00,0x13,0xF0,0x20,0x20,0x40,0x40,0x90,0xA0,0x11,0x10,0x22,0x08,0x64,
0x00,0xA3,0xF0,0x20,0x40,0x20,0x40,0x20,0x40,0x20,0x40,0x27,0xF8,0x10,0x80,0x20,0x80,0x47,0xF0,0x90,
0x80,0x10,0x80,0x2F,0xF8,0x60,0x20,0xA0,0x20,0x2F,0xF8,0x20,0x20,0x24,0x20,0x22,0x20,0x20,0x20,0x20,
0xE0,0x10,0x00,0x17,0xE0,0x24,0x20,0x44,0x20,0x97,0xE0,0x14,0x20,0x24,0x20,0x67,0xE0,0xA4,0x90,0x24,
0xA0,0x24,0x40,0x25,0x40,0x26,0x20,0x24,0x10,0x10,0x00,0x17,0xF8,0x24,0x08,0x44,0x08,0x95,0xE8,0x15,
0x28,0x25,0x28,0x65,0x28,0xA5,0x28,0x25,0xE8,0x24,0x08,0x24,0x08,0x27,0xF8,0x24,0x08,0x10,0x80,0x10,
0x80,0x27,0xF0,0x40,0x90,0x9F,0xF8,0x10,0x90,0x27,0xF0,0x60,0x80,0xA7,0xF0,0x20,0x80,0x2F,0xF8,0x20,
0x80,0x20,0x80,0x20,0x80,0x10,0x80,0x10,0x80,0x21,0x40,0x42,0x20,0x94,0x10,0x1B,0xE8,0x20,0x80,0x60,
0x80,0xA7,0xF0,0x20,0x80,0x24,0x90,0x24,0x88,0x28,0x88,0x23,0x80,0x10,0x80,0x10,0x80,0x20,0x80,0x47,
0xF0,0x90,0x80,0x10,0x80,0x27,0xF8,0x60,0x80,0xA4,0x80,0x24,0xF0,0x24,0x80,0x24,0x80,0x2A,0x80,0x31,
0xF8,0x17,0xF0,0x24,0x10,0x47,0xF0,0x94,0x10,0x17,0xF0,0x20,0x00,0x67,0xF0,0xA0,0x20,0x2F,0xF8,0x20,
0x20,0x24,0x20,0x22,0x20,0x20,0x20,0x20,0xE0,0x12,0x40,0x12,0x40,0x22,0x40,0x4E,0x78,0x92,0x40,0x12,
0x40,0x2E,0x70,0x62,0x40,0xA2,0x40,0x2E,0x78,0x22,0x40,0x22,0x40,0x22,0x40,0x22,0x40,0x10,0x40,0x12,
0x40,0x22,0x78,0x42,0x40,0x92,0x40,0x17,0xF8,0x20,0x40,0x60,0x40,0xA2,0x40,0x22,0x78,0x22,0x40,0x22,
0x40,0x25,0x40,0x28,0xF8,0x14,0x00,0x14,0x00,0x27,0x78,0x4A,0x48,0x92,0x48,0x1F,0x48,0x22,0x48,0x6A,
0x48,0xAB,0x48,0x2A,0x48,0x2A,0x48,0x2B,0x58,0x3C,0x40,0x20,0x40,0x10,0x70,0x17,0xC0,0x24,0x40,0x44,
0x40,0x97,0xF8,0x14,0x40,0x25,0xF0,0x65,0x10,0xA5,0xF0,0x25,0x10,0x25,0xF0,0x25,0x10,0x25,0xF0,0x29,
0x10,0x24,0x40,0x35,0x40,0x55,0x40,0x9F,0x78,0x20,0x90,0x20,0x50,0x5F,0x50,0xC0,0x50,0x4E,0x50,0x4A,
0x20,0x4A,0x20,0x4B,0x50,0x4A,0x50,0x50,0x88,0x10,0x80,0x27,0xF8,0x40,0x80,0x97,0xF0,0x15,0x50,0x25,
0x50,0x67,0xF0,0xA0,0x00,0x27,0xF0,0x21,0x00,0x20,0x90,0x2A,0x88,0x2A,0x28,0x31,0xE0,0x24,0x40,0x35,
0x40,0x5F,0x40,0x80,0x78,0x3F,0x90,0x24,0x50,0x49,0x50,0xDE,0x50,0x44,0x50,0x4A,0x20,0x5F,0x20,0x44,
0x50,0x56,0x50,0x6D,0x88,0x04,0x00,0x02,0x00,0x01,0x00,0x01,0x00,0x08,0x00,0x08,0x00,0x48,0x20,0x48,
0x10,0x48,0x10,0x48,0x08,0x88,0x08,0x08,0x40,0x08,0x40,0x07,0xC0,0x04,0x00,0x02,0x00,0x09,0x20,0x09,
0x20,0x08,0x40,0x48,0x40,0x48,0x90,0x49,0x08,0x4A,0x08,0x8C,0x08,0x08,0x00,0x18,0x20,0x28,0x20,0xC7,
0xE0,0x10,0x00,0x10,0x00,0x17,0xF0,0x10,0x10,0x58,0x20,0x54,0x40,0x50,0x80,0x91,0x00,0x12,0x00,0x12,
0x00,0x14,0x00,0x14,0x08,0x14,0x08,0x13,0xF8,0x7F,0xE0,0x00,0x20,0x00,0x20,0x7F,0xE0,0x40,0x00,0x40,
0x00,0x40,0x10,0x3F,0xF0,0x02,0x00,0x11,0x10,0x51,0x08,0x50,0x48,0x8F,0xC0,0x7F,0xF0,0x02,0x10,0x22,
0x10,0x44,0x10,0x08,0x10,0x30,0x10,0xC0,0x60,0x04,0x00,0x02,0x00,0x52,0x10,0x50,0x08,0x90,0x48,0x0F,
0xC0,0x02,0x00,0x02,0x00,0xFF,0xF8,0x02,0x00,0x02,0x00,0x02,0x00,0x7F,0xF0,0x00,0x00,0x04,0x00,0x02,
0x00,0x52,0x10,0x50,0x08,0x90,0x48,0x0F,0xC0,0x04,0x00,0x02,0x00,0xFF,0xF8,0x20,0x00,0x20,0x00,0x20,
0x00,0x3F,0xF0,0x00,0x00,0x04,0x00,0x02,0x00,0x52,0x10,0x50,0x08,0x90,0x48,0x0F,0xC0,0x20,0x80,0x20,
0x40,0x20,0x40,0x20,0x00,0xB7,0xF8,0xAA,0x00,0xA2,0x00,0xA2,0x00,0x22,0x00,0x22,0x00,0x22,0x00,0x22,
0x00,0x22,0x00,0x23,0xF8,0x02,0x00,0x02,0x00,0x7F,0xF0,0x42,0x10,0x42,0x10,0x42,0x10,0x7F,0xF0,0x02,
0x00,0x04,0x00,0x02,0x00,0x52,0x10,0x50,0x08,0x90,0x48,0x0F,0xC0,0x21,0x00,0x21,0x20,0x21,0x10,0x21,
0x00,0xB7,0xF8,0xA9,0x40,0xA1,0x40,0xA1,0x40,0x21,0x40,0x21,0x40,0x22,0x40,0x22,0x48,0x24,0x48,0x28,
0x38,0x21,0x00,0x21,0x00,0x27,0xF0,0x31,0x10,0xA9,0x10,0xA1,0x10,0xA1,0x10,0x2F,0xF8,0x21,0x40,0x21,
0x40,0x22,0x20,0x22,0x20,0x24,0x10,0x28,0x08,0x20,0x80,0x20,0x80,0x20,0x80,0x37,0xF0,0xAC,0x90,0xA4,
0x90,0xA0,0x80,0x21,0x40,0x21,0x40,0x21,0x40,0x22,0x40,0x22,0x48,0x24,0x48,0x28,0x38,0x02,0x00,0x05,
0x00,0x08,0x80,0x34,0x60,0xC2,0x18,0x3F,0xC0,0x00,0x40,0x00,0x80,0x05,0x00,0x02,0x00,0x52,0x10,0x50,
0x08,0x90,0x48,0x0F,0xC0,0x20,0x30,0x23,0xC0,0x22,0x00,0x32,0x00,0xAA,0x00,0xA3,0xF8,0xA2,0x20,0x22,
0x20,0x22,0x20,0x22,0x20,0x22,0x20,0x24,0x20,0x24,0x20,0x28,0x20,0x10,0x00,0x10,0x00,0x3F,0xF0,0x44,
0x90,0x88,0x90,0x11,0x10,0x22,0x10,0x44,0x10,0x08,0x60,0x02,0x00,0x11,0x10,0x51,0x08,0x50,0x48,0x8F,
0xC0,0x08,0x80,0x10,0x40,0x20,0x20,0xDF,0xD8,0x08,0x40,0x08,0x40,0x10,0x40,0x61,0x80,0x04,0x00,0x02,
0x00,0x52,0x10,0x50,0x08,0x90,0x48,0x0F,0xC0,0x20,0x00,0x27,0xF8,0x20,0x40,0x30,0x40,0xA8,0x80,0xA0,
0x80,0xA1,0xA0,0x22,0x90,0x24,0x88,0x28,0x88,0x20,0x80,0x20,0x80,0x20,0x80,0x20,0x80,0x02,0x00,0x02,
0x00,0xFF,0xF8,0x02,0x00,0x05,0x00,0x08,0x80,0x34,0x60,0xC2,0x18,0x00,0x00,0x02,0x00,0x11,0x10,0x51,
0x08,0x50,0x48,0x8F,0xC0,0x10,0x40,0x10,0x40,0x10,0x40,0x28,0xA0,0x24,0xA0,0x45,0x10,0x41,0x10,0x82,
0x08,0x04,0x00,0x02,0x00,0x52,0x10,0x50,0x08,0x90,0x48,0x0F,0xC0,0x10,0x00,0x10,0x00,0x1F,0xF0,0x28,
0x00,0x4F,0xE0,0x88,0x00,0x0F,0xE0,0x08,0x00,0x08,0x00,0x02,0x00,0x11,0x10,0x51,0x08,0x50,0x48,0x8F,
0xC0,0x20,0x00,0xFD,0xF0,0x25,0x10,0x45,0x10,0x28,0xA0,0x10,0x40,0x28,0xA0,0xC3,0x18,0x04,0x00,0x02,
0x00,0x52,0x10,0x50,0x08,0x90,0x48,0x0F,0xC0,0x20,0x00,0x27,0xF8,0x20,0x40,0x30,0x40,0xA8,0x40,0xA2,
0x40,0xA2,0x78,0x22,0x40,0x22,0x40,0x22,0x40,0x22,0x40,0x22,0x40,0x22,0x40,0x2F,0xF8,0x10,0x40,0x10,
0x40,0x10,0x80,0x13,0xF8,0x5A,0x08,0x56,0x08,0x52,0x08,0x93,0xF8,0x12,0x08,0x12,0x08,0x12,0x08,0x12,
0x08,0x13,0xF8,0x12,0x08,0x20,0x80,0x20,0x80,0x27,0xF8,0x31,0x00,0xA9,0x40,0xA2,0x40,0xA7,0xF8,0x2A,
0x48,0x22,0x48,0x22,0x48,0x22,0x48,0x22,0x58,0x20,0x40,0x20,0x40,0x20,0x80,0x20,0x80,0x21,0x40,0x32,
0x20,0xAD,0x10,0xA8,0x88,0xA0,0x00,0x27,0xF0,0x20,0x10,0x20,0x20,0x22,0x40,0x21,0x80,0x20,0x80,0x20,
0x40,0x7F,0xF0,0x42,0x10,0x42,0x10,0x7F,0xF0,0x42,0x10,0x42,0x10,0x7F,0xF0,0x04,0x00,0x02,0x00,0x52,
0x10,0x50,0x08,0x90,0x48,0x0F,0xC0,0x08,0x00,0x10,0x40,0x20,0x20,0x7F,0xF0,0x00,0x10,0x3F,0xE0,0x20,
0x20,0x20,0x20,0x3F,0xE0,0x02,0x00,0x11,0x10,0x51,0x08,0x50,0x48,0x8F,0xC0,0x20,0x80,0x20,0x80,0x21,
0x20,0x22,0x10,0xB7,0xF8,0xA8,0x08,0xA0,0x00,0xA3,0xF0,0x22,0x10,0x22,0x10,0x22,0x10,0x22,0x10,0x23,
0xF0,0x22,0x10,0x08,0x00,0x0F,0xC0,0x10,0x80,0x21,0x00,0x7F,0xE0,0x00,0x20,0x3F,0xE0,0x00,0x20,0x7F,
0xE0,0x02,0x00,0x11,0x10,0x51,0x08,0x50,0x48,0x8F,0xC0,0x20,0x40,0x20,0x40,0x22,0x40,0x32,0x40,0xAB,
0xF8,0xA2,0x40,0xA4,0x40,0x20,0x40,0x23,0xF0,0x20,0x40,0x20,0x40,0x20,0x40,0x20,0x40,0x27,0xF8,0x20,
0x00,0x3D,0xF0,0x25,0x10,0x45,0x10,0x49,0x10,0xA9,0x60,0x11,0x08,0x21,0x08,0x40,0xF8,0x82,0x00,0x11,
0x10,0x51,0x08,0x50,0x48,0x8F,0xC0,0x20,0x00,0x27,0xF0,0x22,0x20,0x21,0x40,0xB0,0x80,0xA9,0x40,0xA2,
0x20,0xAC,0x98,0x20,0x80,0x27,0xF0,0x20,0x80,0x20,0x80,0x20,0x80,0x2F,0xF8,0x20,0x80,0x20,0x80,0x20,
0x80,0x37,0xF0,0xA8,0x80,0xA0,0x80,0xA0,0x80,0x2F,0xF8,0x21,0x00,0x21,0x00,0x22,0x20,0x24,0x10,0x2F,
0xF8,0x20,0x08,0x20,0x20,0x10,0x40,0x08,0x80,0x3F,0xE0,0x20,0x20,0x20,0x20,0x20,0x20,0x3F,0xE0,0x00,
0x00,0x02,0x00,0x11,0x10,0x51,0x08,0x50,0x48,0x8F,0xC0,0x20,0x80,0x20,0x80,0x27,0xF0,0x20,0x80,0xB0,
0x80,0xAF,0xF8,0xA0,0x20,0xA0,0x20,0x2F,0xF8,0x20,0x20,0x24,0x20,0x22,0x20,0x20,0x20,0x20,0xE0,0x04,
0x00,0x02,0x00,0xFF,0xF8,0x08,0x80,0x28,0xA0,0x28,0x90,0x48,0x88,0x88,0x88,0x04,0x00,0x02,0x00,0x52,
0x10,0x50,0x08,0x90,0x48,0x0F,0xC0,0x20,0x80,0x20,0x80,0x24,0x90,0x32,0x90,0xAA,0xA0,0xA0,0x80,0xAF,
0xF8,0x22,0x40,0x22,0x40,0x22,0x40,0x22,0x40,0x24,0x48,0x24,0x48,0x28,0x38,0xFB,0xE0,0x22,0x20,0x23,
0x20,0x22,0xA0,0x22,0x20,0x3A,0x28,0xE4,0x28,0x08,0x18,0x02,0x00,0x11,0x10,0x51,0x08,0x50,0x48,0x8F,
0xC0,0x20,0x00,0x27,0xF8,0x20,0x00,0x30,0x00,0xAB,0xF0,0xA2,0x10,0xA2,0x10,0x23,0xF0,0x22,0x10,0x22,
0x10,0x23,0xF0,0x20,0x00,0x20,0x00,0x27,0xF8,0x10,0x00,0x10,0x00,0xFD,0xF0,0x25,0x10,0x45,0x10,0x29,
0x10,0x11,0x10,0x29,0xF0,0xC0,0x00,0x02,0x00,0x11,0x10,0x51,0x08,0x50,0x48,0x8F,0xC0,0x20,0x80,0x20,
0x80,0x20,0x80,0x37,0xF8,0xA9,0x00,0xA2,0x40,0xA2,0x48,0x25,0x48,0x29,0x50,0x22,0xA0,0x20,0xA0,0x21,
0x10,0x22,0x10,0x24,0x08,0x21,0x00,0x21,0x00,0x22,0x00,0x37,0xF0,0xAD,0x50,0xA5,0x50,0xA5,0x50,0x25,
0x50,0x25,0x50,0x25,0x50,0x25,0x50,0x25,0x50,0x25,0x50,0x2F,0xF8,0x10,0x00,0x13,0xF0,0x12,0x10,0x12,
0x10,0x5B,0xF0,0x56,0x10,0x52,0x10,0x93,0xF0,0x12,0x48,0x12,0x50,0x12,0x20,0x12,0xA0,0x13,0x10,0x12,
0x08,0x7F,0xF0,0x42,0x10,0x42,0x10,0x5F,0xD0,0x45,0x10,0x48,0x90,0x50,0x50,0x40,0x10,0x7F,0xF0,0x02,
0x00,0x11,0x10,0x51,0x08,0x50,0x48,0x8F,0xC0,0x20,0x00,0x27,0xF8,0x24,0x08,0x34,0x08,0xAD,0xE8,0xA4,
0x08,0xA5,0xE8,0x25,0x28,0x25,0x28,0x25,0x28,0x25,0xE8,0x24,0x08,0x24,0x08,0x24,0x38,0x20,0x00,0x20,
0x70,0x27,0x80,0x30,0x80,0xA8,0x80,0xA7,0xF8,0xA0,0x80,0x20,0x80,0x27,0xF0,0x24,0x10,0x24,0x10,0x24,
0x10,0x27,0xF0,0x24,0x10,0x08,0x80,0x08,0x80,0x7F,0xF0,0x08,0x80,0x08,0x80,0xFF,0xF8,0x10,0x40,0x22,
0x20,0x42,0x10,0x82,0x48,0x13,0x20,0x22,0x90,0x42,0x90,0x0E,0x00,0x04,0x00,0x08,0x00,0x3F,0xE0,0x20,
0x20,0x3F,0xE0,0x20,0x20,0x3F,0xE0,0x20,0x20,0x3F,0xE0,0x02,0x00,0x11,0x10,0x51,0x08,0x50,0x48,0x8F,
0xC0,0x20,0x80,0x20,0x80,0x21,0x40,0x32,0x20,0xAC,0x10,0xAB,0xE8,0xA0,0x00,0x20,0x00,0x27,0xF0,0x24,
0x10,0x24,0x10,0x24,0x10,0x27,0xF0,0x24,0x10,0x3F,0xE0,0x20,0x20,0x3F,0xE0,0x20,0x20,0x3F,0xE0,0x24,
0x10,0x23,0x20,0x28,0xC0,0x30,0x38,0x04,0x00,0x52,0x10,0x50,0x48,0x8F,0xC8,0x7F,0xF0,0x08,0x80,0x08,
0x80,0x48,0x90,0x28,0x90,0x28,0xA0,0x08,0x80,0xFF,0xF8,0x04,0x00,0x02,0x00,0x52,0x10,0x50,0x08,0x90,
0x48,0x0F,0xC0,0x21,0x00,0x20,0x80,0x20,0x80,0x27,0xF8,0xB0,0x20,0xAA,0x20,0xA5,0x48,0xA4,0x88,0x25,
0x48,0x26,0x28,0x24,0x28,0x24,0x08,0x27,0xF8,0x20,0x08,0x3F,0xC0,0x08,0x80,0x05,0x00,0x7F,0xF0,0x42,
0x10,0x7F,0xF0,0x42,0x10,0x7F,0xF0,0x42,0x10,0x42,0x70,0x04,0x00,0x52,0x10,0x50,0x48,0x8F,0xC8,0x20,
0x40,0x22,0x48,0x21,0x50,0x30,0x40,0xAB,0xF8,0xA2,0x08,0xA2,0x08,0x23,0xF8,0x22,0x08,0x22,0x08,0x23,
0xF8,0x22,0x08,0x22,0x08,0x22,0x38,0x00,0xF0,0x7F,0x00,0x22,0x20,0x12,0x40,0xFF,0xF8,0x0A,0x80,0x12,
0x40,0x22,0x20,0xC0,0x18,0x02,0x00,0x11,0x10,0x51,0x08,0x50,0x48,0x8F,0xC0,0x20,0x00,0x27,0xF0,0x24,
0x10,0x37,0xF0,0xAC,0x10,0xA7,0xF0,0xA0,0x00,0x27,0xF0,0x20,0x80,0x20,0x80,0x2F,0xF8,0x20,0x80,0x20,
0x80,0x20,0x80,0x22,0x00,0x22,0x00,0x23,0xF8,0x34,0x00,0xAB,0xF0,0xA2,0x90,0xA2,0x50,0x2F,0xF8,0x22,
0x10,0x24,0x90,0x24,0x50,0x27,0xF8,0x20,0x10,0x20,0x60,0x20,0x80,0x20,0x80,0x2F,0xF8,0x30,0x80,0xAF,
0xF8,0xA8,0x08,0xA7,0xE0,0x20,0x40,0x20,0x80,0x2F,0xF8,0x20,0x80,0x20,0x80,0x20,0x80,0x23,0x80,0x20,
0x00,0x27,0xF8,0x20,0x80,0x30,0x80,0xAB,0xF0,0xA1,0x10,0xA1,0x10,0x27,0xF8,0x20,0x00,0x23,0xF0,0x22,
0x10,0x22,0x10,0x23,0xF0,0x22,0x10,0x10,0x80,0x10,0x80,0x24,0xF8,0x65,0x10,0xA6,0x90,0x24,0xA0,0x24,
0x40,0x24,0xA0,0x21,0x10,0x22,0x08,0x11,0x10,0x51,0x08,0x50,0x48,0x8F,0xC0,0x02,0x00,0x3F,0xE0,0x22,
0x20,0x3F,0xE0,0x02,0x00,0x7F,0xF0,0x42,0x10,0x7F,0xF0,0x02,0x00,0x02,0x00,0x11,0x10,0x51,0x08,0x50,
0x48,0x8F,0xC0,0x22,0x10,0x21,0x10,0x21,0x20,0x33,0xF0,0xAA,0x10,0xA2,0x10,0xA2,0x10,0x23,0xF0,0x21,
0x20,0x21,0x20,0x21,0x20,0x21,0x28,0x22,0x28,0x24,0x18,0x12,0x00,0x12,0x00,0x27,0xF0,0x68,0x10,0xA0,
0x80,0x24,0xA0,0x24,0x90,0x28,0x90,0x23,0x80,0x02,0x00,0x11,0x10,0x51,0x08,0x50,0x48,0x8F,0xC0,0x3F,
0xE0,0x20,0x20,0x3F,0xE0,0x20,0x20,0x3F,0xE0,0x20,0x20,0xFF,0xF8,0x10,0x40,0x20,0x20,0x7F,0xF0,0x04,
0x10,0x52,0x10,0x50,0x48,0x8F,0xC8,0x24,0x00,0x22,0xF8,0x20,0x08,0x34,0x88,0xAC,0x48,0xA7,0xF8,0xA5,
0x28,0x24,0xA8,0x24,0x48,0x24,0xA8,0x25,0x28,0x24,0x08,0x24,0x08,0x24,0x38,0x08,0x80,0xF8,0xF8,0x08,
0x80,0x08,0x80,0x78,0xF0,0x08,0x80,0x08,0x80,0xF8,0xF8,0x08,0x80,0x02,0x00,0x11,0x10,0x51,0x08,0x50,
0x48,0x8F,0xC0,0x21,0x00,0x20,0x80,0x2F,0xF8,0x30,0x00,0xAA,0x20,0xA2,0x20,0xA5,0x50,0x28,0x88,0x20,
0x00,0x20,0x80,0x2F,0xF8,0x20,0x80,0x20,0x80,0x20,0x80,0x20,0xE0,0x27,0x80,0x20,0x80,0x2F,0xF8,0xB2,
0xA0,0xAC,0x90,0xA8,0x88,0xA7,0xE0,0x20,0x40,0x20,0x80,0x2F,0xF8,0x20,0x80,0x20,0x80,0x23,0x80,0x20,
0x80,0x20,0x80,0x20,0xF8,0x30,0x80,0xAF,0xF0,0xA4,0x10,0xA7,0xF0,0x24,0x10,0x27,0xF0,0x20,0x80,0x2F,
0xF8,0x20,0x80,0x20,0x80,0x20,0x80,0x20,0x80,0x27,0xF0,0x20,0x80,0x37,0xF0,0xA8,0x80,0xAF,0xF8,0xA0,
0x00,0x27,0xF0,0x24,0x10,0x27,0xF0,0x24,0x10,0x27,0xF0,0x24,0x10,0x24,0x70,0x21,0x00,0x20,0x80,0x2F,
0xF8,0x20,0x00,0xB0,0x00,0xAF,0xF0,0xA4,0x10,0xA4,0x10,0x27,0xF0,0x20,0x80,0x22,0xA0,0x24,0x90,0x28,
0x88,0x23,0x80,0x20,0x80,0x20,0x40,0x27,0xF8,0x24,0x08,0xB2,0x00,0xAA,0x38,0xA3,0xA8,0xA4,0xA8,0x2A,
0xA8,0x22,0xB8,0x21,0x20,0x21,0x28,0x22,0x28,0x24,0x18,0x01,0x20,0xFF,0xF8,0x01,0x00,0x7D,0x00,0x44,
0x90,0x7C,0xA0,0x00,0x48,0x1C,0xA8,0xE1,0x18,0x02,0x08,0x11,0x10,0x51,0x08,0x50,0x48,0x8F,0xC0,0x20,
0x00,0x23,0xF0,0x22,0x10,0x33,0xF0,0xAA,0x10,0xA3,0xF0,0xA1,0x00,0x23,0xF8,0x24,0xA8,0x29,0x28,0x22,
0x48,0x24,0x88,0x21,0x08,0x20,0x30,0x22,0x20,0x22,0x20,0x27,0xF0,0x32,0x20,0xAA,0x20,0xAF,0xF8,0xA0,
0x00,0x27,0xF0,0x24,0x10,0x24,0x10,0x27,0xF0,0x24,0x10,0x24,0x10,0x27,0xF0,0x21,0x40,0x21,0x20,0x22,
0x00,0x23,0xF8,0xB6,0x40,0xAA,0x40,0xA3,0xF0,0xA2,0x40,0x22,0x40,0x23,0xF0,0x22,0x40,0x22,0x40,0x23,
0xF8,0x22,0x00,0x02,0x00,0x7F,0xF0,0x02,0x00,0x3F,0xE0,0x22,0x20,0x3F,0xE0,0x22,0x20,0x3F,0xE0,0x02,
0x10,0xFF,0xF8,0x04,0x08,0x52,0x10,0x50,0x48,0x8F,0xC8,0x20,0x80,0x20,0x40,0x27,0xF8,0x34,0x40,0xAC,
0x40,0xA4,0x78,0xA4,0x40,0x24,0x40,0x25,0xF0,0x25,0x10,0x25,0x10,0x29,0x10,0x29,0xF0,0x31,0x10,0x20,
0x00,0x27,0xF0,0x24,0x10,0x37,0xF0,0xAC,0x10,0xA7,0xF0,0xA4,0x10,0x27,0xF0,0x24,0x10,0x2F,0xF8,0x20,
0x00,0x22,0x20,0x24,0x10,0x28,0x08,0x20,0x80,0x21,0x00,0x22,0x20,0x37,0xF0,0xA8,0x80,0xA7,0xF8,0xA1,
0x40,0x22,0x20,0x24,0x98,0x23,0x40,0x20,0x90,0x27,0x20,0x20,0xC0,0x27,0x00,0x27,0xF8,0x40,0x40,0x82,
0x40,0x12,0x70,0x22,0x40,0x62,0x40,0xA2,0x40,0x27,0xF8,0x20,0x00,0x02,0x00,0x11,0x10,0x51,0x08,0x50,
0x48,0x8F,0xC0,0x08,0x00,0x1F,0xE0,0x68,0xC0,0x07,0x00,0x18,0xC0,0xE0,0x38,0x3F,0xE0,0x22,0x20,0x3F,
0xE0,0x22,0x20,0x3F,0xE0,0x04,0x00,0x52,0x50,0x8F,0xC8,0x24,0x00,0x24,0x18,0x2F,0x60,0x34,0x40,0xA8,
0x40,0xAA,0x40,0xAF,0x78,0x22,0x50,0x22,0x50,0x23,0x50,0x2E,0x50,0x22,0x50,0x22,0x50,0x22,0x90,0x22,
0x20,0x21,0x40,0x27,0xF0,0x34,0x90,0xAC,0x90,0xA7,0xF0,0xA4,0x90,0x24,0x90,0x27,0xF0,0x20,0x80,0x20,
0x80,0x2F,0xF8,0x20,0x80,0x20,0x80,0x20,0x00,0x27,0xF0,0x24,0x90,0x2F,0xF8,0xB4,0x90,0xAF,0xF0,0xA0,
0x00,0xA7,0xF0,0x24,0x10,0x24,0x90,0x24,0x90,0x21,0x40,0x22,0x20,0x24,0x10,0x20,0x80,0x27,0xF8,0x21,
0x00,0x33,0xF0,0xAC,0x40,0xAB,0xF8,0xA0,0x00,0x23,0xF0,0x22,0x10,0x23,0xF0,0x22,0x10,0x23,0xF0,0x22,
0x10,0x22,0x70,0x10,0x00,0x11,0xF0,0x7D,0x10,0x11,0xF0,0x39,0x10,0x55,0xF0,0x91,0x10,0x11,0x10,0x11,
0xF0,0x02,0x00,0x11,0x10,0x51,0x08,0x50,0x48,0x8F,0xC0,0x20,0x80,0x21,0x00,0x27,0xF0,0x34,0x10,0xAF,
0xF0,0xA4,0x10,0xA7,0xF0,0x20,0x00,0x27,0xF0,0x20,0x80,0x27,0xF0,0x20,0x80,0x20,0x80,0x2F,0xF8,0x10,
0x40,0xFF,0xF8,0x10,0x40,0x04,0x00,0xFF,0xF8,0x08,0x00,0x1F,0xE0,0x28,0x20,0xC8,0x20,0x0F,0xE0,0x04,
0x00,0x52,0x10,0x50,0x48,0x8F,0xC8,0x20,0x00,0x27,0xF0,0x24,0x10,0x37,0xF0,0xAC,0x10,0xA7,0xF0,0xA0,
0x80,0x24,0x80,0x27,0xF8,0x28,0x80,0x27,0xF0,0x20,0x80,0x20,0x80,0x2F,0xF8,0x0C,0x40,0x70,0x48,0x11,
0x48,0xFD,0x50,0x12,0x40,0x38,0xA0,0x54,0xA0,0x91,0x10,0x12,0x08,0x02,0x00,0x11,0x10,0x51,0x08,0x50,
0x48,0x8F,0xC0,0x07,0x00,0x18,0xC0,0xEF,0xB8,0x00,0x00,0x7C,0x10,0x44,0x90,0x7C,0x90,0x44,0x90,0x7C,
0x90,0x44,0x10,0x4C,0x70,0x04,0x00,0x52,0x50,0x8F,0xC8,0x20,0x80,0x21,0x40,0x22,0x20,0x34,0x10,0xAB,
0xE8,0xA0,0x00,0xA7,0x88,0x24,0xA8,0x27,0xA8,0x24,0xA8,0x27,0xA8,0x24,0xA8,0x24,0x88,0x25,0xB8,0x02,
0x00,0x7F,0xF0,0x10,0x40,0x08,0x80,0xFF,0xF8,0x00,0x00,0x3F,0xE0,0x20,0x20,0x3F,0xE0,0x20,0x20,0x3F,
0xE0,0x52,0x10,0x50,0x48,0x8F,0xC8,0x20,0x00,0x27,0x70,0x25,0x50,0x35,0x50,0xAF,0x70,0xA0,0x00,0xA3,
0xE0,0x20,0x00,0x27,0xF8,0x22,0x00,0x23,0xF0,0x20,0x10,0x20,0x10,0x20,0x60,0x3F,0xE0,0x22,0x20,0x3F,
0xE0,0x22,0x20,0x3F,0xE0,0x02,0x00,0x7F,0xF0,0x42,0x50,0x5F,0xD0,0x40,0x30,0x04,0x00,0x52,0x10,0x50,
0x48,0x8F,0xC8,0x00,0x90,0x7F,0xF8,0x40,0x80,0x5E,0x90,0x40,0x90,0x5E,0xA0,0x52,0x40,0x5E,0xA8,0x41,
0x18,0x82,0x08,0x04,0x00,0x52,0x10,0x50,0x48,0x8F,0xC8,0x20,0x00,0x27,0xF0,0x25,0x50,0x25,0x50,0xB7,
0xF0,0xA9,0x00,0xA0,0x80,0xAF,0xF8,0x22,0x00,0x23,0xF0,0x22,0x10,0x24,0x10,0x28,0x10,0x30,0x60,0x20,
0x80,0x27,0xF0,0x20,0x80,0x32,0x20,0xAF,0xF8,0xA2,0x20,0xA0,0x00,0x27,0xF0,0x24,0x10,0x24,0x90,0x24,
0x90,0x21,0x40,0x22,0x20,0x24,0x10,0x20,0x80,0x21,0x00,0x27,0xF0,0x34,0x90,0xAC,0x90,0xA7,0xF0,0xA4,
0x90,0x25,0x10,0x27,0xF0,0x21,0xA0,0x22,0xD0,0x22,0xF8,0x24,0x88,0x28,0x78,0x3F,0xF8,0x21,0x00,0x27,
0xF0,0x24,0x10,0x27,0xF0,0x24,0x10,0x27,0xF0,0x20,0x80,0x24,0x90,0x29,0x88,0x21,0x00,0x40,0x90,0x4A,
0x28,0x91,0xE0,0x10,0x40,0x08,0x80,0xFF,0xF8,0x10,0x40,0x24,0x88,0xF9,0xF0,0x10,0x20,0x28,0x50,0xFD,
0xF8,0x04,0x08,0x04,0x00,0x52,0x10,0x50,0x48,0x8F,0xC8,0x21,0x20,0x27,0xF8,0x21,0x20,0x30,0x40,0xAF,
0xF8,0xA2,0x00,0xA2,0x00,0x23,0xF0,0x20,0x00,0x22,0xA0,0x22,0xA0,0x22,0xA0,0x24,0xA8,0x28,0x98,0x20,
0x80,0x2F,0xF8,0x20,0x80,0x37,0xF0,0xAC,0x10,0xA7,0xF0,0xA4,0x10,0x27,0xF0,0x24,0x10,0x27,0xF0,0x24,
0x10,0x2F,0xF8,0x22,0x20,0x24,0x10,0x27,0xF8,0x22,0x20,0x23,0xE0,0x32,0x20,0xAB,0xE0,0xA2,0x38,0xA7,
0xE0,0x20,0x20,0x27,0x70,0x21,0x50,0x25,0x50,0x22,0x20,0x25,0x50,0x28,0x88,0x10,0x40,0xFF,0xF8,0x10,
0x40,0x3F,0xE0,0x20,0x20,0x3F,0xE0,0x20,0x20,0x3F,0xE0,0x08,0x00,0xFF,0xF8,0x20,0x20,0xC2,0x18,0x12,
0xA0,0x26,0x50,0x23,0xF0,0x22,0x10,0x23,0xF0,0x32,0x10,0xAB,0xF0,0xA0,0x00,0xA7,0xF8,0x25,0x28,0x27,
0xF8,0x20,0x00,0x23,0xF0,0x21,0x20,0x20,0xC0,0x27,0x38,0x10,0x40,0x7D,0xF8,0x10,0x40,0x7D,0xF0,0x10,
0x40,0xFD,0xF8,0x10,0x40,0x7F,0xF0,0x00,0x10,0x3F,0xF0,0x00,0x10,0x7F,0xF0,0x52,0x50,0x8F,0xC8,0x20,
0x00,0x2E,0xF8,0x2A,0x20,0x3A,0x20,0xAE,0xA0,0xAA,0xA0,0xAA,0xF8,0x2E,0x40,0x2C,0x40,0x2A,0x60,0x2A,
0xA0,0x2E,0xA0,0x29,0x28,0x22,0x18,0x7E,0x10,0x42,0x10,0x7E,0xF8,0x40,0x10,0x5C,0x90,0x40,0x50,0x7F,
0x10,0xAA,0x10,0x59,0x70,0x02,0x00,0x11,0x10,0x51,0x08,0x50,0x48,0x8F,0xC0,0x20,0x80,0x20,0x40,0x27,
0xF8,0x34,0x40,0xAD,0xF0,0xA4,0x50,0xA7,0xF8,0x24,0x50,0x25,0xF0,0x25,0x50,0x24,0xE0,0x29,0x50,0x2A,
0x48,0x30,0xC0,0x10,0x40,0x92,0x40,0x54,0x78,0xFE,0x90,0x92,0x50,0xBA,0x50,0xD6,0x50,0x92,0x20,0x92,
0x50,0x86,0x88,0x04,0x00,0x52,0x10,0x50,0x48,0x8F,0xC8,0x24,0x10,0x22,0x20,0x2F,0xF8,0x38,0x88,0xAA,
0xA8,0xA8,0x88,0xAF,0xF8,0x20,0x00,0x27,0xF0,0x24,0x10,0x27,0xF0,0x24,0x10,0x27,0xF0,0x24,0x10,0x21,
0x40,0x21,0x20,0x22,0x00,0x23,0xF8,0xB6,0x40,0xAB,0xF0,0xA2,0x40,0xA3,0xF0,0x22,0x40,0x23,0xF8,0x22,
0x00,0x25,0x50,0x24,0xA8,0x28,0xA8,0x78,0x40,0x08,0x40,0xFF,0x78,0x44,0x90,0x7C,0x50,0x44,0x50,0x7C,
0x50,0x47,0x20,0xFC,0x50,0x06,0x88,0x11,0x10,0x51,0x08,0x50,0x48,0x8F,0xC0,0x20,0x60,0x20,0x50,0x2F,
0xF8,0x38,0x40,0xAB,0xD0,0xA8,0x50,0xAB,0xA8,0x2A,0xA8,0x2B,0xD8,0x28,0x88,0x31,0x00,0x20,0x90,0x2A,
0x28,0x31,0xE0,0x22,0x20,0x2F,0xF8,0x22,0x20,0x37,0xF0,0xA8,0x80,0xAF,0xF8,0xA4,0x90,0x27,0xF0,0x24,
0x90,0x27,0xF0,0x20,0x80,0x27,0xF0,0x20,0x80,0x2F,0xF8,0x24,0x00,0x27,0x78,0x29,0x28,0x32,0x28,0xAF,
0xA8,0xAA,0xD8,0xAA,0x90,0x2F,0xB8,0x2A,0xD0,0x2A,0x90,0x2F,0xF8,0x2A,0x90,0x2A,0x90,0x31,0x90,0x21,
0x00,0x27,0xF0,0x24,0x90,0x36,0xB0,0xAC,0x90,0xA7,0xF0,0xA5,0xD0,0x26,0xB0,0x24,0x10,0x20,0x80,0x2F,
0xF8,0x21,0x40,0x22,0x20,0x24,0x10,0x22,0x20,0x22,0x20,0x2F,0xB8,0x32,0x48,0xAF,0x90,0xAA,0xF8,0xAA,
0x88,0x2F,0xA8,0x22,0xA8,0x27,0xA8,0x2A,0xA8,0x32,0x50,0x22,0x48,0x22,0x88,0x27,0xF0,0x20,0x80,0x2F,
0xF8,0x28,0x88,0xB6,0xB0,0xA8,0x80,0xA6,0xB0,0xA0,0x00,0x2F,0xF8,0x20,0x80,0x27,0xF0,0x25,0x50,0x25,
0x50,0x24,0x30,0x08,0x80,0x08,0x40,0x08,0x40,0x09,0xF8,0xFE,0x00,0x08,0x10,0x08,0x20,0x04,0x40,0x04,
0x80,0x03,0x00,0x0D,0x08,0x30,0x88,0xC0,0x68,0x00,0x18,0x00,0xA0,0x00,0x90,0x00,0x80,0x7F,0xF8,0x40,
0x80,0x40,0x90,0x40,0x90,0x40,0x90,0x40,0xA0,0x40,0xA0,0x40,0x48,0x40,0xA8,0x41,0x18,0x82,0x08,0x00,
0xA0,0x00,0x90,0x00,0x80,0x7F,0xF8,0x40,0x80,0x40,0x90,0x40,0x90,0x7C,0x90,0x40,0xA0,0x40,0xA0,0x40,
0x48,0x40,0xA8,0x41,0x18,0x82,0x08,0x00,0xA0,0x00,0x90,0x00,0x80,0x7F,0xF8,0x40,0x80,0x40,0x90,0x60,
0x90,0x50,0x90,0x48,0xA0,0x48,0xA0,0x40,0x48,0x40,0xA8,0x41,0x18,0x82,0x08,0x00,0xA0,0x00,0x90,0x00,
0x80,0xFF,0xF8,0x00,0x80,0x10,0x80,0x10,0x90,0xFC,0x90,0x10,0xA0,0x10,0xA0,0x20,0x48,0x20,0xA8,0x41,
0x18,0x86,0x08,0x00,0xA0,0x00,0x90,0x7C,0x90,0x04,0x80,0x04,0xF8,0x4B,0x80,0x28,0x90,0x10,0x90,0x18,
0xA0,0x28,0xA0,0x24,0x48,0x44,0xA8,0x81,0x18,0x02,0x08,0x00,0xA0,0x00,0x90,0x00,0x80,0x7F,0xF8,0x40,
0x80,0x40,0x90,0x7C,0x90,0x44,0x90,0x44,0xA0,0x44,0xA0,0x44,0x48,0x58,0xA8,0x41,0x18,0x82,0x08,0x0C,
0x80,0x70,0xA0,0x10,0x90,0x10,0x80,0xFF,0xF8,0x10,0x80,0x10,0x90,0x1C,0x90,0x30,0xA0,0xD0,0xA0,0x10,
0x48,0x10,0xA8,0x11,0x18,0x72,0x08,0x00,0xA0,0x00,0x90,0x00,0x80,0xFF,0xF8,0x00,0x80,0x24,0x80,0x24,
0x90,0xFE,0x90,0x24,0xA0,0x24,0xA0,0x24,0x48,0x44,0xA8,0x81,0x18,0x06,0x08,0x00,0xA0,0x00,0x90,0x00,
0x80,0xFF,0xF8,0x00,0x80,0x00,0x80,0x7C,0x90,0x44,0x90,0x44,0xA0,0x7C,0xA0,0x00,0x48,0x1C,0xA8,0xE1,
0x18,0x06,0x08,0x20,0xA0,0x20,0x90,0x3C,0x90,0x20,0x80,0x20,0xF8,0x23,0x80,0xFC,0x90,0x84,0x90,0x84,
0xA0,0x84,0xA0,0x84,0x48,0xFC,0xA8,0x85,0x18,0x02,0x08,0x00,0xA0,0x00,0x90,0x00,0x80,0x7F,0xF8,0x48,
0x80,0x4C,0x90,0x48,0x90,0x7E,0x90,0x48,0xA0,0x5C,0xA0,0x6A,0x48,0x48,0xA8,0x49,0x18,0x9A,0x08,0x10,
0x80,0x10,0xA0,0x7C,0x90,0x10,0x80,0xFF,0xF8,0x24,0x80,0x7F,0x90,0xC8,0x90,0x7E,0xA0,0x48,0xA0,0x7E,
0x48,0x48,0xA8,0x7F,0x18,0x42,0x08,0xEE,0x40,0x22,0x50,0xAA,0x48,0x66,0x40,0xAA,0x78,0x11,0xC0,0x28,
0x50,0x44,0x50,0x92,0x50,0x68,0x20,0x10,0x28,0x64,0x68,0x18,0x98,0xE1,0x08,0x00,0x40,0xEE,0x50,0xAA,
0x48,0x66,0x40,0xAA,0x78,0x25,0xC0,0x7E,0x50,0x48,0x50,0xFE,0x50,0x48,0x20,0x7E,0x28,0x48,0x68,0x7E,
0x98,0x41,0x08,0x08,0x50,0x7F,0x48,0x08,0x40,0xFF,0xF8,0x49,0x40,0x7F,0x50,0x49,0x50,0x7F,0x50,0x22,
0x50,0x7F,0x20,0x22,0x28,0xFF,0xA8,0x22,0x58,0x41,0x88,0x02,0x00,0x01,0x00,0x3F,0xF8,0x20,0x08,0x20,
0x08,0x20,0x08,0x3F,0xF8,0x20,0x08,0x20,0x00,0x20,0x00,0x20,0x00,0x40,0x00,0x40,0x00,0x80,0x00,0x02,
0x00,0x01,0x00,0x3F,0xF8,0x20,0x08,0x3F,0xF8,0x21,0x00,0x20,0x80,0x2F,0xF8,0x22,0x00,0x23,0xF0,0x22,
0x10,0x44,0x10,0x48,0x10,0x90,0x60,0x0C,0x30,0x71,0xC0,0x41,0x00,0x41,0x00,0x7D,0x00,0x45,0xF8,0x45,
0x20,0x45,0x20,0x7D,0x20,0x41,0x20,0x41,0x20,0x41,0x20,0x42,0x20,0x84,0x20,0x02,0x00,0x01,0x00,0x3F,
0xF8,0x20,0x08,0x20,0x08,0x3F,0xF8,0x20,0x00,0x3F,0xF8,0x32,0x48,0x32,0x48,0x5F,0xF8,0x52,0x48,0x92,
0x48,0x10,0x18,0x02,0x00,0x01,0x00,0x3F,0xF8,0x20,0x08,0x3F,0xF8,0x20,0x00,0x2F,0x78,0x21,0x08,0x25,
0x28,0x23,0x18,0x25,0x28,0x49,0x48,0x41,0x08,0x86,0x30,0x00,0xF0,0x7F,0x00,0x02,0x00,0x02,0x00,0x7F,
0xF0,0x02,0x00,0x02,0x00,0x02,0x00,0xFF,0xF8,0x02,0x00,0x02,0x00,0x02,0x00,0x02,0x00,0x0E,0x00,0x00,
0x80,0x00,0x80,0x00,0x80,0xFF,0xF8,0x01,0x80,0x02,0x80,0x02,0x80,0x04,0x80,0x08,0x80,0x10,0x80,0x20,
0x80,0x40,0x80,0x80,0x80,0x03,0x80,0x11,0x00,0x11,0x00,0x11,0x00,0xFD,0x00,0x11,0x00,0x11,0x00,0x19,
0x00,0x31,0x00,0xD1,0x00,0x11,0x00,0x11,0x00,0x11,0x08,0x11,0x08,0x70,0xF8,0x10,0x80,0x10,0x80,0x10,
0x80,0xFC,0x80,0x10,0xC0,0x10,0xA0,0x18,0x90,0x30,0x88,0xD0,0x88,0x10,0x80,0x10,0x80,0x10,0x80,0x10,
0x80,0x70,0x80,0x20,0x40,0x22,0x40,0x22,0x40,0xFA,0x40,0x22,0x40,0x22,0x40,0x2A,0x40,0x32,0x40,0xE2,
0x20,0x22,0x20,0x24,0x20,0x24,0x10,0x28,0x10,0xF0,0x08,0x20,0x00,0x27,0xF8,0x20,0x40,0xF8,0x40,0x20,
0x40,0x20,0x40,0x28,0x40,0x30,0x40,0xE0,0x40,0x20,0x40,0x20,0x40,0x20,0x40,0x20,0x40,0xE1,0xC0,0x20,
0x00,0x27,0xF0,0x21,0x10,0xF9,0x10,0x21,0x20,0x21,0x20,0x29,0x38,0x31,0x08,0xE1,0x08,0x21,0x08,0x22,
0x08,0x22,0x08,0x24,0x08,0xE8,0x70,0x20,0x00,0x20,0x70,0x23,0x80,0xF8,0x80,0x20,0x80,0x20,0x80,0x20,
0xF8,0x37,0x80,0xE0,0x80,0x20,0x80,0x20,0x80,0x20,0x88,0x20,0x88,0xE0,0x78,0x20,0x00,0x20,0x00,0x27,
0xF0,0xF8,0x80,0x20,0x80,0x20,0x80,0x28,0x80,0x30,0x80,0xE0,0x80,0x20,0x80,0x20,0x80,0x20,0x80,0x20,
0x80,0xEF,0xF8,0x20,0x00,0x20,0x00,0x23,0xF0,0xFA,0x10,0x22,0x10,0x22,0x10,0x2A,0x10,0x32,0x10,0xE2,
0x10,0x22,0x10,0x22,0x10,0x23,0xF0,0x22,0x10,0xE0,0x00,0x20,0x70,0x27,0x80,0x20,0x80,0xF8,0x80,0x20,
0x80,0x20,0x80,0x27,0xF8,0x30,0x80,0xE0,0x80,0x20,0x80,0x20,0x80,0x20,0x80,0x20,0x80,0xE0,0x80,0x21,
0x00,0x21,0x00,0x21,0x00,0xF7,0xE0,0x21,0x20,0x21,0x20,0x25,0x20,0x33,0x20,0xE1,0x20,0x21,0x20,0x22,
0xA0,0x22,0xA8,0x24,0x18,0xE8,0x08,0x20,0x80,0x20,0x40,0x20,0x40,0xFB,0xF8,0x22,0x00,0x22,0x00,0x2A,
0x00,0x32,0x00,0xE2,0x00,0x22,0x00,0x22,0x00,0x24,0x00,0x24,0x00,0xE8,0x00,0x20,0x00,0x20,0x00,0x23,
0xF8,0xF8,0x08,0x20,0x08,0x20,0x08,0x28,0x08,0x33,0xF8,0xE0,0x08,0x20,0x08,0x20,0x08,0x20,0x08,0x27,
0xF8,0xE0,0x08,0x27,0xF0,0x20,0x20,0x20,0xC0,0xF9,0x00,0x22,0x00,0x27,0xF8,0x21,0x28,0x32,0x28,0xE2,
0x48,0x24,0x48,0x28,0x88,0x21,0x08,0x22,0x08,0xE4,0x30,0x20,0x00,0x27,0xF0,0x21,0x10,0xF9,0x10,0x21,
0x10,0x21,0x10,0x29,0x10,0x37,0xF0,0xE2,0x10,0x22,0x10,0x22,0x10,0x22,0x10,0x22,0x10,0xEF,0xF8,0x20,
0x40,0x22,0x40,0x22,0x20,0xF4,0x20,0x24,0x10,0x28,0x08,0x27,0xE0,0x32,0x20,0xE2,0x20,0x22,0x20,0x22,
0x20,0x24,0x20,0x24,0x20,0xE8,0xC0,0x20,0x40,0x20,0x40,0x20,0x40,0xF8,0x40,0x22,0x40,0x22,0x78,0x2A,
0x40,0x32,0x40,0xE2,0x40,0x22,0x40,0x22,0x40,0x22,0x40,0x22,0x40,0xEF,0xF8,0x21,0x00,0x21,0x20,0x21,
0x10,0xF9,0x00,0x27,0xF8,0x21,0x40,0x29,0x40,0x31,0x40,0xE1,0x40,0x21,0x40,0x22,0x40,0x22,0x48,0x24,
0x48,0xE8,0x38,0x20,0x00,0x20,0x38,0x27,0xC0,0xF4,0x00,0x24,0x00,0x27,0xF0,0x25,0x10,0x35,0x10,0xE5,
0x10,0x24,0xA0,0x24,0xA0,0x28,0x40,0x28,0xA0,0xF3,0x18,0x20,0x80,0x20,0x80,0x20,0x80,0xFB,0xF0,0x20,
0x80,0x20,0x80,0x28,0x80,0x37,0xF8,0xE0,0x80,0x21,0x40,0x21,0x40,0x22,0x20,0x24,0x10,0xE8,0x08,0x20,
0x40,0x24,0x40,0x24,0x40,0xF4,0x48,0x24,0x50,0x27,0x60,0x24,0x40,0x34,0x40,0xE4,0x40,0x24,0x40,0x24,
0x40,0x25,0x48,0x26,0x48,0xE4,0x38,0x20,0x00,0x27,0xF8,0x24,0x00,0xFC,0x00,0x25,0xF0,0x25,0x10,0x25,
0x10,0x35,0x10,0xE5,0x10,0x25,0x60,0x25,0x00,0x25,0x08,0x25,0x08,0xE8,0xF8,0x10,0xA0,0x10,0x90,0x10,
0x80,0xFC,0xB8,0x13,0xC0,0x10,0x90,0x18,0x90,0x30,0xA0,0xD0,0xA0,0x10,0x40,0x10,0xC8,0x11,0x28,0x12,
0x18,0x70,0x08,0x3F,0xC0,0x00,0x80,0x03,0x00,0x72,0x48,0x17,0x50,0x12,0x60,0x17,0x40,0x22,0x20,0x2F,
0xA0,0x42,0x10,0x82,0x08,0x02,0x00,0x0E,0x00,0x20,0x80,0x20,0x80,0x20,0x80,0xF7,0xF0,0x20,0x80,0x20,
0x80,0x27,0xE0,0x32,0x20,0xE2,0x20,0x21,0x40,0x20,0x80,0x21,0x40,0x22,0x20,0xEC,0x18,0x20,0x80,0x20,
0x80,0x20,0x80,0xFA,0xA0,0x22,0x90,0x22,0x88,0x24,0x88,0x30,0x80,0xE0,0x90,0x20,0x10,0x20,0x20,0x20,
0x40,0x21,0x80,0xE6,0x00,0x21,0x00,0x21,0x00,0x27,0xF0,0xF1,0x10,0x21,0x10,0x21,0x10,0x31,0x10,0x6F,
0xF8,0xA1,0x40,0x21,0x40,0x22,0x20,0x22,0x20,0x24,0x10,0xE8,0x08,0x20,0x00,0x27,0xF0,0x24,0x90,0xF4,
0x90,0x24,0x90,0x24,0x90,0x24,0x90,0x37,0xF0,0xE4,0x00,0x24,0x00,0x24,0x00,0x24,0x08,0x24,0x08,0xE3,
0xF8,0x20,0x00,0x20,0x80,0x27,0x78,0xF4,0x48,0x24,0x48,0x24,0x48,0x24,0x48,0x34,0x48,0xE4,0x48,0x25,
0x48,0x26,0x58,0x24,0x40,0x20,0x40,0xE0,0x40,0x20,0x00,0x23,0xF0,0x20,0x10,0xF8,0xA0,0x20,0x40,0x27,
0xF8,0x20,0x48,0x30,0x50,0xE0,0x40,0x20,0x40,0x20,0x40,0x20,0x40,0x20,0x40,0xE1,0xC0,0x20,0x00,0x20,
0x30,0x23,0xE0,0xFA,0xA0,0x22,0xA0,0x22,0xA0,0x2A,0xA0,0x32,0xA0,0xE2,0xA0,0x22,0xA0,0x22,0xA0,0x22,
0x90,0x24,0x90,0xE8,0x88,0x20,0x00,0x23,0xE0,0x22,0x20,0xFA,0x20,0x22,0x20,0x24,0x18,0x28,0x00,0x37,
0xF0,0xE2,0x10,0x22,0x20,0x21,0x40,0x20,0x80,0x23,0x60,0xEC,0x18,0x20,0x20,0x21,0x20,0x20,0xA0,0xF8,
0xA0,0x22,0x20,0x21,0x20,0x29,0x20,0x30,0x20,0xE0,0x38,0x27,0xE0,0x20,0x20,0x20,0x20,0x20,0x20,0xE0,
0x20,0x21,0x00,0x20,0x80,0x20,0x00,0xF7,0xF8,0x20,0x00,0x20,0x00,0x23,0xE0,0x32,0x20,0xE2,0x20,0x22,
0x20,0x22,0x20,0x24,0x28,0x24,0x28,0xE8,0x18,0x20,0x30,0x23,0xC0,0x22,0x00,0xFA,0x00,0x22,0x00,0x23,
0xF8,0x2A,0x20,0x32,0x20,0xE2,0x20,0x22,0x20,0x22,0x20,0x24,0x20,0x24,0x20,0xE8,0x20,0x20,0x00,0x23,
0xF0,0x20,0x80,0xF8,0x80,0x20,0x80,0x20,0x80,0x2F,0xF8,0x31,0x40,0xE1,0x40,0x21,0x40,0x22,0x40,0x22,
0x48,0x24,0x48,0xE8,0x38,0x24,0x20,0x24,0x20,0x24,0x20,0xF4,0x78,0x2F,0x28,0x25,0x28,0x25,0x28,0x35,
0x48,0xE5,0x48,0x25,0x98,0x25,0x00,0x25,0x08,0x25,0x08,0xE8,0xF8,0x20,0x00,0x27,0xF8,0x24,0x00,0xF4,
0x10,0x26,0x10,0x25,0x20,0x24,0xA0,0x34,0x40,0xE4,0xA0,0x25,0x10,0x26,0x10,0x24,0x00,0x24,0x00,0xE7,
0xF8,0x20,0x80,0x20,0x80,0x21,0x40,0xF1,0x40,0x22,0x20,0x24,0x10,0x2A,0x08,0x32,0x20,0xE2,0x40,0x23,
0x80,0x22,0x00,0x22,0x10,0x22,0x10,0xE1,0xF0,0x20,0x80,0x20,0x80,0x21,0x40,0xF9,0x40,0x22,0x20,0x24,
0x10,0x23,0xE8,0x32,0x20,0xE2,0x20,0x22,0x20,0x22,0xC0,0x22,0x10,0x22,0x10,0xE1,0xF0,0x20,0x80,0x20,
0x40,0x23,0xF8,0xFA,0x08,0x22,0x08,0x22,0x08,0x2B,0xF8,0x32,0x08,0xE2,0x00,0x22,0x00,0x22,0x00,0x24,
0x00,0x24,0x00,0xE8,0x00,0x20,0x00,0x23,0xF0,0x22,0x10,0xFA,0x10,0x22,0x70,0x22,0x00,0x2B,0xF0,0x32,
0x90,0xE2,0x90,0x22,0xA0,0x22,0x40,0x22,0xA0,0x23,0x10,0xE2,0x08,0x20,0x00,0x27,0xF0,0x20,0x80,0xF0,
0x80,0x24,0x90,0x22,0x90,0x22,0xA0,0x30,0x80,0xEF,0xF8,0x20,0x80,0x20,0x80,0x20,0x80,0x20,0x80,0xE0,
0x80,0x20,0x80,0x20,0x80,0x27,0xF8,0xF4,0x88,0x24,0x90,0x24,0x80,0x27,0xF0,0x35,0x10,0xE5,0x10,0x24,
0xA0,0x24,0xA0,0x24,0x40,0x28,0xA0,0xF3,0x18,0x20,0x80,0x20,0x80,0x21,0x20,0xFA,0x10,0x27,0xF8,0x20,
0x08,0x28,0x00,0x33,0xF0,0xE2,0x10,0x22,0x10,0x22,0x10,0x22,0x10,0x23,0xF0,0xE2,0x10,0x21,0x00,0x21,
0x00,0x23,0xF0,0xFA,0x10,0x24,0x10,0x2B,0xD0,0x22,0x50,0x32,0x50,0xE3,0xD0,0x22,0x10,0x22,0x60,0x22,
0x08,0x22,0x08,0xE1,0xF8,0x20,0x00,0x20,0x70,0x27,0xC0,0xF4,0x40,0x24,0x40,0x24,0x40,0x27,0xF8,0x34,
0x40,0xE4,0x40,0x24,0x40,0x25,0x20,0x26,0x28,0x24,0x98,0xE0,0x48,0x20,0x80,0x20,0x80,0x2F,0xF8,0xF0,
0x80,0x20,0x80,0x20,0x80,0x27,0xF0,0x31,0xC0,0xE2,0xA0,0x22,0xA0,0x24,0x90,0x28,0x88,0x20,0x80,0xE0,
0x80,0x20,0x00,0x27,0xF8,0x24,0x88,0xF4,0x88,0x24,0x88,0x27,0xF8,0x24,0x88,0x34,0x88,0xE4,0x88,0x27,
0xF8,0x24,0x88,0x20,0x80,0x20,0x80,0xE0,0x80,0x20,0x80,0x20,0x80,0x20,0x80,0xF7,0xF8,0x24,0x88,0x24,
0x88,0x24,0x88,0x37,0xF8,0xE4,0x88,0x24,0x88,0x24,0x88,0x24,0x88,0x27,0xF8,0xE4,0x08,0x20,0x00,0x27,
0xF0,0x24,0x10,0xFC,0x10,0x27,0xF0,0x24,0x40,0x24,0x40,0x37,0xF8,0xE4,0x40,0x24,0x40,0x24,0x28,0x25,
0x28,0x26,0x18,0xE4,0x08,0x21,0x40,0x21,0x40,0x27,0xF0,0xF9,0x50,0x21,0x50,0x27,0xF0,0x2D,0x40,0x35,
0x40,0xE7,0xF8,0x21,0x48,0x21,0x48,0x22,0x48,0x22,0x58,0xE4,0x40,0x21,0x00,0x20,0x80,0x20,0x00,0xF7,
0xF0,0x20,0x80,0x20,0x80,0x20,0x80,0x30,0x80,0xE7,0xF0,0x20,0x80,0x20,0x80,0x20,0x80,0x20,0x80,0xEF,
0xF8,0x20,0x00,0x27,0xF0,0x24,0x10,0xF4,0x10,0x24,0x10,0x27,0xF0,0x24,0x10,0x34,0x10,0xE4,0x10,0x24,
0x10,0x27,0xF0,0x20,0x00,0x20,0x00,0xEF,0xF8,0x20,0x30,0x23,0xC0,0x22,0x00,0xFA,0x00,0x22,0x00,0x23,
0xF8,0x2A,0x20,0x32,0x20,0xE2,0x60,0x22,0x30,0x22,0x28,0x24,0x20,0x24,0x20,0xE8,0x20,0x20,0x00,0x23,
0xE0,0x22,0x20,0xFB,0x20,0x22,0xA0,0x22,0x20,0x2F,0xF8,0x34,0x20,0xE5,0x20,0x24,0xA0,0x27,0xF0,0x20,
0x20,0x20,0x20,0xE0,0xC0,0x20,0x80,0x20,0x80,0x20,0x80,0xF8,0xF8,0x20,0x80,0x20,0x80,0x20,0x80,0x37,
0xF0,0xE4,0x10,0x24,0x10,0x24,0x10,0x24,0x10,0x27,0xF0,0xE4,0x10,0x21,0x00,0x20,0x80,0x20,0x80,0xF7,
0xF0,0x20,0x00,0x20,0x20,0x24,0x20,0x34,0x20,0xE2,0x20,0x22,0x40,0x22,0x40,0x20,0x40,0x20,0x80,0xEF,
0xF8,0x20,0x80,0x24,0x90,0x22,0x90,0xFA,0xA0,0x20,0x80,0x27,0xF0,0x20,0x80,0x30,0x80,0xE0,0x80,0x2F,
0xF8,0x20,0x80,0x20,0x80,0x20,0x80,0xE0,0x80,0x20,0x40,0x20,0x40,0x20,0x80,0xFB,0xF8,0x22,0x08,0x22,
0x08,0x2A,0x08,0x33,0xF8,0xE2,0x08,0x22,0x08,0x22,0x08,0x22,0x08,0x23,0xF8,0xE2,0x08,0x20,0x80,0x20,
0x80,0x21,0x40,0xF2,0x20,0x25,0x10,0x28,0x88,0x20,0x00,0x37,0xF0,0xE0,0x10,0x20,0x20,0x22,0x40,0x21,
0x80,0x20,0x80,0xE0,0x40,0x27,0xF0,0x24,0x10,0x24,0x10,0xF4,0x10,0x27,0xF0,0x21,0x00,0x31,0x00,0x6F,
0xF8,0xA1,0x08,0x21,0x08,0x22,0x08,0x22,0x08,0x24,0x08,0xE8,0x30,0x20,0x00,0x23,0xF8,0x22,0x00,0xFA,
0x00,0x22,0x00,0x23,0xF0,0x2A,0x10,0x32,0x10,0xE2,0x10,0x23,0xF0,0x22,0x00,0x22,0x00,0x22,0x00,0xE3,
0xF8,0x20,0x00,0x27,0xF8,0x20,0x80,0xF8,0x80,0x21,0x00,0x21,0x00,0x2B,0xF8,0x33,0x08,0xE5,0x08,0x29,
0x08,0x21,0x08,0x21,0x08,0x21,0xF8,0xE1,0x08,0x20,0xA0,0x20,0x90,0x20,0x80,0xFB,0xF8,0x20,0x80,0x20,
0x80,0x29,0xF0,0x31,0x10,0xE1,0x10,0x22,0xA0,0x22,0xA0,0x24,0x40,0x28,0xA0,0xE3,0x18,0x22,0x00,0x22,
0x00,0x23,0xF8,0xF4,0x80,0x28,0x80,0x22,0x90,0x22,0xF0,0x37,0x90,0xE2,0x90,0x22,0x90,0x22,0xB0,0x22,
0x08,0x22,0x08,0xE1,0xF8,0x20,0x20,0x22,0x20,0x22,0x20,0xF4,0x20,0x25,0x78,0x2F,0x28,0x22,0x28,0x32,
0x28,0xE5,0x28,0x2F,0x48,0x21,0x48,0x20,0x88,0x21,0x08,0xE2,0x30,0x21,0x00,0x21,0x00,0x21,0xF8,0xFA,
0x08,0x24,0x08,0x23,0xC8,0x2A,0x48,0x32,0x48,0xE2,0x48,0x22,0x48,0x23,0xC8,0x22,0x08,0x20,0x08,0xE0,
0x30,0x20,0x80,0x20,0x80,0x24,0x88,0xF4,0x88,0x24,0x88,0x24,0x88,0x27,0xF8,0x30,0x80,0xE4,0x88,0x24,
0x88,0x24,0x88,0x24,0x88,0x27,0xF8,0xE0,0x08,0x20,0x00,0x27,0xF8,0x21,0x08,0xF9,0x08,0x21,0x08,0x22,
0x08,0x24,0x30,0x30,0x00,0xE3,0xF8,0x22,0x08,0x22,0x08,0x22,0x08,0x23,0xF8,0xE2,0x08,0x0D,0xF0,0x70,
0x40,0x10,0x40,0x11,0xF0,0x7C,0x40,0x10,0x40,0x11,0xF0,0xFC,0x40,0x10,0x40,0x23,0xF8,0x20,0x40,0x40,
0x40,0x80,0x40,0x20,0x20,0x21,0x20,0x24,0xA0,0xF4,0xA0,0x24,0xA0,0x24,0x20,0x24,0x20,0x34,0x20,0xE4,
0x20,0x25,0x50,0x26,0x50,0x24,0x88,0x21,0x08,0xE2,0x08,0x21,0x40,0x21,0x20,0x21,0x00,0xFB,0xF8,0x21,
0x40,0x21,0x40,0x29,0x50,0x31,0x50,0xE1,0x60,0x21,0x60,0x22,0x40,0x22,0xC8,0x25,0x48,0xE8,0x38,0x20,
0x80,0x20,0x80,0x27,0xF0,0xF1,0x00,0x21,0x00,0x27,0xC0,0x22,0x40,0x34,0x40,0xE7,0xF8,0x20,0x40,0x22,
0x50,0x22,0x48,0x24,0x48,0xE1,0xC0,0x20,0x00,0x27,0xF8,0x24,0x88,0xF4,0x88,0x24,0x88,0x27,0xF8,0x24,
0x88,0x34,0x88,0xE7,0xF8,0x24,0x88,0x24,0x88,0x24,0x88,0x24,0x88,0xE8,0x38,0x22,0x10,0x21,0x10,0x21,
0x20,0xF8,0x00,0x27,0xF8,0x20,0x00,0x28,0x00,0x30,0x00,0xE3,0xF0,0x20,0x00,0x20,0x00,0x20,0x00,0x20,
0x00,0xE7,0xF8,0x20,0x80,0x20,0x40,0x27,0xF8,0xF4,0x08,0x24,0x08,0x20,0x00,0x27,0xF8,0x30,0x40,0xE0,
0x40,0x20,0x40,0x20,0x40,0x20,0x40,0x20,0x40,0xE1,0xC0,0x20,0x80,0x24,0xA0,0x24,0x90,0xF4,0x80,0x27,
0xF8,0x20,0x80,0x21,0x00,0x31,0xF0,0xE1,0x10,0x22,0x90,0x22,0xA0,0x24,0x40,0x28,0xA0,0xE1,0x18,0x20,
0x00,0x27,0xF0,0x22,0x20,0xF9,0x40,0x20,0x80,0x21,0x60,0x26,0x18,0x30,0x80,0xE3,0xE0,0x20,0x80,0x20,
0x80,0x2F,0xF8,0x20,0x80,0xE0,0x80,0x20,0x00,0x20,0x70,0x27,0x80,0xF0,0x80,0x20,0x80,0x2F,0xF8,0x20,
0x80,0x30,0x80,0xE7,0xF0,0x24,0x10,0x24,0x10,0x24,0x10,0x27,0xF0,0xE4,0x10,0x20,0x50,0x20,0x48,0x20,
0x40,0xF7,0xF8,0x20,0x40,0x20,0x40,0x27,0x40,0x32,0x40,0xE2,0x40,0x22,0x20,0x22,0x28,0x23,0xA8,0x2E,
0x18,0xE0,0x08,0x20,0x00,0x27,0xE0,0x20,0x20,0xF8,0x40,0x20,0x80,0x2E,0xC8,0x22,0xD0,0x32,0xA0,0xE4,
0xA0,0x24,0x90,0x28,0x88,0x33,0x80,0x20,0x00,0xEF,0xF0,0x21,0x20,0x21,0x20,0x21,0x20,0xFB,0xF0,0x21,
0x20,0x21,0x20,0x29,0x20,0x31,0x20,0xE7,0xF8,0x20,0x00,0x21,0x20,0x21,0x10,0x22,0x08,0xE4,0x08,0x22,
0x20,0x12,0x40,0x7F,0xF0,0x04,0x00,0xFF,0xF8,0x10,0x40,0x21,0x20,0xCE,0x18,0x02,0x00,0x3F,0xE0,0x02,
0x00,0x7F,0xF0,0x02,0x00,0x06,0x00,0x20,0x80,0x20,0x80,0x21,0x40,0xFA,0x20,0x24,0x10,0x28,0x08,0x27,
0xF0,0x30,0x80,0xE0,0x80,0x27,0xF0,0x20,0x80,0x20,0x80,0x20,0x80,0xEF,0xF8,0x20,0x80,0x20,0x90,0x23,
0xD0,0xF0,0xA0,0x27,0xF8,0x20,0x80,0x21,0x00,0x33,0xF0,0xE4,0x80,0x29,0x00,0x21,0xF0,0x20,0x10,0x20,
0x10,0xE0,0x60,0x22,0x10,0x21,0x20,0x20,0x00,0xFB,0xF0,0x21,0x20,0x21,0x20,0x29,0x20,0x37,0xF8,0xE1,
0x20,0x21,0x20,0x21,0x20,0x21,0x20,0x22,0x20,0xE4,0x20,0x20,0x80,0x20,0x80,0x27,0xF0,0xFC,0x90,0x24,
0x90,0x27,0xF0,0x2C,0x90,0x34,0x90,0xE7,0xF0,0x20,0xA0,0x20,0x48,0x20,0xA8,0x21,0x18,0xE6,0x08,0x20,
0x80,0x20,0x80,0x21,0x40,0xFA,0x20,0x24,0x10,0x2B,0xE8,0x20,0x00,0x30,0x00,0xE7,0xF0,0x24,0x10,0x24,
0x10,0x24,0x10,0x27,0xF0,0xE4,0x10,0x07,0x00,0x18,0xC0,0xEF,0xB8,0x00,0x00,0x3F,0xE0,0x20,0x20,0x3F,
0xE0,0x00,0x00,0x1F,0xC0,0x02,0x00,0x3F,0xE0,0x02,0x00,0xFF,0xF8,0x06,0x00,0x20,0x80,0x20,0x80,0x23,
0xF0,0xF8,0x80,0x20,0x80,0x27,0xF8,0x28,0x20,0x30,0x20,0xE7,0xF8,0x20,0x20,0x22,0x20,0x21,0x20,0x20,
0x20,0xE0,0xE0,0x20,0x80,0x20,0x80,0x27,0xF0,0xF8,0x80,0x20,0x80,0x2F,0xF8,0x20,0x00,0x30,0x80,0xE0,
0x80,0x27,0xF0,0x20,0x80,0x20,0x80,0x20,0x80,0xEF,0xF8,0x22,0x00,0x22,0x30,0x23,0xC0,0xFA,0x08,0x22,
0x08,0x21,0xF8,0x28,0x00,0x33,0xF0,0xE2,0x10,0x22,0x10,0x23,0xF0,0x22,0x10,0x22,0x10,0xE3,0xF0,0x20,
0x80,0x20,0x40,0x27,0xF8,0xF4,0x08,0x24,0x88,0x20,0x80,0x27,0xF8,0x31,0x10,0xE1,0x10,0x23,0x20,0x20,
0xC0,0x20,0xA0,0x21,0x10,0xE6,0x08,0x20,0x80,0x20,0x80,0x27,0xF8,0xF2,0x20,0x24,0x10,0x2B,0xE8,0x20,
0x00,0x3F,0xF8,0xE2,0x00,0x23,0xF0,0x20,0x10,0x20,0x10,0x20,0x10,0xE0,0x60,0x21,0x40,0x21,0x40,0x21,
0x48,0xF5,0x50,0x23,0x60,0x21,0x40,0x21,0x40,0x33,0x60,0xE5,0x50,0x21,0x48,0x22,0x40,0x22,0x48,0x24,
0x48,0xE8,0x38,0x20,0x80,0x20,0x40,0x27,0xF8,0xF4,0x08,0x21,0x20,0x22,0x10,0x24,0x08,0x33,0xE0,0xE0,
0x40,0x20,0x80,0x21,0x00,0x22,0x08,0x22,0x08,0xE1,0xF8,0x21,0x00,0xFB,0xE0,0x21,0x20,0x3B,0x20,0xE1,
0x28,0x22,0x98,0x64,0x08,0x3F,0xE0,0x02,0x00,0x7F,0xF0,0x02,0x00,0xFF,0xF8,0x02,0x00,0x0E,0x00,0x04,
0x00,0x02,0x00,0xFF,0xF8,0x28,0xA0,0x48,0x90,0x88,0x88,0x00,0x00,0x3F,0xE0,0x02,0x00,0x7F,0xF0,0x02,
0x00,0xFF,0xF8,0x02,0x00,0x0E,0x00,0x28,0x20,0x24,0x20,0x24,0x20,0xF1,0xF8,0x20,0x20,0x2D,0x20,0x24,
0xA0,0x34,0xA0,0xE4,0x20,0x24,0x20,0x24,0x20,0x24,0xE0,0x24,0x00,0xEB,0xF8,0x24,0x20,0x22,0x20,0x22,
0x20,0xF8,0x20,0x20,0xF8,0x2E,0x20,0x22,0x20,0x32,0x20,0xE2,0x50,0x22,0x48,0x22,0x88,0x22,0x00,0x25,
0x00,0xE8,0xF8,0x20,0x40,0x20,0x40,0x23,0xF8,0xF8,0x40,0x22,0x48,0x21,0x50,0x28,0x40,0x37,0xF8,0xE0,
0x40,0x20,0xA0,0x20,0xA0,0x21,0x10,0x22,0x10,0xE4,0x08,0x21,0x00,0x21,0x00,0x21,0x70,0xF7,0x80,0x20,
0xA0,0x20,0x48,0x21,0xA8,0x36,0x18,0xE0,0x00,0x27,0xF0,0x21,0x40,0x21,0x40,0x22,0x48,0xEC,0x38,0x20,
0x80,0x28,0x88,0x24,0x90,0xF2,0xA0,0x2F,0xF8,0x20,0x08,0x20,0x08,0x30,0x08,0xE7,0xF8,0x20,0x08,0x20,
0x08,0x20,0x08,0x2F,0xF8,0xE0,0x08,0x22,0x00,0x23,0xE0,0x24,0x20,0xF8,0x40,0x27,0xF0,0x20,0x90,0x30,
0x90,0x6F,0xF8,0xA0,0x90,0x20,0x90,0x27,0xF0,0x20,0x90,0x20,0x80,0xE3,0x80,0x21,0x00,0x20,0x80,0x27,
0xF8,0xF2,0x20,0x21,0x40,0x20,0x80,0x33,0x60,0x6C,0x18,0xA2,0x20,0x22,0x20,0x22,0x20,0x22,0x20,0x24,
0x20,0xE8,0x20,0x20,0x00,0x27,0xF8,0x24,0x88,0xF8,0x80,0x23,0xF8,0x21,0x00,0x2A,0x40,0x33,0xF0,0xE0,
0x40,0x20,0x40,0x27,0xF8,0x20,0x40,0x20,0x40,0xE0,0x40,0x20,0x80,0x21,0x00,0x22,0x20,0xF7,0xF0,0x20,
0x10,0x22,0x00,0x23,0xF0,0x34,0x80,0xE0,0x80,0x27,0xF8,0x20,0x80,0x21,0x40,0x22,0x20,0xEC,0x18,0x20,
0x00,0x2F,0x78,0x25,0x48,0xF5,0x48,0x25,0x48,0x2F,0x50,0x25,0x50,0x35,0x48,0xEF,0x48,0x25,0x48,0x25,
0x48,0x29,0x70,0x29,0x40,0xF6,0x40,0x20,0x80,0x20,0x80,0x22,0xA0,0xFA,0xA0,0x22,0xA0,0x25,0xD0,0x28,
0x88,0x30,0x80,0xE0,0x80,0x27,0xF0,0x20,0x80,0x20,0x80,0x20,0x80,0xEF,0xF8,0x20,0x00,0x27,0xF8,0x24,
0x00,0xFC,0x00,0x25,0xF0,0x24,0x00,0x2C,0x00,0x37,0xF8,0xE5,0x40,0x25,0x48,0x25,0x30,0x25,0x20,0x25,
0x90,0xE9,0x08,0x20,0x10,0x27,0x60,0x21,0x20,0xFA,0x20,0x22,0x20,0x24,0x78,0x27,0x20,0x31,0x20,0xE1,
0x20,0x25,0x20,0x25,0x78,0x22,0x00,0x25,0x00,0xE8,0xF8,0x21,0x00,0x21,0x00,0x23,0xE0,0xF4,0x20,0x28,
0x40,0x27,0xF0,0x24,0x90,0x34,0x90,0xE7,0xF0,0x21,0x40,0x21,0x40,0x22,0x40,0x24,0x48,0xE8,0x38,0x20,
0x00,0x27,0xF8,0x20,0x80,0xF0,0x80,0x23,0xF0,0x21,0x10,0x21,0x10,0x37,0xF8,0xE0,0x00,0x23,0xF0,0x22,
0x10,0x22,0x10,0x23,0xF0,0xE2,0x10,0x20,0x00,0x27,0xF0,0x22,0x20,0xF9,0x40,0x27,0xF8,0x24,0x88,0x24,
0x88,0x37,0xF8,0xE4,0x88,0x24,0x88,0x27,0xF8,0x24,0x88,0x24,0x88,0xE4,0x38,0x20,0x00,0x27,0xF8,0x24,
0x08,0xF4,0x48,0x24,0x48,0x27,0xF8,0x24,0x48,0x34,0xE8,0xE5,0x58,0x26,0x48,0x24,0x48,0x24,0x48,0x27,
0xF8,0xE4,0x08,0x20,0x00,0x27,0xF0,0x24,0x10,0xF4,0x10,0x24,0x10,0x27,0xF0,0x20,0x80,0x30,0x80,0xE4,
0x80,0x24,0xF0,0x24,0x80,0x24,0x80,0x2A,0x80,0xF1,0xF8,0x20,0x08,0x27,0x88,0x24,0x88,0xF4,0xA8,0x27,
0xA8,0x22,0x28,0x32,0x28,0x6F,0xA8,0xA2,0xA8,0x22,0xA8,0x24,0x88,0x24,0x88,0x28,0x88,0xF3,0x38,0x20,
0x00,0x27,0xF0,0x24,0x10,0xF7,0xF0,0x24,0x10,0x27,0xF0,0x20,0x00,0x37,0xF0,0xE0,0x80,0x20,0x80,0x2F,
0xF8,0x20,0x80,0x20,0x80,0xE0,0x80,0x20,0x40,0x22,0x48,0x21,0x50,0xF8,0x40,0x23,0xF8,0x22,0x08,0x2A,
0x08,0x33,0xF8,0xE2,0x08,0x22,0x08,0x23,0xF8,0x22,0x08,0x22,0x08,0xE2,0x38,0x20,0x00,0x27,0xF0,0x24,
0x10,0xF4,0x10,0x27,0xF0,0x24,0x10,0x24,0x10,0x37,0xF0,0xE0,0x80,0x20,0x80,0x27,0xF0,0x20,0x80,0x20,
0x80,0xEF,0xF8,0x20,0x00,0x23,0xF0,0x22,0x10,0xFA,0x10,0x23,0xF0,0x20,0x00,0x27,0xF8,0x34,0x08,0xE7,
0xF8,0x24,0x08,0x27,0xF8,0x24,0x08,0x24,0x08,0xE4,0x38,0x20,0xA0,0x20,0x90,0x2F,0xF8,0xF0,0x80,0x27,
0xF0,0x24,0x90,0x24,0x90,0x37,0xF0,0xE4,0x90,0x24,0x90,0x27,0xF0,0x24,0x90,0x24,0x90,0xE4,0x30,0x21,
0x20,0x21,0x20,0x27,0xF8,0xF1,0x20,0x20,0x00,0x27,0xF8,0x24,0x88,0x30,0x80,0xE7,0xF0,0x20,0x90,0x21,
0x10,0x21,0x10,0x22,0x10,0xE4,0x60,0x23,0xE0,0x22,0x20,0x22,0x20,0xFB,0xE0,0x20,0x00,0x27,0xF0,0x24,
0x10,0x34,0x90,0xE4,0x90,0x24,0x90,0x24,0x90,0x21,0x40,0x22,0x20,0xEC,0x10,0x20,0x80,0x20,0x80,0x21,
0x40,0xFA,0x20,0x24,0x10,0x2B,0xE8,0x20,0x00,0x31,0x10,0xE0,0x90,0x24,0x90,0x22,0x20,0x22,0x20,0x20,
0x40,0xEF,0xF8,0x22,0x00,0x22,0x00,0x23,0xE0,0xF4,0x20,0x28,0x40,0x27,0xF0,0x24,0x90,0x34,0x90,0xE4,
0x90,0x2F,0xF8,0x21,0x40,0x22,0x20,0x24,0x10,0xE8,0x08,0x21,0x00,0x22,0x00,0x27,0xF0,0xF5,0x10,0x24,
0x90,0x24,0x30,0x24,0x00,0x37,0xF8,0xE1,0x08,0x29,0x28,0x29,0x28,0x2F,0xE8,0x20,0x08,0xE0,0x30,0x20,
0x80,0x27,0xF0,0x20,0x80,0xF3,0xE0,0x21,0x00,0x2F,0xF8,0x22,0x20,0x34,0x90,0xEB,0xE8,0x20,0x80,0x20,
0x80,0x27,0xF0,0x20,0x80,0xE0,0x80,0x20,0x00,0x27,0xF0,0x24,0x10,0xF4,0x10,0x27,0xF0,0x24,0x40,0x24,
0x40,0x37,0xF8,0xE4,0x40,0x24,0x40,0x25,0xF0,0x29,0x10,0x29,0x10,0xF1,0xF0,0x20,0x70,0x27,0x80,0x20,
0x80,0xF8,0x80,0x27,0xF0,0x22,0xA0,0x22,0xA0,0x37,0xF8,0xE2,0xA0,0x22,0xA0,0x27,0xF0,0x20,0x80,0x20,
0x80,0xE7,0xF0,0x20,0x80,0x20,0x80,0x27,0xF8,0xF8,0x80,0x27,0xF0,0x20,0x90,0x2F,0xF8,0x30,0x90,0xE7,
0xF0,0x20,0x80,0x24,0xF0,0x24,0x80,0x2A,0x80,0xF1,0xF8,0x20,0x80,0x20,0x80,0x27,0xF8,0xF1,0x40,0x22,
0x20,0x2C,0x18,0x23,0xE0,0x30,0x00,0xE7,0xF0,0x20,0x80,0x24,0x90,0x24,0x88,0x28,0x88,0xE3,0x80,0x20,
0x80,0x20,0x80,0x21,0x40,0xFA,0x20,0x25,0x18,0x28,0x80,0x23,0xE0,0x30,0x20,0xE0,0x40,0x20,0x80,0x20,
0x50,0x25,0x48,0x25,0x28,0xE8,0xE0,0x20,0x20,0x21,0xA0,0x26,0x20,0xF4,0x78,0x24,0x88,0x24,0x10,0x27,
0xA0,0x35,0x20,0xE5,0x20,0x25,0x20,0x25,0x50,0x25,0x50,0x25,0x50,0xE9,0x88,0x20,0x80,0x20,0x40,0x27,
0xF8,0xF4,0x40,0x24,0x40,0x24,0x78,0x24,0x40,0x34,0x40,0xE5,0xF0,0x25,0x10,0x25,0x10,0x29,0x10,0x29,
0xF0,0xF1,0x10,0x20,0x00,0x27,0x70,0x21,0x10,0xF5,0x50,0x22,0x20,0x25,0x50,0x28,0x90,0x30,0x00,0xE7,
0x70,0x21,0x50,0x25,0x50,0x22,0x20,0x25,0x50,0xE8,0x88,0x20,0x78,0x27,0x80,0x20,0x90,0xF2,0x50,0x21,
0x20,0x27,0xF8,0x24,0x08,0x30,0x00,0xE3,0xF0,0x21,0x10,0x20,0xA0,0x20,0x40,0x20,0xA0,0xE3,0x18,0x20,
0x80,0x20,0x80,0x20,0xF8,0xF8,0x80,0x27,0xF0,0x24,0x10,0x27,0xF0,0x34,0x10,0xE7,0xF0,0x20,0x80,0x2F,
0xF8,0x20,0x80,0x20,0x80,0xE0,0x80,0x12,0x40,0xFF,0xF8,0x80,0x08,0x1F,0xC0,0x10,0x40,0x1F,0xC0,0x00,
0x00,0x3F,0xE0,0x02,0x00,0x7F,0xF0,0x02,0x00,0xFF,0xF8,0x02,0x00,0x0E,0x00,0x21,0x00,0x21,0x00,0x23,
0xF8,0xF5,0x08,0x21,0xE8,0x22,0x88,0x20,0x88,0x37,0xF8,0xE0,0x88,0x22,0xA8,0x22,0xA8,0x23,0xE8,0x20,
0x08,0xE0,0x30,0x21,0x00,0x21,0x00,0x23,0xF0,0xF4,0x10,0x28,0x20,0x21,0x00,0x26,0x38,0x34,0x08,0xE4,
0x08,0x27,0x38,0x24,0x08,0x24,0x08,0x27,0xF8,0xE4,0x08,0x21,0x20,0x21,0x20,0x21,0x20,0xF7,0x38,0x21,
0x20,0x21,0x20,0x27,0x38,0x31,0x20,0xE1,0x20,0x27,0x38,0x21,0x20,0x21,0x20,0x21,0x20,0xE1,0x20,0x20,
0x80,0x20,0x40,0x27,0xF8,0xF1,0x40,0x21,0x40,0x22,0x78,0x32,0x48,0x66,0xA8,0xAA,0xD0,0x23,0x50,0x22,
0x20,0x22,0x20,0x22,0x50,0xE2,0x88,0x20,0x00,0x27,0xF8,0x24,0x08,0xF4,0x08,0x27,0xF8,0x24,0x40,0x25,
0x48,0x35,0x48,0xE5,0xF8,0x24,0x40,0x25,0x48,0x29,0x48,0x29,0xF8,0xF0,0x08,0x21,0x00,0x20,0x80,0x2F,
0xF8,0xF0,0x00,0x20,0x00,0x27,0xF0,0x24,0x10,0x34,0x10,0xE7,0xF0,0x20,0x80,0x22,0xA0,0x24,0x90,0x28,
0x88,0xE3,0x80,0x20,0x00,0x27,0xF8,0x24,0x08,0xF1,0x20,0x22,0x10,0x24,0x88,0x20,0x80,0x37,0xF8,0xE1,
0xC0,0x22,0xA0,0x22,0xA0,0x24,0x90,0x28,0x88,0xE0,0x80,0x48,0x10,0x7F,0x50,0x88,0x50,0x7F,0x50,0x08,
0x50,0x7F,0x50,0x49,0x10,0x4B,0x30,0x1F,0xC0,0x02,0x00,0x3F,0xE0,0x02,0x00,0xFF,0xF8,0x06,0x00,0x21,
0x00,0x20,0x80,0x27,0xF0,0xFA,0x20,0x21,0x40,0x2F,0xF8,0x21,0x00,0x31,0x00,0xEF,0xF8,0x22,0x20,0x26,
0x40,0x21,0x80,0x22,0x60,0xEC,0x10,0x21,0x00,0x20,0x80,0x27,0xF8,0xF4,0x08,0x21,0x20,0x22,0x10,0x24,
0x08,0x30,0x00,0xE3,0xF0,0x20,0x80,0x20,0x80,0x20,0x80,0x20,0x80,0xE7,0xF8,0x21,0x40,0x21,0x20,0x22,
0x00,0xFB,0xF8,0x26,0x40,0x2A,0x40,0x23,0xF0,0x32,0x40,0xE2,0x40,0x23,0xF0,0x22,0x40,0x22,0x40,0x23,
0xF8,0xE2,0x00,0x20,0x80,0x20,0x80,0x27,0xF8,0xFA,0x20,0x24,0x90,0x28,0x88,0x27,0xF0,0x34,0x90,0xE7,
0xF0,0x24,0x90,0x27,0xF0,0x24,0x88,0x20,0x88,0xE0,0x78,0x21,0x20,0x21,0x20,0x23,0xF0,0xF9,0x20,0x21,
0x20,0x27,0xF8,0x20,0x00,0x33,0xF0,0xE2,0x10,0x22,0x10,0x23,0xF0,0x22,0x10,0x22,0x10,0xE3,0xF0,0x19,
0x18,0xE5,0x60,0x25,0x20,0x28,0xA0,0xF0,0x70,0x2F,0x20,0x25,0x20,0x25,0x20,0xF5,0x78,0x25,0x20,0x29,
0x20,0x49,0x20,0x56,0x20,0x80,0xE0,0x20,0x80,0x20,0xF0,0x20,0x80,0xF7,0xF8,0x24,0x88,0x24,0xE0,0x27,
0x88,0x34,0x78,0xE4,0x40,0x27,0xF8,0x24,0x48,0x24,0x88,0x25,0x08,0xEA,0x30,0x28,0x80,0x25,0x38,0x20,
0x28,0xF7,0x28,0x22,0x28,0x22,0x30,0x32,0x30,0x6F,0xA8,0xA2,0x28,0x22,0x28,0x25,0x28,0x24,0xB0,0x28,
0xA0,0xF0,0x20,0x22,0x20,0x21,0x40,0x27,0xF0,0xF4,0x90,0x24,0x90,0x27,0xF0,0x24,0x90,0x34,0x90,0xE7,
0xF0,0x20,0x80,0x20,0x80,0x2F,0xF8,0x20,0x80,0xE0,0x80,0x20,0x80,0x21,0x00,0x22,0x20,0xF7,0xF0,0x20,
0x80,0x27,0xF8,0x21,0x40,0x32,0x20,0xE4,0x98,0x23,0x40,0x20,0x90,0x27,0x20,0x20,0xC0,0xE7,0x00,0x20,
0x00,0x23,0xF0,0x20,0xA0,0xF0,0x40,0x27,0xF8,0x21,0x48,0x22,0x50,0x34,0xC0,0xE0,0x80,0x27,0xF8,0x21,
0xC0,0x22,0xA0,0x2C,0x98,0xE0,0x80,0x20,0x80,0x27,0xF0,0x20,0x80,0xF3,0xE0,0x21,0x00,0x2F,0xF8,0x22,
0x20,0x34,0x10,0xEB,0xE8,0x20,0x80,0x27,0xF0,0x21,0x40,0x22,0x20,0xEC,0x10,0x22,0x20,0x22,0x20,0x27,
0xF8,0xFA,0x20,0x20,0x00,0x27,0xF0,0x24,0x90,0x34,0x90,0xE7,0xF0,0x24,0x90,0x24,0x90,0x24,0x90,0x27,
0xF0,0xE4,0x10,0x20,0x00,0x23,0xF0,0x22,0x10,0xFB,0xF0,0x22,0x10,0x23,0xF0,0x28,0x00,0x37,0xF8,0xE0,
0x40,0x22,0x40,0x22,0x70,0x22,0x40,0x25,0x40,0xE8,0xF8,0x20,0x70,0x27,0x80,0x20,0x80,0xF8,0x80,0x27,
0xF8,0x20,0x80,0x22,0xB0,0x34,0x90,0xE4,0x90,0x26,0xB0,0x24,0x90,0x24,0x90,0x27,0xF0,0xE4,0x10,0x20,
0x00,0x23,0xF0,0x22,0x10,0xFB,0xF0,0x20,0x00,0x27,0xF8,0x22,0x10,0x33,0xF0,0xE2,0x10,0x23,0xF0,0x22,
0x10,0x22,0x78,0x27,0x90,0xE0,0x10,0x20,0x00,0x27,0xF8,0x24,0x08,0xF4,0x08,0x27,0xF8,0x24,0x00,0x25,
0xF8,0x34,0x80,0xE5,0x10,0x25,0xF8,0x24,0x40,0x25,0xF8,0x24,0x40,0xEB,0xF8,0x20,0x80,0x24,0x90,0x24,
0x90,0xF7,0xF0,0x20,0x00,0x2F,0xF8,0x20,0x80,0x31,0x00,0xE7,0xF0,0x25,0x50,0x25,0x50,0x25,0x50,0x25,
0x50,0xE4,0x30,0x24,0x48,0x24,0x50,0x27,0x60,0xF4,0x40,0x25,0x48,0x26,0x48,0x24,0x38,0x31,0x00,0xE7,
0xF0,0x24,0x10,0x27,0xF0,0x24,0x10,0x27,0xF0,0xE4,0x10,0x21,0x20,0x26,0x20,0x22,0x20,0xF2,0xA8,0x2F,
0xA8,0x22,0xA8,0x22,0xB0,0x37,0x20,0xE6,0xA0,0x2A,0x20,0x22,0x50,0x22,0x50,0x22,0x90,0xE3,0x08,0x20,
0x00,0x23,0xF0,0x22,0x10,0xFB,0xF0,0x22,0x10,0x23,0xF0,0x29,0x00,0x33,0xF8,0xE4,0x48,0x22,0xA8,0x22,
0x08,0x23,0xE8,0x20,0x08,0xE0,0x30,0x20,0x38,0x2F,0xC0,0x25,0x10,0xF2,0xA0,0x27,0xF0,0x21,0x00,0x2F,
0xF8,0x31,0x00,0xE3,0xF0,0x22,0x90,0x24,0xA0,0x24,0x40,0x28,0xA0,0xE3,0x18,0x21,0x40,0x25,0x40,0x25,
0x78,0xF5,0xA0,0x25,0x10,0x20,0x00,0x27,0xF0,0x34,0x10,0xE4,0x90,0x24,0x90,0x25,0x50,0x21,0x40,0x22,
0x48,0xE4,0x38,0x22,0x00,0x23,0xE0,0x24,0x40,0xF8,0x80,0x27,0xF0,0x24,0x90,0x24,0x90,0x37,0xF0,0xE1,
0x40,0x22,0x48,0x2D,0xB8,0x20,0x40,0x23,0x00,0xE0,0xC0,0x24,0x00,0x22,0xF8,0x20,0x08,0xF5,0x08,0x25,
0xE8,0x27,0x28,0x24,0xC8,0x37,0x38,0xE4,0x08,0x25,0xE8,0x25,0x28,0x25,0xE8,0x24,0x08,0xE4,0x38,0x20,
0x80,0x24,0x90,0x22,0xA0,0xF7,0xF8,0x22,0xA0,0x24,0x90,0x20,0x08,0x30,0x80,0xE7,0xF8,0x21,0x20,0x23,
0x20,0x20,0xC0,0x21,0x20,0xE6,0x10,0x24,0x88,0x22,0x50,0x20,0x00,0xF7,0xF8,0x24,0x08,0x20,0x00,0x27,
0xF0,0x34,0x10,0xE4,0x90,0x24,0x90,0x25,0x50,0x21,0x40,0x22,0x48,0xE4,0x38,0x20,0xA0,0x27,0xF8,0x20,
0x80,0xF7,0xF0,0x24,0x90,0x27,0xF0,0x24,0x90,0x37,0xF0,0xE4,0x90,0x20,0x20,0x2F,0xF8,0x22,0x20,0x21,
0x20,0xE0,0x60,0x21,0x00,0x20,0x80,0x2F,0xF8,0xF2,0x20,0x27,0xC0,0x21,0x10,0x27,0xF8,0x30,0x08,0xE7,
0xF0,0x24,0x90,0x27,0xF0,0x24,0x90,0x27,0xF0,0xE4,0x10,0x22,0x10,0x21,0x20,0x27,0xF8,0xF0,0x80,0x23,
0xF0,0x20,0x80,0x27,0xF8,0x31,0x00,0xE2,0x00,0x23,0xF0,0x24,0x40,0x28,0x40,0x20,0x40,0xE7,0xF8,0x20,
0x00,0x27,0xF0,0x22,0xA0,0xF9,0x40,0x20,0x80,0x21,0x60,0x26,0x98,0x30,0x80,0xE7,0xF0,0x24,0x90,0x27,
0xF0,0x20,0x88,0x2F,0xF8,0xE0,0x08,0x20,0x40,0x21,0x40,0x22,0x58,0xFA,0x48,0x23,0x58,0x22,0x48,0x2B,
0xF8,0x30,0x40,0xE3,0xF0,0x21,0x10,0x20,0xA0,0x20,0x40,0x20,0xA0,0xE3,0x18,0x20,0x80,0x27,0xF8,0x20,
0x00,0xFB,0xF0,0x22,0x10,0x23,0xF0,0x28,0x00,0x37,0xF8,0xE4,0x08,0x25,0xE8,0x25,0x28,0x25,0xE8,0x24,
0x08,0xE4,0x38,0x20,0x80,0x20,0x40,0x27,0xF8,0xF4,0x40,0x25,0xF0,0x24,0x50,0x27,0xF8,0x34,0x50,0xE5,
0xF0,0x24,0x40,0x25,0xF0,0x25,0x10,0x25,0x10,0xE9,0xF0,0x42,0x00,0x44,0x70,0x4F,0x50,0xE9,0x50,0x4D,
0x50,0x4B,0x88,0x69,0x00,0xDF,0x70,0x49,0x50,0x4D,0x50,0x4B,0x20,0x49,0x20,0x49,0x50,0xD3,0x88,0x22,
0x20,0x22,0x20,0x2F,0xF8,0xF2,0x20,0x20,0x80,0x21,0x40,0x22,0x20,0x35,0xD0,0xE8,0x08,0x27,0xF0,0x24,
0x10,0x24,0x10,0x27,0xF0,0xE4,0x10,0x22,0x80,0x23,0xF0,0x26,0x40,0xF7,0xF0,0x2A,0x40,0x23,0xF0,0x22,
0x40,0x33,0xF8,0xE2,0x00,0x27,0xF0,0x21,0x20,0x21,0x78,0x22,0x08,0xE4,0x30,0x22,0x20,0x22,0x20,0x27,
0xF8,0xF2,0x20,0x20,0x80,0x21,0x40,0x32,0x20,0x6C,0x98,0xA0,0x80,0x27,0xF0,0x20,0x80,0x24,0x90,0x24,
0x88,0xE9,0x88,0x27,0xF8,0x22,0x20,0x23,0xE0,0xFA,0x20,0x23,0xE0,0x22,0x38,0x2F,0xE0,0x30,0x20,0xE7,
0x70,0x21,0x50,0x25,0x50,0x22,0x20,0x25,0x50,0xE8,0x88,0x20,0x00,0x27,0xF0,0x25,0x50,0xF5,0x50,0x27,
0xF0,0x20,0x80,0x27,0xF0,0x30,0x80,0xE0,0x80,0x2F,0xF8,0x21,0x00,0x22,0x20,0x27,0xF0,0xE0,0x10,0x20,
0x70,0x27,0x80,0x25,0x10,0xF2,0xA0,0x24,0x00,0x27,0xF0,0x28,0x80,0x30,0x80,0xEF,0xF8,0x20,0x80,0x24,
0x90,0x24,0x90,0x27,0xF0,0xE0,0x10,0x20,0x80,0x20,0x40,0x27,0xF8,0xF4,0x08,0x20,0x70,0x23,0x80,0x22,
0x00,0x33,0xF0,0xE2,0x20,0x22,0x20,0x2F,0xF8,0x20,0x00,0x22,0x20,0xE4,0x10,0x40,0x60,0x40,0x50,0x4E,
0x40,0xE2,0xF8,0x42,0xA0,0x4B,0xA0,0x4A,0xF0,0x64,0xA0,0xC4,0xA0,0x4A,0xF0,0x4A,0xA0,0x52,0xA0,0x40,
0xF8,0xC0,0x80,0x21,0x00,0x20,0x80,0x27,0xF0,0xF0,0x80,0x21,0x20,0x25,0xC8,0x22,0x90,0x35,0x48,0xE1,
0xE0,0x20,0x80,0x2F,0xF8,0x20,0x80,0x20,0x80,0xE0,0x80,0x21,0x00,0x20,0x80,0x27,0xF0,0xFA,0x20,0x21,
0x40,0x27,0xF0,0x24,0x90,0x37,0xF0,0xE4,0x90,0x25,0xD0,0x25,0x50,0x25,0xD0,0x24,0x10,0xE4,0x70,0x20,
0x80,0x24,0x90,0x24,0x90,0xFF,0xF0,0x22,0x80,0x24,0x40,0x2F,0xF8,0x34,0x80,0xE7,0xF0,0x24,0x80,0x27,
0xF0,0x24,0x80,0x27,0xF8,0xE4,0x00,0x02,0x00,0x7F,0xF8,0x48,0x40,0x5D,0xF0,0x48,0xE0,0x5D,0x58,0x68,
0x40,0x4F,0xE0,0x41,0x00,0x4F,0xE0,0x41,0x00,0x5F,0xF8,0x41,0x00,0x87,0x00,0x22,0x20,0x22,0x20,0x27,
0xF8,0xFA,0x20,0x27,0xF0,0x24,0x10,0x27,0xF0,0x34,0x10,0xE7,0xF0,0x20,0x80,0x2F,0xF8,0x21,0x40,0x22,
0x20,0xEC,0x18,0x10,0x40,0xFF,0xF8,0x10,0x40,0x3F,0xE0,0x20,0x20,0x3F,0xE0,0x20,0x20,0xFF,0xF8,0x20,
0xA0,0x5F,0x10,0x82,0x08,0x7F,0xE0,0x02,0x00,0x0E,0x00,0x27,0xF0,0x24,0x90,0x27,0xF0,0xF4,0x90,0x27,
0xF0,0x21,0x00,0x23,0xF0,0x36,0x20,0xE1,0xC0,0x2E,0x38,0x23,0xE0,0x22,0x20,0x23,0xE0,0xE2,0x20,0x40,
0x00,0x4F,0xF8,0x48,0x00,0xEC,0x50,0x4A,0x90,0x48,0x18,0x4F,0xE8,0x69,0x00,0xCD,0x50,0x4D,0x50,0x4F,
0xD0,0x49,0x10,0x4A,0x28,0xD4,0x48,0x44,0x40,0x55,0x40,0x4E,0x40,0xE4,0x78,0x5F,0x90,0x55,0x50,0x55,
0x50,0x7D,0x50,0xD7,0x50,0x55,0x20,0x55,0x20,0x55,0x50,0x51,0x50,0xD3,0x88,0x22,0xA0,0x2F,0xF8,0x28,
0x08,0xFB,0xE0,0x22,0x20,0x23,0xE0,0x28,0x10,0x37,0xE0,0xE0,0x80,0x27,0xF0,0x20,0x80,0x2F,0xF8,0x20,
0x80,0xE1,0x80,0x4A,0x40,0x4A,0x40,0x5F,0x40,0xEA,0x78,0x4A,0x90,0x5F,0x50,0x40,0x50,0x6F,0x50,0xC9,
0x50,0x4F,0x20,0x49,0x20,0x4F,0x50,0x49,0x50,0xCB,0x88,0x25,0x18,0x25,0x60,0x2F,0xC0,0xF5,0x40,0x25,
0x40,0x27,0x78,0x25,0x50,0x37,0x50,0xE5,0x50,0x25,0x50,0x2F,0xD0,0x20,0x50,0x25,0x50,0xE8,0x90,0x20,
0x80,0x27,0xF0,0x22,0x20,0xF7,0xF8,0x20,0x00,0x27,0xF0,0x24,0x90,0x37,0xF0,0xE4,0x90,0x27,0xF0,0x20,
0x80,0x27,0xF0,0x20,0x80,0xEF,0xF8,0x24,0x40,0x22,0x40,0x2F,0x40,0xF4,0x78,0x29,0x90,0x2F,0x50,0x30,
0x50,0x6F,0x50,0xA9,0x50,0x2F,0x20,0x29,0x20,0x2F,0x50,0x29,0x50,0xEB,0x88,0x20,0x80,0x27,0xF0,0x20,
0x80,0xF5,0x50,0x22,0x20,0x27,0xF0,0x2A,0x28,0x33,0xE0,0xE2,0x20,0x23,0xE0,0x20,0x80,0x24,0x90,0x28,
0x88,0xE1,0x80,0x20,0xF0,0x27,0x80,0x20,0xE0,0xF7,0x80,0x20,0xF0,0x27,0x88,0x20,0x78,0x31,0x20,0xE6,
0x38,0x23,0x60,0x26,0x38,0x23,0x60,0x26,0x28,0xE3,0x18,0x20,0x70,0x2F,0x80,0x24,0x90,0xF2,0xA0,0x27,
0xF0,0x22,0xA0,0x34,0x90,0x68,0x08,0xA7,0xF0,0x24,0x90,0x27,0xF0,0x24,0x90,0x27,0xF0,0xE4,0x10,0x23,
0xE0,0x22,0x20,0x23,0xE0,0xFA,0x20,0x23,0xE0,0x20,0x00,0x2F,0xF8,0x35,0x00,0xE7,0x70,0x25,0x50,0x27,
0x50,0x25,0xA0,0x2F,0x20,0xE1,0x50,0x20,0x00,0x2F,0x78,0x29,0x48,0xFF,0x78,0x28,0x40,0x29,0x48,0x27,
0x38,0x32,0x20,0xE7,0xF0,0x22,0x20,0x2F,0xF8,0x20,0x00,0x22,0x20,0xE4,0x10,0x22,0x20,0x27,0x70,0x22,
0x20,0xFF,0x78,0x25,0x50,0x28,0x88,0x21,0x00,0x37,0xF0,0xE2,0x80,0x27,0xF0,0x20,0x80,0x2F,0xF8,0x20,
0x80,0xE0,0x80,0x20,0x60,0x20,0x50,0x2F,0xF8,0xF8,0x40,0x2B,0xD0,0x28,0x50,0x2B,0xA8,0x3A,0xA8,0xEB,
0xD8,0x28,0x88,0x31,0x00,0x20,0x90,0x2A,0x28,0xF1,0xE0,0x27,0xF0,0x20,0x80,0x27,0xF0,0xF4,0x90,0x22,
0xA0,0x20,0x80,0x26,0xB0,0x30,0x00,0xE7,0xF0,0x24,0x90,0x27,0xF0,0x24,0x90,0x27,0xF0,0xE4,0x10,0x20,
0x80,0x27,0xF8,0x20,0x00,0xF7,0xF0,0x25,0x50,0x25,0xD0,0x24,0x10,0x37,0xF0,0xE2,0x20,0x23,0xE0,0x22,
0x20,0x23,0xE0,0x20,0x00,0xEF,0xF8,0x23,0xE0,0x22,0x20,0x23,0xE0,0xF0,0x00,0x27,0x70,0x25,0x50,0x27,
0x70,0x30,0x00,0xE0,0x80,0x2F,0xF8,0x21,0xC0,0x22,0xA0,0x2C,0x98,0xE0,0x80,0x28,0x80,0xFE,0x80,0x29,
0xF8,0x7D,0x20,0x86,0xA0,0x74,0x40,0x54,0xA0,0x75,0x10,0x18,0xC0,0x3F,0x00,0x02,0x00,0xFF,0xF8,0x02,
0x00,0x0E,0x00,0x20,0x80,0x23,0x60,0x2C,0x98,0xF3,0xE0,0x21,0x40,0x24,0x90,0x25,0x50,0x37,0xF0,0xE0,
0x80,0x2F,0xF8,0x29,0x08,0x2A,0x28,0x2B,0xE8,0xE8,0x18,0x44,0x40,0x55,0x40,0x4E,0x40,0xE4,0x78,0x5F,
0x90,0x4E,0x50,0x55,0x50,0x60,0x50,0xC4,0x50,0x5F,0x20,0x49,0x20,0x59,0x50,0x46,0x50,0xD9,0x88,0x20,
0x80,0x27,0xF8,0x24,0x08,0xF2,0x20,0x23,0xB8,0x24,0xA8,0x22,0xA8,0x35,0x10,0xE2,0xE8,0x24,0x00,0x27,
0xF8,0x22,0x50,0x22,0x48,0xE4,0xC8,0x25,0x20,0xF2,0x78,0x25,0x20,0x75,0x70,0xAA,0xA8,0x25,0x20,0xFF,
0xF8,0x10,0x40,0x20,0xA0,0xDF,0x18,0x02,0x00,0x7F,0xE0,0x02,0x00,0x0E,0x00,0x4A,0x50,0x4F,0x78,0x42,
0x90,0xEF,0x78,0x46,0x30,0x4B,0x58,0x40,0x00,0x67,0xF0,0xC4,0x10,0x44,0x90,0x44,0x90,0x41,0x40,0x42,
0x20,0xCC,0x10,0x20,0x80,0x2F,0xF8,0x20,0x00,0xF7,0x70,0x25,0x50,0x27,0x70,0x32,0x20,0x6F,0xF8,0xA2,
0x20,0x27,0xF0,0x22,0x20,0x2F,0xF8,0x26,0x50,0xEB,0x38,0x27,0x70,0x25,0x50,0x27,0x70,0xF5,0x50,0x27,
0x70,0x22,0x80,0x37,0xF0,0x6C,0x80,0xA7,0xF0,0x24,0x80,0x27,0xF8,0x22,0x20,0x21,0xC0,0xEE,0x38,0x02,
0x00,0x02,0x00,0xFF,0xF8,0x02,0x00,0x02,0x00,0x7F,0xE0,0x10,0x20,0x10,0x40,0x08,0x80,0x05,0x00,0x02,
0x00,0x05,0x00,0x18,0xC0,0xE0,0x38,0x11,0x00,0x11,0x00,0x91,0x00,0x91,0xF0,0x92,0x20,0x95,0x20,0x91,
0x20,0xB1,0x20,0xD1,0x40,0x91,0x40,0x10,0x80,0x11,0x40,0x12,0x20,0x14,0x10,0x01,0x00,0x01,0x00,0xF9,
0x00,0x09,0xF8,0x0A,0x10,0x0D,0x10,0x79,0x10,0x41,0x10,0x40,0xA0,0x40,0xA0,0x48,0x40,0x50,0xA0,0x61,
0x10,0x46,0x08,0x01,0x00,0x01,0x00,0xF9,0x00,0x21,0xF8,0x22,0x10,0x25,0x10,0x21,0x10,0x21,0x10,0x20,
0xA0,0x20,0xA0,0x38,0x40,0xE0,0xA0,0x01,0x10,0x06,0x08,0x20,0x80,0x10,0x80,0x00,0x80,0xFC,0xF8,0x21,
0x10,0x22,0x90,0x3C,0x90,0x24,0x90,0x24,0xA0,0x24,0xA0,0x24,0x40,0x44,0xA0,0x45,0x10,0x9A,0x08,0x00,
0x80,0x00,0x80,0xFC,0x80,0x10,0xF8,0x11,0x10,0x12,0x90,0x50,0x90,0x5C,0x90,0x50,0xA0,0x50,0xA0,0x50,
0x40,0x5C,0xA0,0xE1,0x10,0x02,0x08,0x10,0x80,0x10,0x80,0x10,0x80,0xFC,0xF8,0x11,0x10,0x12,0x90,0x10,
0x90,0x7C,0x90,0x44,0xA0,0x44,0xA0,0x44,0x40,0x7C,0xA0,0x41,0x10,0x02,0x08,0x20,0x80,0x10,0x80,0xFC,
0x80,0x00,0xF8,0x29,0x10,0x45,0x10,0x8A,0x90,0x48,0xA0,0x28,0xA0,0x10,0x40,0x28,0x40,0x44,0xA0,0x85,
0x10,0x02,0x08,0x00,0x80,0x0C,0x80,0x70,0x80,0x10,0xF8,0x11,0x10,0xFE,0x90,0x10,0x90,0x10,0x90,0x7C,
0xA0,0x44,0xA0,0x44,0x40,0x44,0xA0,0x7D,0x10,0x46,0x08,0x20,0x40,0x3E,0x40,0x40,0x40,0xBC,0x78,0x24,
0x90,0x34,0x90,0x2D,0x50,0xFE,0x50,0x44,0x50,0x54,0x50,0x7E,0x20,0x04,0x20,0x04,0x50,0x18,0x88,0x14,
0x80,0x12,0x80,0x10,0x80,0xFC,0xF8,0x11,0x10,0x96,0x90,0x58,0x90,0x10,0x90,0x38,0xA0,0x54,0xA0,0x92,
0x40,0x10,0xA0,0x11,0x10,0x72,0x08,0x10,0x80,0x10,0x80,0x7C,0x80,0x10,0xF8,0x7D,0x10,0x12,0x90,0xFC,
0x90,0x20,0x90,0x3C,0xA0,0x24,0xA0,0x24,0x40,0x44,0xA0,0x59,0x10,0x82,0x08,0x10,0x80,0x7A,0x80,0x12,
0x80,0x14,0xF8,0xFD,0x10,0x0A,0x90,0x7E,0x90,0x24,0x90,0x48,0xA0,0x8E,0xA0,0x78,0x40,0x08,0xA0,0x09,
0x10,0x3A,0x08,0x10,0x40,0x10,0x40,0x28,0x40,0x24,0x78,0x42,0x90,0xBC,0x90,0x01,0x50,0x24,0x50,0x94,
0x50,0x44,0x50,0x48,0x20,0x0E,0x20,0xF0,0x50,0x00,0x88,0x10,0x40,0x92,0x40,0x54,0x40,0x10,0x78,0xFE,
0x90,0x92,0x90,0x93,0x50,0xBA,0x50,0xD6,0x50,0x92,0x50,0x92,0x20,0x92,0x20,0x82,0x50,0x8E,0x88,0x10,
0x40,0x92,0x40,0x54,0x40,0x10,0x78,0xFE,0x90,0x82,0x90,0xBB,0x50,0xAA,0x50,0xAA,0x50,0xAA,0x50,0xBA,
0x20,0x82,0x20,0x82,0x50,0x8E,0x88,0x00,0x80,0x78,0x80,0x08,0x80,0x10,0xF8,0xFD,0x10,0x4A,0x90,0x78,
0x90,0x48,0x90,0x78,0xA0,0x48,0xA0,0x5C,0x40,0xE8,0xA0,0x09,0x10,0x0A,0x08,0x28,0x80,0x28,0x80,0x7C,
0x80,0x28,0xF8,0xFD,0x10,0x02,0x90,0x7C,0x90,0x44,0x90,0x7C,0xA0,0x44,0xA0,0x7C,0x40,0x44,0xA0,0x45,
0x10,0x4E,0x08,0x10,0x80,0xFE,0x80,0x00,0x80,0x7C,0xF8,0x45,0x10,0x7E,0x90,0x00,0x90,0x7C,0x90,0x08,
0xA0,0x1E,0xA0,0xF0,0x40,0x10,0xA0,0x11,0x10,0x72,0x08,0x44,0x40,0x44,0x40,0xFF,0x40,0x44,0x78,0x20,
0x90,0x7E,0x90,0x83,0x50,0x7A,0x50,0x4A,0x50,0x4A,0x50,0x7A,0x20,0x02,0x20,0x02,0x50,0x0C,0x88,0x10,
0x40,0x92,0x40,0x54,0x40,0xFE,0x78,0x38,0x90,0x54,0x90,0x93,0x50,0x20,0x50,0xFC,0x50,0x24,0x50,0x64,
0x20,0x18,0x20,0x34,0x50,0xC2,0x88,0x10,0x40,0xFE,0x40,0x00,0x78,0x7C,0x40,0x44,0x40,0x7D,0xF0,0x00,
0x90,0xFE,0x90,0x82,0x90,0xBA,0xA0,0xAA,0xA0,0xBA,0x40,0x82,0xA0,0x8F,0x18,0x10,0x80,0xFE,0x80,0x10,
0xF8,0x7D,0x10,0x56,0xA0,0x7C,0x40,0x38,0xA0,0x55,0x18,0x90,0x00,0x7F,0xF0,0x02,0x00,0x13,0xE0,0x12,
0x00,0xFF,0xF8,0x14,0x80,0xFE,0x80,0x10,0x80,0x7C,0xF8,0x55,0x10,0x7E,0x90,0x54,0x90,0x7C,0x90,0x54,
0xA0,0xFE,0xA0,0x20,0x40,0x3C,0xA0,0x45,0x10,0x8E,0x08,0x04,0x00,0x02,0x00,0x02,0x00,0xFF,0xF8,0x10,
0x40,0x10,0x40,0x08,0x80,0x08,0x80,0x05,0x00,0x02,0x00,0x05,0x00,0x08,0x80,0x30,0x60,0xC0,0x18,0x02,
0x00,0xFF,0xF8,0x10,0x40,0x08,0x80,0x07,0x00,0x18,0xC0,0xE0,0x38,0x1F,0xC0,0x04,0x00,0x7F,0xF0,0x48,
0x90,0x48,0x90,0x48,0x90,0x40,0x30,0x40,0x20,0x23,0xB0,0x00,0x28,0xF8,0x20,0x17,0xF8,0x11,0x20,0x95,
0x20,0x55,0xA0,0x25,0x20,0x25,0x20,0x55,0x28,0x55,0xA8,0x8E,0x18,0x00,0x08,0x04,0x00,0xFA,0x78,0x20,
0x20,0x2F,0xA0,0x21,0x20,0xF9,0x20,0x25,0x78,0x25,0x20,0x22,0x20,0x22,0x20,0x3D,0x20,0xE5,0x20,0x09,
0xF8,0x10,0x00,0x00,0x40,0x08,0x40,0x04,0x40,0x02,0x40,0x20,0x40,0x10,0x40,0x08,0x40,0x00,0x40,0x03,
0xF8,0xFC,0x40,0x00,0x40,0x00,0x40,0x00,0x40,0x00,0x40,0x20,0x20,0x21,0x20,0xA8,0xA0,0x70,0xA0,0x22,
0x20,0xF9,0x20,0x21,0x20,0x60,0x38,0x73,0xE0,0xA8,0x20,0xA0,0x20,0x20,0x20,0x20,0x20,0x20,0x20,0x10,
0x20,0x11,0x20,0x28,0xA0,0x44,0x20,0xB9,0x20,0x10,0xA0,0x10,0x20,0xFE,0x38,0x11,0xE0,0x54,0x20,0x52,
0x20,0x92,0x20,0x10,0x20,0x70,0x20,0x24,0x10,0x24,0x10,0x7E,0x90,0x24,0x50,0x3C,0x10,0x24,0x90,0x3C,
0x50,0x24,0x10,0xFE,0x18,0x54,0xF0,0x62,0x10,0x40,0x10,0x7C,0x10,0x00,0x10,0x10,0x40,0x10,0x40,0xFC,
0xA0,0x11,0x10,0x7E,0x28,0x44,0xA0,0x7C,0x60,0x45,0x20,0x7C,0xA0,0x10,0x38,0xFD,0xE0,0x10,0x20,0x10,
0x20,0x10,0x20,0x00,0xE0,0x3F,0x00,0x20,0x00,0x20,0x00,0x20,0x00,0x3F,0xF8,0x20,0x40,0x20,0x40,0x20,
0x40,0x20,0x40,0x20,0x40,0x40,0x40,0x40,0x40,0x80,0x40,0x00,0xE0,0x3F,0x00,0x20,0x00,0x20,0x00,0x20,
0x00,0x3F,0xF8,0x20,0x40,0x20,0x40,0x26,0x40,0x21,0xC0,0x20,0x70,0x40,0x48,0x40,0x40,0x80,0x40,0x08,
0x80,0x10,0x40,0x68,0xA0,0x07,0x00,0x18,0xC0,0xE0,0x38,0x01,0xC0,0x3E,0x00,0x20,0x00,0x3F,0xF0,0x20,
0x80,0x20,0x80,0x40,0x80,0x80,0x80,0x10,0x30,0x11,0xC0,0xFD,0x00,0x21,0x00,0x51,0x00,0x51,0xF8,0xFD,
0x20,0x11,0x20,0x11,0x20,0x1D,0x20,0xF1,0x20,0x11,0x20,0x12,0x20,0x14,0x20,0x10,0x30,0x91,0xC0,0xD5,
0x00,0xB9,0x00,0x91,0x00,0xFD,0xF8,0x91,0x20,0xB9,0x20,0xD5,0x20,0x95,0x20,0x91,0x20,0x91,0x20,0x82,
0x20,0xFC,0x20,0x48,0x30,0x49,0xC0,0xFD,0x00,0x49,0x00,0x49,0x00,0x79,0xF8,0x49,0x20,0x79,0x20,0x49,
0x20,0x49,0x20,0xFD,0x20,0x01,0x20,0x4A,0x20,0x84,0x20,0x20,0x18,0x10,0xE0,0xFE,0x80,0x44,0x80,0x28,
0x80,0xFE,0xF8,0x00,0x90,0x10,0x90,0xFE,0x90,0x10,0x90,0x54,0x90,0x92,0x90,0x11,0x10,0x72,0x10,0x04,
0x00,0x02,0x00,0xFF,0xF8,0x08,0x00,0x08,0x00,0x08,0x00,0x0F,0xE0,0x08,0x20,0x08,0x20,0x10,0x20,0x10,
0x20,0x20,0x20,0x40,0x20,0x80,0xC0,0x21,0x00,0x11,0x00,0x01,0xF8,0xFA,0x40,0x44,0x40,0x41,0x50,0x79,
0x70,0x49,0xD0,0x4B,0x50,0x49,0x50,0x49,0x70,0x49,0x48,0x49,0x08,0x98,0xF8,0x04,0x00,0x02,0x00,0x7F,
0xF0,0x10,0x40,0x08,0x80,0xFF,0xF8,0x82,0x08,0x01,0x00,0xFF,0xF8,0x08,0x00,0x0F,0xE0,0x10,0x20,0x20,
0x20,0x40,0xC0,0x20,0x80,0x10,0x80,0x00,0xF8,0xFD,0x00,0x22,0x30,0x21,0xC0,0x39,0x40,0x29,0x48,0x29,
0x50,0x29,0x20,0x29,0x20,0x49,0x10,0x49,0x50,0x99,0x88,0x21,0x00,0x11,0x00,0x01,0xF8,0xFA,0x00,0x44,
0x00,0x41,0xF0,0x78,0x50,0x49,0x40,0x49,0x40,0x49,0x70,0x49,0x40,0x49,0x40,0x4A,0xC0,0x9C,0x78,0x21,
0x00,0x11,0x00,0x01,0xF8,0xFA,0x00,0x45,0x00,0x41,0xF0,0x7A,0x40,0x48,0x40,0x4B,0xF8,0x48,0x40,0x48,
0xA0,0x48,0xA0,0x49,0x10,0x9A,0x08,0x21,0x00,0x11,0x00,0x01,0xF8,0xFA,0x00,0x45,0x10,0x43,0xF8,0x79,
0x10,0x49,0xF0,0x49,0x10,0x49,0xF0,0x49,0x10,0x4B,0xF8,0x49,0x10,0x9A,0x08,0x7F,0xF0,0x02,0x00,0x02,
0x00,0x02,0x00,0x02,0x00,0xFF,0xF8,0x05,0x00,0x05,0x00,0x09,0x00,0x11,0x00,0x21,0x08,0x41,0x08,0x80,
0xF8,0xFB,0xE0,0x88,0x80,0x88,0x80,0xFA,0x80,0x8A,0x80,0x8B,0xF0,0xF8,0x80,0xA1,0x40,0x91,0x40,0xA9,
0x40,0xCA,0x40,0x82,0x50,0x04,0x30,0xFF,0xE0,0x80,0x20,0x80,0x20,0x80,0x20,0x80,0x20,0x80,0x20,0xFF,
0xE0,0x80,0x20,0x80,0x20,0x80,0x20,0x80,0x20,0x80,0x20,0xFF,0xE0,0x80,0x20,0x3F,0xE0,0x20,0x20,0x20,
0x20,0x20,0x20,0x3F,0xE0,0x20,0x20,0x20,0x20,0x20,0x20,0x3F,0xE0,0x00,0x00,0x00,0x00,0x00,0x00,0xFF,
0xF8,0x9F,0xE0,0x90,0x20,0x90,0x20,0x90,0x20,0x90,0x20,0x9F,0xE0,0x90,0x20,0x90,0x20,0x90,0x20,0x90,
0x20,0x90,0x20,0x9F,0xE0,0x90,0x20,0x80,0xC0,0x87,0x00,0xF8,0x00,0x80,0x20,0x80,0x20,0x7F,0xE0,0x00,
0x00,0x7F,0xC0,0x40,0x40,0x40,0x40,0x7F,0xC0,0x40,0x40,0x40,0x40,0x7F,0xC0,0x3F,0xE0,0x20,0x20,0x20,
0x20,0x3F,0xE0,0x20,0x20,0x20,0x20,0x3F,0xE0,0x02,0x00,0x02,0x00,0xFF,0xF8,0x02,0x00,0x02,0x00,0x02,
0x00,0x02,0x00,0x10,0x00,0x10,0x00,0x3F,0xF8,0x40,0x08,0xBF,0xC8,0x20,0x48,0x20,0x48,0x3F,0xC8,0x20,
0x48,0x20,0x48,0x3F,0xC8,0x20,0x08,0x00,0x10,0x00,0x60,0x20,0x00,0x21,0xF0,0x21,0x10,0xF9,0x10,0x29,
0x10,0x29,0xF0,0x29,0x10,0x29,0x10,0x29,0x10,0x29,0xF0,0x28,0x00,0x48,0x08,0x48,0x08,0x87,0xF8,0x3F,
0xE0,0x20,0x20,0x3F,0xE0,0x20,0x20,0x3F,0xE0,0x00,0x00,0x3F,0xE0,0x02,0x00,0x02,0x00,0xFF,0xF8,0x02,
0x00,0x02,0x00,0x02,0x00,0x02,0x00,0x00,0x20,0x00,0x20,0xF0,0x20,0x97,0xF8,0x90,0x20,0x90,0x20,0xF2,
0x20,0x91,0x20,0x91,0x20,0x90,0x20,0xF0,0x20,0x90,0x20,0x00,0x20,0x00,0xE0,0x00,0x80,0x00,0x40,0xF3,
0xF8,0x92,0x00,0x92,0x00,0x92,0x00,0xF2,0x00,0x92,0x00,0x92,0x00,0x92,0x00,0xF2,0x00,0x94,0x00,0x04,
0x00,0x08,0x00,0x07,0xF0,0xF0,0x80,0x90,0x80,0x90,0x80,0x90,0x80,0xF0,0x80,0x97,0xF0,0x90,0x80,0x90,
0x80,0xF0,0x80,0x90,0x80,0x00,0x80,0x0F,0xF8,0x7F,0xC0,0x40,0x40,0x7F,0xC0,0x40,0x40,0x7F,0xC0,0x00,
0x00,0x18,0x00,0xE3,0xE0,0x82,0x20,0x82,0x20,0x9A,0x20,0xE2,0xE0,0x82,0x00,0x02,0x00,0x7F,0xC0,0x40,
0x40,0x40,0x40,0x7F,0xC0,0x40,0x40,0x40,0x40,0x7F,0xC0,0x00,0x00,0x82,0x20,0xF2,0xC0,0x83,0x00,0x9A,
0x10,0xE2,0x10,0x81,0xF0,0x7F,0xE0,0x40,0x20,0x7F,0xE0,0x40,0x20,0x7F,0xE0,0x00,0x00,0xFF,0xF0,0x80,
0x10,0xFF,0xF0,0x80,0x10,0x80,0x10,0xFF,0xF0,0x80,0x10,0x01,0xF8,0xF9,0x08,0x89,0x08,0x89,0x08,0x89,
0xF8,0xF9,0x08,0x89,0x08,0x89,0x08,0x89,0xF8,0xF9,0x08,0x82,0x08,0x02,0x08,0x04,0x08,0x08,0x38,0x03,
0xC0,0xFC,0x00,0x84,0x00,0x85,0xE0,0xFE,0x00,0x81,0x10,0xC0,0xD0,0x80,0x30,0x7F,0xC0,0x40,0x40,0x7F,
0xC0,0x40,0x40,0x7F,0xC0,0x40,0x40,0x3F,0xE0,0x20,0x20,0x3F,0xE0,0x20,0x20,0x3F,0xE0,0x10,0x00,0x10,
0x00,0x3F,0xF0,0x44,0x90,0x88,0x90,0x11,0x10,0x62,0x10,0x04,0x10,0x18,0x60,0x08,0x80,0x08,0x80,0x7F,
0xF0,0x08,0x80,0x08,0x80,0xFF,0xF8,0x00,0x00,0x3F,0xE0,0x20,0x20,0x20,0x20,0x3F,0xE0,0x20,0x20,0x20,
0x20,0x3F,0xE0,0x3F,0xE0,0x20,0x20,0x3F,0xE0,0x20,0x20,0x3F,0xE0,0x02,0x00,0x22,0x00,0x3F,0xF0,0x42,
0x00,0x82,0x00,0x3F,0xE0,0x02,0x00,0x02,0x00,0xFF,0xF8,0x00,0x80,0x00,0x80,0xF0,0x80,0x97,0xF0,0x94,
0x90,0x94,0x90,0xF4,0x90,0x94,0x90,0x9F,0xF8,0x91,0x40,0xF1,0x40,0x92,0x20,0x04,0x10,0x08,0x08,0x02,
0x00,0x7F,0xF0,0x02,0x00,0x3F,0xE0,0x04,0x00,0xFF,0xF8,0x10,0x40,0x20,0x20,0xDF,0xD8,0x10,0x40,0x1F,
0xC0,0x10,0x40,0x1F,0xC0,0x10,0x40,0x00,0x80,0x00,0x80,0xF7,0xF0,0x90,0x80,0x90,0x80,0x90,0x80,0xF7,
0xF8,0x91,0xC0,0x92,0xA0,0x92,0xA0,0xF4,0x90,0x98,0x88,0x00,0x80,0x00,0x80,0x02,0x00,0x02,0x00,0xF3,
0xF8,0x95,0x00,0x95,0x00,0x99,0x00,0xF1,0xF0,0x91,0x00,0x91,0x00,0x91,0x00,0xF1,0xF8,0x91,0x00,0x01,
0x00,0x01,0x00,0x07,0xF8,0xF1,0x08,0x91,0x08,0x91,0x08,0x92,0x08,0xF4,0x30,0x90,0x00,0x93,0xF8,0x92,
0x08,0xF2,0x08,0x92,0x08,0x03,0xF8,0x02,0x08,0x3F,0xE0,0x20,0x20,0x3F,0xE0,0x20,0x20,0x3F,0xE0,0x00,
0x00,0xFF,0xF8,0x02,0x00,0x22,0x00,0x23,0xE0,0x22,0x00,0x22,0x00,0x52,0x00,0x8F,0xF8,0x3F,0xF0,0x20,
0x10,0x20,0x10,0x3F,0xF0,0x20,0x80,0x40,0x60,0x40,0x18,0xBF,0xE0,0x20,0x20,0x3F,0xE0,0x20,0x20,0x3F,
0xE0,0x00,0x00,0xFF,0xF8,0x3F,0xE0,0x20,0x20,0x20,0x20,0x3F,0xE0,0x20,0x20,0x20,0x20,0x3F,0xE0,0x08,
0x80,0x48,0x90,0x28,0x90,0x28,0xA0,0x08,0x80,0x08,0x80,0xFF,0xF8,0x3F,0xE0,0x20,0x20,0x3F,0xE0,0x20,
0x20,0x3F,0xE0,0x02,0x00,0x12,0x40,0x0A,0x80,0x7F,0xF0,0x08,0x80,0x08,0x80,0x10,0x88,0xE0,0x78,0x7F,
0xF0,0x08,0x80,0x48,0x90,0x28,0xA0,0x08,0x80,0xFF,0xF8,0x00,0x00,0x3F,0xE0,0x20,0x20,0x20,0x20,0x3F,
0xE0,0x20,0x20,0x20,0x20,0x3F,0xE0,0x00,0x80,0x00,0x80,0xF1,0x00,0x97,0xF8,0x94,0x08,0x94,0x08,0xF5,
0xE8,0x95,0x28,0x95,0x28,0x95,0x28,0xF5,0xE8,0x94,0x08,0x04,0x08,0x04,0x38,0x07,0xF8,0xF1,0x40,0x91,
0x40,0x97,0xF0,0x95,0x50,0xF5,0x50,0x95,0x50,0x95,0x50,0x96,0x30,0xF4,0x10,0x94,0x10,0x07,0xF0,0x04,
0x10,0x01,0x00,0x01,0x00,0xF1,0x70,0x97,0x80,0x90,0xA0,0x90,0x48,0xF1,0xA8,0x96,0x18,0x90,0x00,0x97,
0xF0,0xF1,0x40,0x91,0x40,0x02,0x48,0x0C,0x38,0x3F,0xE0,0x20,0x20,0x3F,0xE0,0x20,0x20,0x3F,0xE0,0x00,
0x00,0xFF,0xF8,0x84,0x08,0x7F,0xF0,0x12,0x00,0x3F,0xE0,0x02,0x00,0xFF,0xF8,0x02,0x00,0x01,0x00,0x01,
0x00,0xF3,0xE0,0x94,0x20,0x98,0x40,0x97,0xF0,0xF4,0x90,0x94,0x90,0x97,0xF0,0x91,0x40,0xF1,0x40,0x92,
0x40,0x04,0x48,0x08,0x38,0x0F,0xF8,0x01,0x00,0xF1,0x00,0x97,0xF0,0x92,0x10,0x92,0x10,0xF7,0xF8,0x90,
0x00,0x90,0x00,0x97,0xF0,0xF4,0x10,0x94,0x10,0x07,0xF0,0x04,0x10,0x02,0x00,0x02,0x00,0xF3,0xF8,0x94,
0x00,0x9B,0xF0,0x92,0x90,0xF2,0x50,0x9F,0xF8,0x92,0x10,0x94,0x90,0xF4,0x50,0x97,0xF8,0x00,0x10,0x00,
0x60,0x3F,0xE0,0x20,0x20,0x3F,0xE0,0x20,0x20,0x3F,0xE0,0x00,0x00,0x7F,0xF0,0x40,0x00,0x5F,0xE0,0x40,
0x00,0x7F,0xF8,0x51,0x20,0x50,0xC0,0x9C,0x38,0x10,0x40,0x08,0x80,0x7F,0xF0,0x08,0x80,0x48,0x90,0x28,
0xA0,0xFF,0xF8,0x00,0x00,0x3F,0xE0,0x20,0x20,0x3F,0xE0,0x20,0x20,0x3F,0xE0,0x20,0x20,0x3F,0xE0,0x20,
0x20,0x3F,0xE0,0x20,0x20,0x3F,0xE0,0x02,0x00,0xFF,0xF8,0x00,0x00,0x3F,0xE0,0x20,0x20,0x3F,0xE0,0x02,
0x00,0x22,0x20,0x4E,0x10,0x02,0x10,0x02,0x60,0xF2,0x40,0x9F,0x40,0x92,0x40,0x92,0x78,0xF7,0x50,0x96,
0xD0,0x9A,0x50,0x92,0x50,0xF2,0x50,0x92,0x50,0x02,0x50,0x02,0x90,0x00,0x80,0x07,0xF0,0xF0,0x80,0x97,
0xF0,0x90,0x80,0x9F,0xF8,0xF0,0x00,0x97,0xF0,0x94,0x10,0x97,0xF0,0xF4,0x10,0x97,0xF0,0x04,0x10,0x04,
0x70,0x3F,0xE0,0x20,0x20,0x3F,0xE0,0x20,0x20,0x3F,0xE0,0x00,0x00,0xFD,0xF8,0x85,0x08,0x85,0x08,0xFD,
0xF8,0x85,0x08,0x85,0x08,0xFD,0xF8,0x85,0x08,0x40,0x00,0x7D,0xF0,0x91,0x10,0x11,0x10,0xFF,0x10,0x29,
0x10,0x45,0xF0,0x80,0x00,0x3F,0xE0,0x20,0x20,0x3F,0xE0,0x20,0x20,0x3F,0xE0,0x20,0x20,0x01,0x00,0x00,
0x80,0xF7,0xF8,0x90,0x00,0x90,0x00,0x97,0xF0,0xF4,0x10,0x94,0x10,0x97,0xF0,0x90,0x80,0xF2,0xA0,0x94,
0x90,0x08,0x88,0x03,0x80,0x20,0x10,0xFD,0xE0,0x51,0x00,0xFD,0xF8,0x11,0x20,0x1D,0x20,0xF2,0x20,0x14,
0x20,0x00,0x00,0x3F,0xE0,0x20,0x20,0x3F,0xE0,0x20,0x20,0x3F,0xE0,0x07,0x70,0xF5,0x10,0x95,0x10,0x97,
0x70,0x94,0x00,0xF4,0x00,0x97,0x70,0x94,0x50,0x94,0x50,0xF7,0x20,0x94,0x20,0x04,0x50,0x04,0x88,0x3F,
0xE0,0x24,0x20,0x22,0x20,0x3F,0xE0,0x04,0x00,0x1F,0xA0,0x04,0x40,0xFF,0xF8,0x03,0x00,0x1F,0xE0,0xF0,
0x20,0x1F,0xE0,0x10,0x20,0x1F,0xE0,0x00,0x18,0x07,0xE0,0xF2,0x88,0x91,0x50,0x93,0xF0,0x90,0x80,0xF7,
0xF8,0x91,0x00,0x91,0xF0,0x93,0x10,0xF2,0xA0,0x94,0x40,0x00,0xA0,0x03,0x18,0x01,0x00,0x00,0x80,0xF7,
0xF0,0x90,0x00,0x94,0x10,0x92,0x20,0xFF,0xF8,0x90,0x00,0x97,0xF0,0x94,0x10,0xF7,0xF0,0x94,0x10,0x07,
0xF0,0x04,0x10,0x10,0x40,0xFF,0xF8,0x10,0x40,0x3F,0xE0,0x20,0x20,0x3F,0xE0,0x20,0x20,0xFF,0xF8,0x20,
0x20,0x5F,0xD0,0x90,0x48,0x1F,0xC0,0x10,0x40,0x1F,0xC0,0x3F,0xE0,0x20,0x20,0x3F,0xE0,0x20,0x20,0x3F,
0xE0,0x08,0x80,0x7F,0xF0,0x08,0x80,0xFF,0xF8,0x12,0x40,0x2A,0xA0,0xC7,0x18,0x0A,0x80,0x36,0x40,0x07,
0xF0,0x05,0x50,0xF7,0xF0,0x90,0x88,0x93,0xF0,0x90,0xA0,0xF7,0xF8,0x90,0x80,0x93,0xF0,0x96,0x10,0xF3,
0xF0,0x92,0x10,0x03,0xF0,0x02,0x10,0x07,0xF0,0x04,0x10,0xF7,0xF0,0x94,0x10,0x97,0xF0,0x92,0x20,0xF7,
0xF0,0x92,0x20,0x9F,0xF8,0x94,0x90,0xFA,0xA8,0x91,0xC0,0x02,0xA0,0x05,0x90,0xFF,0xF0,0x80,0x10,0x80,
0x10,0x80,0x10,0x80,0x10,0xFF,0xD0,0x80,0x10,0x80,0x10,0x80,0x10,0x80,0x10,0xFF,0xF0,0x80,0x10,0x09,
0x00,0x09,0x00,0x09,0x00,0xFF,0xF0,0x89,0x10,0x89,0x10,0x89,0x10,0xFF,0xF0,0x89,0x10,0x89,0x10,0x89,
0x10,0x89,0x10,0xFF,0xF0,0x80,0x10,0x02,0x00,0x02,0x00,0x3F,0xE0,0x22,0x20,0x22,0x20,0x3F,0xE0,0x22,
0x20,0x22,0x20,0x3F,0xE0,0x02,0x10,0x01,0x60,0x01,0x88,0x0E,0x68,0xF0,0x18,0xFF,0xF8,0x02,0x00,0x7F,
0xF0,0x42,0x10,0x7F,0xF0,0x42,0x10,0x42,0x10,0x7F,0xF0,0x22,0x00,0x14,0x00,0x0C,0x00,0x33,0x80,0xC0,
0x78,0x08,0x80,0xFF,0xF8,0x08,0x80,0x7F,0xF0,0x48,0x90,0x7F,0xF0,0x48,0x90,0x7F,0xF0,0x00,0x00,0x3F,
0xE0,0x20,0x20,0x3F,0xE0,0x20,0x20,0x3F,0xE0,0x3F,0xE0,0x20,0x20,0x3F,0xE0,0x20,0x20,0x3F,0xE0,0x00,
0x00,0x7F,0xF0,0x48,0x90,0x7F,0xF0,0x00,0x00,0x3F,0xE0,0x10,0x40,0x0F,0x80,0xF0,0x78,0x20,0x80,0x11,
0x00,0xFF,0xE0,0x84,0x20,0xA4,0xA0,0x95,0x20,0xFF,0xE0,0x00,0x00,0x7F,0xC0,0x40,0x40,0x7F,0xC0,0x40,
0x40,0x7F,0xC0,0x40,0x40,0x10,0x40,0x7D,0xF0,0x10,0x40,0xFD,0xF8,0x28,0xA0,0x45,0x10,0x80,0x08,0x3F,
0xE0,0x20,0x20,0x20,0x20,0x3F,0xE0,0x20,0x20,0x20,0x20,0x3F,0xE0,0x3F,0xE0,0x20,0x20,0x3F,0xE0,0x20,
0x20,0x3F,0xE0,0x00,0x00,0xFF,0xF8,0x44,0x00,0x7D,0xF0,0x45,0x10,0x7C,0xA0,0x4E,0x40,0xF4,0xA0,0x05,
0x18,0x3F,0xE0,0x20,0x20,0x20,0x20,0x20,0x20,0x3F,0xE0,0x20,0x20,0x20,0x20,0x20,0x20,0x3F,0xE0,0x20,
0x20,0x20,0x20,0x40,0x20,0x40,0x20,0x80,0xE0,0x04,0x00,0x04,0x00,0xFF,0xF8,0x08,0x00,0x1F,0xE0,0x30,
0x20,0x50,0x20,0x9F,0xE0,0x10,0x20,0x10,0x20,0x1F,0xE0,0x10,0x20,0x10,0x20,0x10,0xE0,0x3C,0xF8,0x24,
0x88,0x24,0x88,0x24,0x88,0x3C,0xF8,0x24,0x88,0x24,0x88,0x3C,0xF8,0x24,0x88,0x24,0x88,0x45,0x08,0x45,
0x08,0x9E,0x38,0x7B,0xF0,0x4A,0x10,0x4A,0x10,0x4A,0x70,0x7A,0x00,0x4B,0xF0,0x4A,0x90,0x7A,0x90,0x4A,
0xA0,0x4A,0x40,0x4A,0xA0,0x4B,0x10,0x9A,0x08,0x44,0x00,0x28,0xF8,0x00,0x88,0xFE,0x88,0x10,0x88,0x54,
0xF8,0x54,0x88,0x54,0x88,0x7C,0xF8,0x14,0x88,0x20,0x88,0x21,0x08,0x41,0x08,0x82,0x38,0x20,0x00,0x10,
0xF8,0xFC,0x88,0x84,0x88,0x84,0x88,0xFC,0xF8,0x84,0x88,0x84,0x88,0xFC,0xF8,0xA0,0x88,0x90,0x88,0xA9,
0x08,0xC5,0x08,0x82,0x38,0x20,0x00,0x11,0xF0,0xFD,0x10,0x41,0xF0,0x41,0x10,0x4D,0xF0,0x71,0x10,0x42,
0x70,0x00,0x00,0x7F,0xF0,0x02,0x00,0x3F,0xE0,0x02,0x00,0xFF,0xF8,0x10,0x00,0x10,0xF8,0xFE,0x88,0x10,
0x88,0x7C,0x88,0x44,0xF8,0x7C,0x88,0x44,0x88,0x7C,0xF8,0x10,0x88,0xFE,0x88,0x11,0x08,0x11,0x08,0x12,
0x38,0x44,0x00,0x44,0xF8,0xFE,0x88,0x44,0x88,0x44,0x88,0x7C,0xF8,0x44,0x88,0x7C,0x88,0x44,0xF8,0x44,
0x88,0xFE,0x88,0x01,0x08,0x45,0x08,0x82,0x38,0x01,0x20,0x77,0xF8,0x51,0x20,0x57,0xF8,0x54,0x08,0x71,
0xE0,0x50,0x00,0x57,0xF8,0x71,0x00,0x56,0x90,0x51,0x60,0x56,0xD0,0x51,0x50,0xB6,0xC8,0x02,0x00,0x02,
0x00,0x02,0x00,0xFF,0xF8,0x07,0x00,0x0A,0x80,0x0A,0x80,0x12,0x40,0x22,0x20,0x42,0x10,0x82,0x08,0x02,
0x00,0x02,0x00,0x02,0x00,0x02,0x00,0x02,0x00,0x7F,0xF0,0x02,0x00,0x02,0x00,0x02,0x00,0xFF,0xF8,0x07,
0x00,0x0A,0x80,0x12,0x40,0x22,0x20,0xC2,0x18,0x02,0x00,0x02,0x00,0x02,0x00,0x02,0x00,0xFF,0xF8,0x02,
0x00,0x02,0x00,0x02,0x00,0x7F,0xF0,0x02,0x00,0x07,0x00,0x0A,0x80,0x12,0x40,0x22,0x20,0xC2,0x18,0x02,
0x00,0x02,0x00,0x02,0x00,0x02,0x00,0xFF,0xF8,0x07,0x00,0x0A,0x80,0x0A,0x80,0x12,0x40,0x22,0x20,0x42,
0x10,0x9F,0xC8,0x02,0x00,0x02,0x00,0x02,0x00,0x11,0x00,0x11,0x00,0x11,0x00,0xFD,0x00,0x11,0x00,0x31,
0x00,0x39,0x00,0x55,0x00,0x55,0x00,0x91,0x00,0x11,0x00,0x11,0x08,0x11,0x08,0x10,0xF8,0x02,0x00,0x02,
0x40,0x02,0x20,0x02,0x00,0xFF,0xF8,0x07,0x00,0x0A,0x80,0x0A,0x80,0x12,0x40,0x22,0x20,0x42,0x10,0x82,
0x08,0x02,0x00,0x02,0x00,0x02,0x00,0x12,0x00,0x12,0x00,0x1F,0xE0,0x22,0x00,0x42,0x00,0x02,0x00,0xFF,
0xF8,0x07,0x00,0x0A,0x80,0x12,0x40,0x22,0x20,0xC2,0x18,0x02,0x00,0x10,0x80,0x10,0x80,0x10,0x80,0xFC,
0x80,0x10,0xC0,0x30,0xA0,0x38,0x90,0x54,0x88,0x50,0x88,0x90,0x80,0x10,0x80,0x10,0x80,0x10,0x80,0x10,
0x80,0x1F,0xC0,0x10,0x40,0x10,0x40,0x10,0x40,0x20,0x40,0xC2,0x38,0x02,0x00,0xFF,0xF8,0x07,0x00,0x0A,
0x80,0x12,0x40,0x22,0x20,0xC2,0x18,0x02,0x00,0x20,0x00,0x23,0xE0,0x22,0x20,0xFA,0x20,0x22,0x20,0x22,
0x20,0x72,0x20,0x6A,0x20,0xA2,0x20,0x22,0x20,0x22,0x20,0x24,0x28,0x24,0x28,0x28,0x18,0x10,0x00,0x17,
0xF8,0x10,0x80,0xFC,0x80,0x11,0x00,0x31,0x00,0x3B,0xF8,0x54,0x08,0x50,0x08,0x90,0x08,0x10,0x08,0x10,
0x08,0x10,0x08,0x10,0x30,0x30,0x20,0x0C,0xC0,0x03,0x00,0x04,0xC0,0x18,0x20,0x62,0x10,0x02,0x00,0xFF,
0xF8,0x02,0x00,0x12,0x40,0x12,0x20,0x22,0x10,0x42,0x10,0x0E,0x00,0x04,0x00,0x04,0x00,0x7F,0x80,0x08,
0x80,0x10,0x90,0x20,0x70,0xC2,0x00,0x02,0x00,0xFF,0xF8,0x02,0x00,0x12,0x40,0x22,0x20,0x42,0x10,0x0E,
0x00,0x10,0x00,0x13,0xF0,0x11,0x10,0xFD,0x10,0x11,0x10,0x31,0x10,0x38,0xA0,0x54,0xA0,0x54,0xA0,0x90,
0x40,0x10,0x40,0x10,0xA0,0x11,0x10,0x12,0x08,0x10,0x00,0x11,0xF0,0x10,0x40,0xFC,0x40,0x10,0x40,0x30,
0x40,0x3B,0xF8,0x54,0x40,0x50,0x40,0x90,0x40,0x10,0x40,0x10,0x40,0x10,0x40,0x10,0x40,0x10,0x20,0x10,
0x20,0x10,0x40,0xFC,0x90,0x11,0x10,0x30,0x20,0x38,0x40,0x54,0x80,0x55,0x10,0x90,0x10,0x10,0x20,0x10,
0x40,0x10,0x80,0x13,0x00,0x02,0x00,0x02,0x00,0xFF,0xF8,0x0A,0x80,0x12,0x40,0x22,0x20,0xC0,0x18,0x1F,
0x80,0x01,0x00,0x02,0x00,0xFF,0xF8,0x02,0x00,0x02,0x00,0x0E,0x00,0x02,0x00,0x02,0x00,0xFF,0xF8,0x07,
0x00,0x0A,0x80,0x12,0x40,0x22,0x20,0xC0,0x18,0x3F,0xE0,0x20,0x20,0x20,0x20,0x20,0x20,0x3F,0xE0,0x20,
0x20,0x10,0x20,0x10,0x20,0x10,0x20,0xFD,0xF8,0x10,0x20,0x30,0x60,0x38,0x60,0x54,0xA0,0x54,0xA0,0x91,
0x20,0x12,0x20,0x10,0x20,0x10,0x20,0x10,0xE0,0x20,0x20,0x20,0x20,0x20,0x20,0xFB,0xF8,0x20,0x20,0x20,
0x20,0x72,0x20,0x69,0x20,0xA1,0x20,0x20,0x20,0x20,0x20,0x20,0x20,0x20,0x20,0x20,0xE0,0x10,0x20,0x10,
0x20,0x10,0x20,0xFD,0xF8,0x10,0x20,0x30,0x20,0x39,0x20,0x55,0x20,0x54,0xA0,0x90,0xA0,0x10,0x40,0x10,
0xA0,0x11,0x10,0x12,0x08,0x20,0x80,0x20,0x80,0x20,0x80,0xF8,0x80,0x20,0x80,0x27,0xF0,0x70,0x80,0x68,
0x80,0xA0,0x80,0x20,0x80,0x20,0x80,0x20,0x80,0x20,0x80,0x2F,0xF8,0x02,0x00,0x02,0x00,0xFF,0xF8,0x02,
0x00,0x02,0x00,0x7F,0xF0,0x42,0x10,0x42,0x10,0x7F,0xF0,0x0A,0x80,0x12,0x40,0x22,0x20,0xC2,0x18,0x02,
0x00,0x20,0x00,0x20,0x00,0x27,0xF0,0xF8,0x80,0x20,0x80,0x20,0x80,0x70,0x80,0x68,0x80,0xA0,0x80,0x20,
0x80,0x20,0x80,0x20,0x80,0x20,0x80,0x2F,0xF8,0x10,0x00,0x1F,0xE0,0x30,0x40,0x48,0x80,0x07,0x00,0x18,
0xC0,0xE2,0x38,0x02,0x00,0x7F,0xF0,0x02,0x00,0x12,0x40,0x22,0x20,0x42,0x10,0x0E,0x00,0x02,0x00,0x02,
0x00,0x7F,0xF0,0x02,0x00,0x22,0x20,0x12,0x40,0x02,0x00,0xFF,0xF8,0x07,0x00,0x0A,0x80,0x12,0x40,0x22,
0x20,0xC2,0x18,0x02,0x00,0x27,0xF0,0x20,0x20,0x20,0xC0,0xF9,0x00,0x22,0x00,0x27,0xF8,0x71,0x28,0x6A,
0x28,0xA2,0x48,0x24,0x48,0x28,0x88,0x21,0x08,0x22,0x08,0x24,0x30,0x21,0x00,0x20,0x80,0x20,0x00,0xF7,
0xF8,0x20,0x00,0x20,0x00,0x73,0xE0,0x6A,0x20,0xA2,0x20,0x22,0x20,0x22,0x20,0x24,0x28,0x24,0x28,0x28,
0x18,0x20,0x00,0x27,0xF8,0x20,0x40,0xF8,0x40,0x20,0x80,0x20,0x80,0x71,0xA0,0x6A,0x90,0xA4,0x88,0x20,
0x88,0x20,0x80,0x20,0x80,0x20,0x80,0x20,0x80,0x02,0x00,0x02,0x00,0xFF,0xF8,0x07,0x00,0x0A,0x80,0x12,
0x40,0x22,0x20,0xC2,0x18,0x02,0x00,0x02,0x00,0x00,0x00,0x49,0x10,0x44,0x88,0x84,0x88,0x20,0x40,0x22,
0x40,0x22,0x40,0xFA,0x20,0x24,0x20,0x24,0x90,0x78,0x88,0x69,0x00,0xA1,0x00,0x22,0x40,0x22,0x20,0x24,
0x20,0x2F,0xF0,0x20,0x10,0x20,0x00,0x20,0x38,0x27,0xC0,0xF4,0x00,0x24,0x00,0x27,0xF0,0x75,0x10,0x6D,
0x10,0xA5,0x10,0x24,0xA0,0x24,0xA0,0x28,0x40,0x28,0xA0,0x33,0x18,0x20,0x00,0x27,0xE0,0x22,0x20,0xFA,
0x20,0x22,0x40,0x22,0x80,0x72,0xF0,0x6A,0x10,0xA2,0x10,0x23,0x20,0x22,0xA0,0x24,0x40,0x24,0xA0,0x29,
0x18,0x21,0x00,0x21,0x00,0x21,0xF8,0xFA,0x08,0x24,0x08,0x20,0x88,0x70,0x88,0x69,0x08,0xA1,0x48,0x23,
0xE8,0x20,0x28,0x20,0x08,0x20,0x08,0x20,0x30,0x20,0x00,0x27,0xF0,0x20,0x80,0xF8,0x80,0x20,0x80,0x20,
0x80,0x70,0x80,0x6F,0xF0,0xA0,0x80,0x20,0x80,0x20,0x80,0x20,0x80,0x20,0x80,0x2F,0xF8,0x20,0x30,0x23,
0xC0,0x22,0x00,0xFA,0x00,0x22,0x00,0x23,0xF8,0x72,0x20,0x6A,0x20,0xA2,0x20,0x22,0x20,0x22,0x20,0x24,
0x20,0x24,0x20,0x28,0x20,0x20,0x80,0x20,0x80,0x20,0x80,0xF7,0xF0,0x24,0x90,0x24,0x90,0x70,0x80,0x69,
0x40,0xA1,0x40,0x21,0x40,0x22,0x40,0x22,0x48,0x24,0x48,0x28,0x38,0x10,0x40,0x10,0x40,0x10,0x40,0xFD,
0xF8,0x10,0x40,0x30,0x40,0x38,0xE0,0x54,0xE0,0x51,0x50,0x91,0x50,0x12,0x48,0x10,0x40,0x10,0x40,0x10,
0x40,0x11,0x00,0x11,0x00,0x11,0x00,0xFD,0xF8,0x12,0x10,0x35,0x10,0x39,0x10,0x55,0x10,0x50,0xA0,0x90,
0xA0,0x10,0x40,0x10,0xA0,0x11,0x10,0x16,0x08,0x3F,0xE0,0x22,0x20,0x22,0x20,0x3F,0xE0,0x22,0x20,0x22,
0x20,0x3F,0xE0,0x02,0x00,0xFF,0xF8,0x0A,0x80,0x12,0x40,0x22,0x20,0xC2,0x18,0x02,0x00,0x20,0x80,0x20,
0x80,0x20,0x80,0xF7,0xF0,0x20,0x80,0x20,0x80,0x77,0xE0,0x6A,0x20,0xA2,0x20,0x21,0x40,0x20,0x80,0x21,
0x40,0x22,0x20,0x2C,0x18,0x20,0x00,0x27,0xF8,0x24,0x00,0xF4,0x10,0x26,0x10,0x25,0x20,0x74,0xA0,0x6C,
0x40,0xA4,0xA0,0x25,0x10,0x26,0x10,0x24,0x00,0x24,0x00,0x27,0xF8,0x02,0x00,0x02,0x00,0xFF,0xF8,0x02,
0x00,0x7F,0xF0,0x42,0x10,0x47,0x10,0x0A,0x80,0x32,0x60,0xC0,0x18,0x07,0x00,0x00,0xC0,0x0E,0x00,0x01,
0x80,0x20,0x80,0x20,0x80,0x21,0x40,0xF9,0x40,0x22,0x20,0x24,0x10,0x73,0xE8,0x6A,0x20,0xA2,0x20,0x22,
0x20,0x22,0xC0,0x22,0x10,0x22,0x10,0x21,0xF0,0x20,0x00,0x27,0xE0,0x24,0x20,0xFC,0x20,0x26,0x60,0x25,
0x60,0x74,0xA0,0x6C,0xA0,0xA5,0x60,0x26,0x68,0x24,0x28,0x24,0x28,0x28,0x18,0x30,0x08,0x20,0x40,0x20,
0x40,0x20,0x40,0xFB,0xF8,0x20,0x40,0x20,0x40,0x70,0x40,0x6B,0xF8,0xA2,0x08,0x22,0x08,0x22,0x08,0x22,
0x08,0x23,0xF8,0x22,0x08,0x20,0x00,0xFD,0xF0,0x25,0x10,0x25,0x10,0x45,0x10,0x45,0xF0,0x98,0x00,0x02,
0x00,0xFF,0xF8,0x0A,0x80,0x12,0x40,0x22,0x20,0xC2,0x18,0x02,0x00,0x22,0x00,0x22,0x00,0x22,0x00,0xF7,
0xB8,0x22,0xA8,0x22,0xA8,0x72,0xA8,0x6A,0xA8,0xA2,0xA8,0x22,0xA8,0x22,0xA8,0x24,0xB8,0x24,0xA8,0x2B,
0x00,0x20,0x00,0x27,0xF8,0x20,0x80,0xF8,0x80,0x27,0xF8,0x24,0x88,0x74,0x88,0x6D,0x48,0xA6,0x28,0x24,
0x18,0x24,0x08,0x24,0x08,0x24,0x08,0x24,0x38,0x20,0x40,0x20,0x40,0x20,0x80,0xFB,0xF8,0x22,0x08,0x22,
0x08,0x72,0x08,0x6B,0xF8,0xA2,0x08,0x22,0x08,0x22,0x08,0x22,0x08,0x23,0xF8,0x22,0x08,0x10,0x40,0x10,
0x40,0xFF,0xF8,0x10,0x40,0x1F,0xC0,0x10,0x40,0x1F,0xC0,0x02,0x00,0xFF,0xF8,0x0A,0x80,0x12,0x40,0x22,
0x20,0xC2,0x18,0x02,0x00,0x22,0x10,0x22,0x10,0x22,0x10,0xF7,0xF8,0x22,0x10,0x22,0x10,0x72,0x10,0x6B,
0xF0,0xA2,0x10,0x22,0x10,0x22,0x10,0x22,0x10,0x23,0xF0,0x22,0x10,0x21,0x00,0x11,0x00,0x81,0x70,0x47,
0x80,0x11,0x10,0x21,0x10,0x40,0xF0,0x82,0x00,0xFF,0xF8,0x0A,0x80,0x12,0x40,0x22,0x20,0xC2,0x18,0x02,
0x00,0x21,0x00,0x11,0x00,0x47,0xE0,0x21,0x20,0x01,0x20,0x12,0x20,0x24,0x28,0x48,0x18,0x02,0x00,0xFF,
0xF8,0x0A,0x80,0x32,0x60,0xC2,0x18,0x02,0x00,0x3F,0xC0,0x08,0x80,0x05,0x00,0xFF,0xF0,0x09,0x10,0x31,
0x20,0xC7,0x00,0x00,0x00,0x02,0x00,0xFF,0xF8,0x0A,0x80,0x32,0x60,0xC2,0x18,0x02,0x00,0x10,0x00,0x13,
0xF8,0x12,0x00,0xFE,0x00,0x12,0x00,0x33,0xF0,0x3A,0x10,0x56,0x10,0x52,0x10,0x93,0xF0,0x12,0x00,0x12,
0x00,0x12,0x00,0x13,0xF8,0x21,0x00,0x21,0x00,0x21,0xF8,0xFA,0x80,0x22,0x80,0x24,0x80,0x70,0xF0,0x68,
0x80,0xA0,0x80,0x20,0x80,0x20,0xF8,0x20,0x80,0x20,0x80,0x20,0x80,0x20,0x80,0x20,0x40,0x27,0xF8,0xF4,
0x08,0x24,0x08,0x20,0x00,0x77,0xF8,0x68,0x40,0xA0,0x40,0x20,0x40,0x20,0x40,0x20,0x40,0x20,0x40,0x21,
0xC0,0x02,0x00,0x02,0x00,0xFF,0xF8,0x0A,0x80,0x12,0x40,0x22,0x20,0xC0,0x18,0x3F,0xE0,0x20,0x20,0x3F,
0xE0,0x20,0x20,0x3F,0xE0,0x00,0x00,0xFF,0xF8,0x02,0x00,0x02,0x00,0xFF,0xF8,0x02,0x00,0x7F,0xF0,0x42,
0x10,0x52,0x50,0x4A,0x90,0x7F,0xF0,0x0A,0x80,0x12,0x40,0x22,0x20,0xC2,0x18,0x02,0x00,0x20,0x00,0x27,
0xF8,0x20,0x10,0xF8,0x10,0x23,0xD0,0x22,0x50,0x72,0x50,0x6A,0x50,0xA2,0x50,0x23,0xD0,0x22,0x10,0x20,
0x10,0x20,0x10,0x20,0x70,0x21,0x00,0x20,0x80,0x20,0x00,0xF7,0xF0,0x20,0x80,0x20,0x80,0x70,0x80,0x68,
0x80,0xA7,0xF0,0x20,0x80,0x20,0x80,0x20,0x80,0x20,0x80,0x2F,0xF8,0x20,0x80,0x23,0x38,0x22,0xA8,0xFA,
0xA8,0x22,0xA8,0x22,0xA8,0x72,0xA8,0x6A,0xA8,0xA2,0xA8,0x23,0xA8,0x22,0xB8,0x20,0xA0,0x21,0x20,0x22,
0x20,0x11,0x00,0x11,0x10,0x5D,0x20,0x51,0xC0,0x51,0x08,0x5D,0x08,0xE0,0xF8,0x02,0x00,0xFF,0xF8,0x0A,
0x80,0x12,0x40,0x22,0x20,0xC2,0x18,0x02,0x00,0x20,0x80,0x20,0x40,0x20,0x00,0xFB,0xF8,0x20,0x40,0x20,
0x40,0x73,0xF8,0x6A,0x48,0xA2,0x48,0x22,0x48,0x22,0x48,0x22,0x58,0x20,0x40,0x20,0x40,0x20,0x00,0x27,
0x70,0x25,0x50,0x25,0x50,0xF5,0x50,0x25,0x50,0x2F,0xF8,0x75,0x50,0x6D,0x50,0xA5,0x50,0x25,0x50,0x25,
0x50,0x2B,0x50,0x30,0xB0,0x20,0x00,0x27,0xF0,0x20,0x00,0xF8,0x00,0x20,0x00,0x2F,0xF8,0x70,0x80,0x6A,
0xA0,0xA2,0x90,0x24,0x90,0x24,0x88,0x28,0x88,0x20,0x80,0x23,0x80,0x20,0xA0,0x20,0x90,0x20,0x80,0xF8,
0xF0,0x23,0x80,0x20,0x80,0x70,0xB8,0x6B,0xC0,0xA0,0x90,0x20,0xA0,0x20,0x48,0x20,0xA8,0x23,0x18,0x20,
0x08,0x20,0x80,0x20,0x80,0x23,0xF8,0xF9,0x00,0x21,0x40,0x22,0x40,0x72,0x40,0x6B,0xF8,0xA0,0x40,0x22,
0x50,0x22,0x48,0x24,0x48,0x20,0x40,0x21,0xC0,0x22,0x10,0x21,0x10,0x21,0x20,0xF8,0x00,0x27,0xF8,0x20,
0x00,0x70,0x00,0x68,0x00,0xA3,0xF0,0x20,0x00,0x20,0x00,0x20,0x00,0x20,0x00,0x27,0xF8,0x20,0x10,0x20,
0x10,0x2F,0x10,0xF1,0xF8,0x29,0x10,0x25,0x10,0x75,0x90,0x6A,0x50,0xA2,0x50,0x25,0x10,0x25,0x10,0x28,
0x10,0x30,0x10,0x20,0x70,0x20,0x80,0x20,0x80,0x21,0x40,0xFA,0x20,0x24,0x10,0x28,0x08,0x77,0xF0,0x68,
0x80,0xA0,0x80,0x27,0xF0,0x20,0x80,0x20,0x80,0x20,0x80,0x2F,0xF8,0x20,0x00,0x27,0xF8,0x21,0x40,0xF9,
0x40,0x27,0xF0,0x25,0x50,0x75,0x50,0x6D,0x50,0xA5,0x50,0x26,0x30,0x24,0x10,0x24,0x10,0x27,0xF0,0x24,
0x10,0xFF,0xF8,0x08,0x80,0x7F,0xF0,0x48,0x90,0x48,0x90,0x7F,0xF0,0x00,0x00,0x02,0x00,0xFF,0xF8,0x0A,
0x80,0x32,0x60,0xC2,0x18,0x02,0x00,0x10,0x80,0x10,0x40,0x13,0xF8,0xFC,0x00,0x10,0xA0,0x31,0x10,0x3A,
0x08,0x55,0x10,0x51,0x10,0x90,0xA0,0x10,0x40,0x10,0xA0,0x11,0x10,0x12,0x08,0x20,0x80,0x22,0x80,0x22,
0x80,0xFB,0xF0,0x24,0x80,0x20,0x80,0x70,0x80,0x6F,0xF8,0xA1,0xC0,0x22,0xA0,0x22,0xA0,0x24,0x90,0x28,
0x88,0x20,0x80,0x24,0x10,0x22,0x20,0x20,0x00,0xF7,0xF0,0x20,0x80,0x20,0x80,0x77,0xF0,0x68,0x80,0xA0,
0x80,0x2F,0xF8,0x20,0x80,0x20,0x80,0x20,0x80,0x20,0x80,0x21,0x00,0x20,0x80,0x27,0xF8,0xF0,0x80,0x21,
0x20,0x22,0x20,0x77,0xC0,0x68,0x90,0xA1,0x10,0x22,0x20,0x24,0x40,0x20,0xA0,0x21,0x10,0x26,0x10,0x20,
0x00,0x23,0xF0,0x22,0x10,0xFA,0x10,0x23,0xF0,0x22,0x10,0x72,0x10,0x6B,0xF0,0xA2,0x48,0x22,0x50,0x22,
0x20,0x22,0xA0,0x23,0x10,0x22,0x08,0x21,0x00,0x21,0x00,0x21,0xE0,0xFA,0x20,0x25,0x40,0x20,0x80,0x71,
0x40,0x6A,0x20,0xA4,0x18,0x23,0xE0,0x22,0x20,0x22,0x20,0x23,0xE0,0x22,0x20,0x10,0x80,0x10,0xA0,0x7C,
0x90,0x10,0x80,0xFF,0xF8,0x00,0x80,0x10,0x90,0xFE,0x90,0x10,0xA0,0x38,0xA0,0x54,0x48,0x92,0xA8,0x11,
0x18,0x12,0x08,0x20,0x80,0x20,0x80,0x27,0xF0,0xF0,0x80,0x20,0x80,0x2F,0xF8,0x70,0x00,0x68,0x80,0xA0,
0x80,0x27,0xF0,0x20,0x80,0x20,0x80,0x20,0x80,0x2F,0xF8,0x21,0x40,0x21,0x40,0x21,0x48,0xF5,0x50,0x23,
0x60,0x21,0x40,0x71,0x40,0x6B,0x60,0xA5,0x50,0x21,0x48,0x22,0x40,0x22,0x48,0x24,0x48,0x28,0x38,0x21,
0x00,0x21,0xF0,0x22,0x10,0xF4,0x20,0x23,0xF8,0x22,0x00,0x72,0xF0,0x6A,0x90,0xA2,0x90,0x22,0x90,0x22,
0xB0,0x22,0x88,0x24,0x88,0x28,0x78,0x20,0x00,0x27,0xF8,0x24,0x00,0xFD,0xF0,0x24,0x40,0x24,0x40,0x74,
0x40,0x6D,0xF0,0xA4,0x40,0x24,0x40,0x24,0x40,0x25,0xF0,0x24,0x00,0x27,0xF8,0x02,0x00,0x7F,0xF0,0x44,
0x10,0x04,0x00,0xFF,0xF8,0x18,0x80,0x07,0x00,0x78,0xE0,0x02,0x00,0xFF,0xF8,0x0A,0x80,0x32,0x60,0xC2,
0x18,0x02,0x00,0x02,0x00,0x03,0xF0,0x02,0x00,0x3F,0xE0,0x20,0x20,0x3F,0xE0,0x20,0x20,0x3F,0xE0,0x02,
0x00,0xFF,0xF8,0x0A,0x80,0x32,0x60,0xC2,0x18,0x02,0x00,0x20,0x00,0x27,0xF8,0x24,0x08,0xF4,0x08,0x25,
0xE8,0x24,0x08,0x75,0xE8,0x6D,0x28,0xA5,0x28,0x25,0x28,0x25,0xE8,0x24,0x08,0x24,0x08,0x24,0x38,0x1F,
0xC0,0x08,0x80,0x07,0x00,0x38,0xC0,0x00,0x00,0x7D,0xF0,0x24,0x90,0x18,0x60,0x65,0x90,0x02,0x00,0xFF,
0xF8,0x0A,0x80,0x32,0x60,0xC2,0x18,0x20,0x00,0x27,0xF8,0x20,0x00,0xF8,0x00,0x23,0xF0,0x22,0x10,0x72,
0x10,0x6B,0xF0,0xA2,0x10,0x22,0x10,0x23,0xF0,0x20,0x00,0x20,0x00,0x27,0xF8,0x20,0x80,0x20,0x80,0x2F,
0xF8,0xF0,0x80,0x20,0x80,0x27,0xF0,0x70,0x00,0x68,0x00,0xA7,0xF0,0x24,0x10,0x24,0x10,0x24,0x10,0x27,
0xF0,0x24,0x10,0x20,0x80,0x28,0x88,0x24,0x90,0xF2,0xA0,0x2F,0xF8,0x20,0x08,0x70,0x08,0x68,0x08,0xA7,
0xF8,0x20,0x08,0x20,0x08,0x20,0x08,0x2F,0xF8,0x20,0x08,0x20,0x70,0x23,0x80,0x20,0x80,0xF8,0x80,0x27,
0xF8,0x21,0x20,0x72,0x10,0x6C,0x08,0xA1,0x20,0x21,0x20,0x21,0x20,0x21,0x20,0x22,0x20,0x24,0x20,0x21,
0x40,0x21,0x48,0x22,0x50,0xF6,0x60,0x2A,0xC0,0x23,0x48,0x72,0x48,0x6A,0xB8,0xA0,0x80,0x27,0xF8,0x20,
0x80,0x20,0x80,0x20,0x80,0x20,0x80,0x08,0x80,0x48,0x80,0x28,0xF0,0x09,0x10,0x1A,0xA0,0x28,0x40,0xC8,
0x80,0x0B,0x00,0x02,0x00,0xFF,0xF8,0x0A,0x80,0x32,0x60,0xC2,0x18,0x02,0x00,0x20,0x80,0x20,0x40,0x27,
0xF8,0xF4,0x00,0x24,0x40,0x24,0x40,0x74,0x40,0x6D,0xF0,0xA4,0x40,0x24,0x40,0x24,0x40,0x28,0x40,0x28,
0x40,0x33,0xF8,0x20,0x00,0x27,0xF0,0x22,0x20,0xF1,0x40,0x27,0xF8,0x24,0x88,0x74,0x88,0x6F,0xF8,0xA4,
0x88,0x24,0x88,0x27,0xF8,0x24,0x88,0x24,0x88,0x24,0x38,0x4F,0xE0,0x21,0x20,0x85,0x30,0x45,0x28,0x09,
0x28,0x22,0x20,0x44,0x20,0x88,0xC0,0x02,0x00,0xFF,0xF8,0x0A,0x80,0x32,0x60,0xC2,0x18,0x02,0x00,0x22,
0x00,0x22,0x00,0x23,0xF8,0xF4,0x00,0x2B,0xF0,0x22,0x90,0x72,0x50,0x6F,0xF8,0xA2,0x10,0x24,0x90,0x24,
0x50,0x27,0xF8,0x20,0x10,0x20,0x60,0x22,0x00,0x22,0x78,0x2F,0x48,0xF2,0x48,0x22,0x48,0x27,0x50,0x72,
0x50,0x6A,0x48,0xAF,0x48,0x22,0x48,0x22,0x48,0x22,0x70,0x24,0x40,0x28,0x40,0x20,0x00,0x2F,0xF8,0x20,
0x80,0xF7,0xF0,0x24,0x90,0x24,0x90,0x77,0xF0,0x6C,0x90,0xA4,0x90,0x27,0xF0,0x22,0x80,0x21,0x00,0x22,
0xC0,0x2C,0x38,0x20,0x40,0x22,0x48,0x21,0x50,0xF8,0x40,0x23,0xF8,0x22,0x08,0x72,0x08,0x6B,0xF8,0xA2,
0x08,0x22,0x08,0x23,0xF8,0x22,0x08,0x22,0x08,0x22,0x38,0x10,0x40,0x10,0x40,0xFD,0xF8,0x10,0x40,0x38,
0xE0,0x55,0x50,0x90,0x48,0x04,0x00,0x0F,0xE0,0x18,0x40,0x64,0x80,0x03,0x00,0x0C,0x00,0x70,0x00,0x20,
0x00,0x27,0xF8,0x20,0x80,0x20,0x80,0xF3,0xF0,0x21,0x10,0x21,0x10,0x77,0xF8,0x68,0x00,0xA3,0xF0,0x22,
0x10,0x22,0x10,0x23,0xF0,0x22,0x10,0x0C,0x10,0x70,0x90,0x10,0x90,0xFE,0x90,0x38,0x90,0x54,0x10,0x92,
0x10,0x10,0x70,0x02,0x00,0xFF,0xF8,0x0A,0x80,0x32,0x60,0xC2,0x18,0x02,0x00,0x20,0x80,0x21,0x00,0x22,
0x20,0xF7,0xF0,0x20,0x10,0x22,0x20,0x74,0x10,0x69,0x08,0xA1,0xE0,0x22,0x20,0x25,0x40,0x20,0x80,0x23,
0x60,0x2C,0x18,0x22,0x20,0x21,0x40,0x27,0xF0,0xF0,0x90,0x20,0x90,0x27,0xF0,0x74,0x80,0x6C,0x80,0xA7,
0xF8,0x21,0x88,0x22,0x88,0x24,0x88,0x28,0xB0,0x20,0x80,0x20,0x50,0x20,0x48,0x20,0x40,0xF7,0xF8,0x20,
0x40,0x25,0x50,0x75,0x50,0x6F,0xD0,0xA5,0x50,0x25,0x20,0x25,0x28,0x25,0x28,0x29,0x58,0x20,0x88,0x20,
0x80,0x20,0x40,0x27,0xF8,0xF0,0x80,0x21,0x20,0x22,0x10,0x77,0xF8,0x68,0x08,0xA2,0xA0,0x22,0xA0,0x22,
0xA0,0x22,0xA0,0x24,0xA8,0x28,0x18,0x20,0x80,0x20,0x80,0x21,0x40,0xF2,0x20,0x24,0x10,0x2B,0xE8,0x70,
0x00,0x69,0x10,0xA0,0x90,0x24,0x90,0x22,0x20,0x22,0x20,0x20,0x40,0x2F,0xF8,0x10,0x40,0x10,0x80,0x11,
0xF0,0xFD,0x10,0x11,0xF0,0x31,0x10,0x39,0xF0,0x54,0x40,0x53,0xF8,0x92,0x48,0x12,0x48,0x12,0x48,0x12,
0x58,0x10,0x40,0x22,0x20,0x22,0x20,0x27,0xF0,0xFA,0x20,0x22,0x20,0x23,0xE0,0x72,0x20,0x6B,0xE0,0xA2,
0x20,0x22,0x20,0x2F,0xF8,0x22,0x20,0x22,0x10,0x24,0x10,0x20,0x00,0x27,0xF0,0x24,0x10,0xF7,0xF0,0x24,
0x10,0x27,0xF0,0x70,0x00,0x6C,0x48,0xA4,0x50,0x27,0x60,0x24,0x40,0x25,0x48,0x26,0x48,0x24,0x38,0x20,
0x80,0x27,0xF0,0x20,0x80,0xF3,0xE0,0x21,0x00,0x27,0xF8,0x72,0x20,0x6C,0x90,0xAB,0xE8,0x20,0x80,0x20,
0x80,0x27,0xF0,0x20,0x80,0x20,0x80,0x20,0x80,0x20,0x40,0x27,0xF8,0xF4,0x08,0x20,0x00,0x23,0xF0,0x70,
0x00,0x68,0x00,0xA7,0xF8,0x20,0x40,0x22,0x50,0x24,0x48,0x28,0x48,0x21,0xC0,0x10,0x40,0x10,0x40,0xFD,
0xF8,0x10,0x40,0x7D,0xF0,0x55,0x50,0x55,0x50,0x5D,0x70,0x10,0x40,0x38,0xE0,0x55,0x50,0x90,0x48,0x10,
0x40,0x10,0x40,0x20,0x00,0x27,0x70,0x25,0x50,0xF5,0x50,0x25,0x50,0x27,0x70,0x75,0x50,0x6D,0x50,0xA7,
0x70,0x25,0x50,0x25,0x50,0x25,0x50,0x25,0x50,0x2B,0xB0,0x02,0x00,0x22,0x20,0x12,0x40,0xFF,0xF8,0x80,
0x08,0x1F,0xC0,0x10,0x40,0x1F,0xC0,0x02,0x00,0xFF,0xF8,0x0A,0x80,0x32,0x60,0xC2,0x18,0x02,0x00,0x02,
0x00,0x02,0x00,0xFF,0xF8,0x0A,0x80,0x12,0x40,0x22,0x20,0xC0,0x18,0x10,0x40,0xFD,0xF8,0x10,0x40,0x38,
0xE0,0x35,0x60,0x52,0x50,0x90,0x48,0x20,0x80,0x20,0x80,0x27,0xF0,0xF0,0x80,0x20,0x80,0x2F,0xF8,0x72,
0x20,0x6D,0x10,0xA9,0xE8,0x22,0x20,0x25,0x40,0x20,0x80,0x23,0x60,0x2C,0x18,0x20,0x00,0x27,0xF0,0x24,
0x90,0xF7,0xF0,0x24,0x90,0x27,0xF0,0x70,0x80,0x6F,0xF8,0xA0,0x80,0x21,0xC0,0x22,0xA0,0x24,0x90,0x28,
0x88,0x20,0x80,0x21,0x00,0x20,0x80,0x2F,0xF8,0xF8,0x08,0x27,0xE0,0x24,0x20,0x74,0x20,0x6F,0xE0,0xA4,
0x00,0x27,0xF0,0x24,0x10,0x24,0x10,0x27,0xF0,0x24,0x10,0x20,0x80,0x23,0xF0,0x20,0x80,0xF9,0x40,0x22,
0x20,0x27,0xF8,0x70,0x10,0x6B,0xD0,0xA2,0x50,0x22,0x50,0x23,0xD0,0x22,0x10,0x20,0x10,0x20,0x70,0x20,
0x80,0x20,0x80,0x2F,0xF8,0xF0,0x80,0x27,0xF0,0x24,0x10,0x77,0xF0,0x6C,0x10,0xA7,0xF0,0x24,0x10,0x27,
0xF0,0x24,0x10,0x24,0x10,0x2F,0xF8,0x21,0x40,0x21,0x20,0x22,0x00,0xFB,0xF8,0x26,0x40,0x2A,0x40,0x73,
0xF0,0x6A,0x40,0xA2,0x40,0x23,0xF0,0x22,0x40,0x22,0x40,0x23,0xF8,0x22,0x00,0x22,0x00,0x22,0x70,0x23,
0x50,0xF2,0x50,0x22,0x50,0x2F,0xD0,0x70,0x50,0x6A,0x50,0xAB,0x20,0x2A,0xA0,0x32,0xA0,0x22,0x50,0x22,
0x50,0x2E,0x88,0x20,0x20,0x27,0x20,0x25,0xF8,0xF5,0x20,0x26,0x78,0x26,0x48,0x75,0xC8,0x6D,0x78,0xA5,
0x48,0x26,0x48,0x24,0x78,0x24,0x48,0x24,0x48,0x24,0x58,0x20,0x00,0x2F,0xF8,0x25,0x48,0xF5,0x48,0x27,
0x48,0x25,0x50,0x75,0x50,0x6F,0x48,0xA5,0x48,0x25,0xC8,0x2F,0x48,0x21,0x70,0x21,0x40,0x21,0x40,0x21,
0x00,0x21,0xE0,0x22,0x20,0xFB,0xC0,0x20,0x40,0x27,0xF8,0x71,0x00,0x6A,0x88,0xA5,0x50,0x22,0xE0,0x25,
0x50,0x22,0x50,0x24,0x48,0x21,0x80,0x20,0x80,0x27,0xF0,0x20,0x80,0xFB,0xE0,0x21,0x00,0x27,0xF8,0x72,
0x20,0x6C,0x10,0xAB,0xE8,0x22,0x20,0x23,0xE0,0x22,0x20,0x23,0xE0,0x22,0x20,0x22,0x00,0x22,0xF0,0x27,
0x50,0xF2,0x50,0x27,0x50,0x22,0x50,0x77,0x50,0x6A,0xB0,0xA0,0x80,0x27,0xF8,0x20,0x80,0x21,0x40,0x22,
0x20,0x2C,0x18,0x10,0x40,0xFD,0xF8,0x10,0x40,0x38,0xE0,0x55,0x50,0x90,0x48,0x00,0x00,0x7F,0xF0,0x02,
0x10,0x22,0x00,0x23,0xE0,0x22,0x00,0x52,0x00,0x8F,0xF8,0x20,0x00,0x27,0xF0,0x25,0x50,0xF5,0x50,0x27,
0xF0,0x21,0x00,0x70,0x80,0x6F,0xF8,0xA2,0x00,0x23,0xF0,0x22,0x10,0x24,0x10,0x28,0x10,0x30,0x60,0x24,
0x48,0x24,0x50,0x27,0x60,0xF4,0x40,0x25,0x48,0x26,0x48,0x74,0x38,0x69,0x00,0xA7,0xF0,0x24,0x10,0x27,
0xF0,0x24,0x10,0x27,0xF0,0x24,0x10,0x20,0x80,0x24,0x90,0x22,0xA0,0xF7,0xF8,0x22,0xA0,0x24,0x90,0x70,
0x08,0x68,0x80,0xA7,0xF8,0x21,0x20,0x23,0x20,0x20,0xC0,0x21,0x20,0x26,0x10,0x20,0x00,0x2E,0xF8,0x2A,
0x20,0xFA,0x20,0x2E,0xA0,0x2A,0xA0,0x7A,0xF8,0x6E,0x40,0xAC,0x40,0x2A,0x60,0x2A,0xA0,0x2E,0xA0,0x29,
0x28,0x22,0x18,0x21,0x40,0x25,0x40,0x25,0x78,0xF5,0xA0,0x25,0x10,0x20,0x00,0x77,0xF0,0x6C,0x10,0xA4,
0x90,0x24,0x90,0x25,0x50,0x21,0x40,0x22,0x48,0x24,0x38,0x20,0x80,0x21,0x40,0x22,0x20,0xF4,0x10,0x2B,
0xE8,0x20,0x00,0x77,0x88,0x6C,0xA8,0xA7,0xA8,0x24,0xA8,0x27,0xA8,0x24,0xA8,0x24,0x88,0x25,0xB8,0x22,
0x00,0x21,0x38,0x27,0xA8,0xF4,0xA8,0x24,0xA8,0x27,0xB0,0x74,0xB0,0x6C,0xA8,0xA7,0xA8,0x24,0x28,0x26,
0x28,0x25,0x30,0x26,0xA0,0x24,0x20,0x21,0x00,0x20,0x80,0x27,0xF0,0xF4,0x10,0x21,0x40,0x22,0x20,0x74,
0x90,0x69,0x40,0xA2,0x20,0x27,0xF0,0x2A,0x28,0x22,0x20,0x23,0xE0,0x22,0x20,0x20,0x80,0x20,0x40,0x27,
0xF8,0xFA,0x10,0x21,0x20,0x27,0xF8,0x74,0x88,0x68,0x40,0xA7,0xF8,0x21,0x00,0x21,0xF0,0x21,0x10,0x22,
0x10,0x24,0x60,0x20,0x80,0x20,0x40,0x27,0xF8,0xF5,0x28,0x22,0x10,0x25,0x08,0x71,0xF8,0x6A,0x80,0xA2,
0xF0,0x24,0x80,0x20,0xF8,0x20,0x80,0x20,0x80,0x20,0x80,0x22,0x00,0x2C,0xF8,0x28,0x48,0xFA,0x48,0x2B,
0x48,0x2C,0x88,0x79,0x30,0x68,0x00,0xA7,0xF0,0x24,0x90,0x27,0xF0,0x24,0x90,0x27,0xF0,0x24,0x10,0x20,
0x80,0x20,0x80,0x27,0xF8,0xF5,0x08,0x21,0x40,0x22,0x20,0x77,0xF8,0x6A,0x40,0xA3,0xF0,0x22,0x40,0x23,
0xF0,0x22,0x40,0x23,0xF8,0x22,0x00,0x20,0x80,0x21,0x00,0x27,0xF0,0xF4,0x90,0x24,0x90,0x27,0xF0,0x74,
0x90,0x6D,0x10,0xA7,0xF0,0x21,0xA0,0x22,0xD0,0x22,0xF8,0x24,0x88,0x28,0x78,0x21,0x20,0x25,0x20,0x25,
0x38,0xF5,0x40,0x25,0xA0,0x25,0x10,0x71,0x10,0x68,0x00,0xA7,0xF0,0x25,0x50,0x25,0x50,0x25,0x50,0x25,
0x50,0x2F,0xF8,0x21,0x20,0x27,0xF8,0x21,0x20,0xF7,0xF8,0x25,0x28,0x27,0xF8,0x75,0x28,0x6F,0xF8,0xA0,
0x00,0x23,0xF0,0x22,0x10,0x23,0xF0,0x22,0x10,0x23,0xF0,0x20,0x20,0x25,0x20,0xF2,0x78,0x25,0x20,0x75,
0x70,0xAA,0xA8,0x25,0x20,0x20,0x20,0x02,0x00,0xFF,0xF8,0x05,0x00,0x08,0x80,0x30,0x60,0xC0,0x18,0x20,
0x80,0x27,0xF0,0x22,0x20,0xF7,0xF8,0x20,0x00,0x27,0xF0,0x74,0x10,0x6F,0xF0,0xA4,0x10,0x27,0xF0,0x20,
0x80,0x2F,0xF8,0x20,0x80,0x20,0x80,0x22,0x20,0x22,0x20,0x27,0xF8,0xF2,0x20,0x27,0xF0,0x24,0x10,0x77,
0xF0,0x6C,0x10,0xA7,0xF0,0x20,0x80,0x2F,0xF8,0x21,0x40,0x22,0x20,0x2C,0x18,0x22,0x20,0x22,0x20,0x27,
0xF0,0xF2,0x20,0x2F,0xF8,0x20,0x80,0x77,0xF0,0x6C,0x90,0xA7,0xF0,0x24,0x90,0x27,0xF0,0x20,0x00,0x22,
0x20,0x24,0x10,0x20,0x00,0x2F,0xF8,0x28,0x88,0xFA,0xA8,0x2A,0xA8,0x2A,0xA8,0x75,0x50,0x68,0x88,0xA1,
0x00,0x2F,0xF8,0x22,0x20,0x26,0x40,0x21,0xC0,0x2E,0x38,0x20,0x20,0x27,0x20,0x21,0x40,0xF2,0x78,0x2F,
0x90,0x25,0x50,0x77,0x50,0x6D,0x50,0xA7,0x50,0x25,0x20,0x25,0xA0,0x2F,0x50,0x21,0x50,0x21,0x88,0x20,
0xF0,0x27,0x80,0x20,0xE0,0xF7,0x80,0x20,0xF0,0x67,0x88,0x70,0x78,0xA9,0x20,0xA6,0x38,0x23,0x60,0x26,
0x38,0x23,0x60,0x26,0x28,0x23,0x18,0x23,0xF0,0x20,0xA0,0x20,0x40,0xF7,0xF8,0x21,0x48,0x22,0x50,0x70,
0xC0,0x6F,0xF8,0xA5,0x28,0x26,0x18,0x25,0xE8,0x25,0x28,0x25,0xE8,0x24,0x18,0x20,0x40,0x27,0x50,0x21,
0x20,0xF5,0x28,0x22,0x10,0x24,0x10,0x7B,0xE8,0x68,0x00,0xA7,0xF0,0x24,0x10,0x27,0xF0,0x22,0x20,0x21,
0x40,0x2F,0xF8,0x21,0x00,0x23,0xE0,0x24,0x40,0x2F,0xF0,0xF4,0x90,0x27,0xF0,0x21,0x00,0x72,0x88,0x6D,
0x50,0xA2,0xE0,0x25,0x60,0x22,0x50,0x2C,0x48,0x21,0x80,0x20,0x00,0x27,0xF8,0x24,0x00,0xF5,0xD0,0x24,
0x38,0x25,0xD0,0x75,0x50,0x6D,0x70,0xA5,0xD0,0x24,0x10,0x25,0x50,0x24,0x90,0x28,0xD0,0x33,0x30,0x20,
0x80,0x27,0xF8,0x20,0x00,0xF7,0xF0,0x25,0x50,0x25,0xD0,0x74,0x10,0x6F,0xF0,0xA2,0x20,0x23,0xE0,0x22,
0x20,0x23,0xE0,0x20,0x00,0x2F,0xF8,0x22,0x40,0x27,0x40,0x25,0x40,0xF7,0x78,0x25,0x90,0x27,0x50,0x72,
0x50,0x6F,0x50,0xA4,0x50,0x27,0x20,0x25,0x20,0x25,0x50,0x25,0x50,0x2B,0x88,0x21,0x00,0x23,0xF0,0x24,
0x20,0xF7,0xF8,0x25,0x50,0x26,0xE8,0x74,0x00,0x6D,0xF0,0xA4,0x00,0x25,0xF0,0x24,0x00,0x25,0xF0,0x25,
0x10,0x29,0xF0,0x21,0x20,0x27,0xF8,0x21,0x20,0xF7,0xF8,0x24,0x08,0x21,0xE0,0x70,0x00,0x6F,0xF8,0xA1,
0x00,0x26,0x90,0x21,0x60,0x26,0xD0,0x21,0x50,0x26,0xC8,0x10,0x00,0x10,0x00,0x10,0x00,0x3F,0xF0,0x20,
0x10,0x42,0x20,0x82,0x40,0x02,0x00,0x05,0x00,0x05,0x00,0x08,0x80,0x10,0x40,0x20,0x20,0xC0,0x18,0x02,
0x00,0x42,0x00,0x22,0x00,0x23,0xF8,0x04,0x08,0x04,0x10,0x08,0x80,0x20,0x80,0x20,0x80,0x41,0x40,0x41,
0x40,0x82,0x20,0x84,0x10,0x08,0x08,0x00,0x80,0x00,0x80,0x7C,0x80,0x05,0xF8,0x05,0x08,0x4A,0x50,0x28,
0x40,0x10,0x40,0x18,0x40,0x28,0x40,0x24,0xA0,0x44,0xA0,0x81,0x10,0x02,0x08,0x00,0x40,0x0C,0x40,0x70,
0x40,0x40,0xF8,0x40,0x88,0x7D,0x10,0x48,0x40,0x48,0x40,0x48,0x40,0x48,0x40,0x48,0xA0,0x48,0xA0,0x89,
0x10,0x0A,0x08,0x00,0x80,0xFC,0x80,0x80,0x80,0x81,0xF8,0xC9,0x08,0xAA,0x50,0xA8,0x40,0x90,0x40,0x90,
0x40,0xA8,0x40,0xA8,0xA0,0xC8,0xA0,0x81,0x10,0xFE,0x08,0x28,0x40,0x24,0x40,0x42,0x40,0x90,0xF8,0x10,
0x88,0x29,0x10,0x44,0x40,0x82,0x40,0x7C,0x40,0x44,0x40,0x44,0xA0,0x44,0xA0,0x7D,0x10,0x46,0x08,0x44,
0x40,0x44,0x40,0xFE,0x40,0x44,0xF8,0x44,0x88,0x7D,0x10,0x44,0x40,0x7C,0x40,0x44,0x40,0x44,0x40,0xFE,
0xA0,0x00,0xA0,0x45,0x10,0x82,0x08,0x10,0x40,0x10,0x40,0xFE,0x40,0x10,0xF8,0x7C,0x88,0x01,0x10,0x7C,
0x40,0x00,0x40,0xFE,0x40,0x10,0x40,0x54,0xA0,0x92,0xA0,0x11,0x10,0x72,0x08,0x00,0x40,0xFC,0x40,0x84,
0x40,0xFC,0x78,0x84,0x48,0xFC,0x90,0x40,0x20,0xFE,0x20,0x12,0x20,0xAA,0x20,0x82,0x50,0xFA,0x50,0x02,
0x50,0x0C,0x88,0x44,0x40,0x28,0x40,0xFF,0x40,0x28,0x78,0xFE,0x48,0x2A,0x90,0xFF,0x20,0x2A,0x20,0xFE,
0x20,0x6C,0x20,0x6A,0x50,0xA9,0x50,0x28,0x50,0x28,0x88,0x00,0x40,0xFF,0x40,0x02,0x40,0x7A,0x78,0x4A,
0x48,0x7A,0x90,0x00,0x20,0xFF,0x20,0x02,0x20,0x7A,0x20,0x4A,0x50,0x7A,0x50,0x42,0x50,0x0E,0x88,0x01,
0x00,0x01,0x00,0x01,0x00,0x11,0x00,0x11,0x00,0x11,0xF0,0x11,0x00,0x11,0x00,0x11,0x00,0x11,0x00,0x11,
0x00,0x11,0x00,0x11,0x00,0xFF,0xF8,0x7F,0xF0,0x02,0x00,0x02,0x00,0x02,0x00,0x22,0x00,0x22,0x00,0x23,
0xE0,0x22,0x00,0x22,0x00,0x22,0x00,0x22,0x00,0x22,0x00,0xFF,0xF8,0x08,0x80,0x08,0x80,0x08,0x80,0x48,
0x90,0x48,0x90,0x4E,0xA0,0x48,0xC0,0x48,0x80,0x48,0x80,0x48,0x80,0x48,0x80,0x4E,0x88,0xF0,0x88,0x00,
0x78,0x02,0x00,0x22,0x00,0x23,0xF0,0x22,0x00,0x22,0x00,0xFF,0xF8,0x00,0x00,0x12,0x00,0x22,0x20,0x42,
0x40,0x02,0x80,0x03,0x00,0x1C,0x00,0xE0,0x00,0x00,0xA0,0x7E,0x90,0x00,0x90,0x00,0x80,0xFF,0xF8,0x08,
0x80,0x08,0x80,0x4E,0x80,0x48,0x80,0x48,0x40,0x48,0x48,0x4F,0x28,0xF0,0x18,0x00,0x08,0x10,0x40,0x10,
0x40,0x10,0x40,0x53,0xF8,0x5C,0x40,0x50,0x40,0x53,0xF0,0x51,0x10,0x51,0x10,0x50,0xA0,0x50,0x40,0x5C,
0xA0,0xE1,0x10,0x06,0x08,0x7F,0xF0,0x06,0x00,0x0A,0xC0,0x32,0x30,0xC2,0x08,0x00,0x00,0x7F,0xF0,0x02,
0x00,0x02,0x00,0x13,0xE0,0x12,0x00,0x12,0x00,0xFF,0xF8,0xFF,0xF8,0x04,0x00,0x08,0x00,0x1F,0xF0,0x20,
0x10,0x48,0x20,0x04,0x20,0x02,0x40,0x02,0x80,0x01,0x00,0x06,0x00,0x18,0x00,0xE0,0x00,0xFF,0xF8,0x21,
0x00,0x21,0x00,0x3D,0x00,0x45,0x10,0x45,0x20,0xA5,0x40,0x19,0x80,0x09,0x00,0x11,0x00,0x21,0x08,0x41,
0x08,0x80,0xF8,0x00,0x70,0xFB,0xC0,0x20,0x40,0x20,0x40,0x38,0x40,0x48,0x40,0x4B,0xF8,0x48,0x40,0xA8,
0x40,0x10,0x40,0x10,0x40,0x20,0x40,0x40,0x40,0x80,0x40,0x00,0x80,0xF0,0x80,0x40,0x80,0x47,0xF0,0x74,
0x90,0x54,0x90,0x54,0x90,0xB4,0x90,0x1F,0xF8,0x11,0x40,0x21,0x40,0x22,0x20,0x44,0x10,0x88,0x08,0x00,
0x80,0x00,0x80,0xF9,0x20,0x22,0x10,0x27,0xF8,0x38,0x08,0x48,0x00,0x4B,0xF0,0xAA,0x10,0x12,0x10,0x12,
0x10,0x22,0x10,0x43,0xF0,0x82,0x10,0x01,0x00,0x01,0x00,0xFB,0xF8,0x24,0x08,0x23,0xE8,0x3A,0x28,0x4A,
0x28,0x4B,0xE8,0xAA,0x28,0x12,0x28,0x13,0xE8,0x22,0x08,0x40,0x08,0x80,0x30,0x00,0x80,0xF2,0x80,0x42,
0x80,0x43,0xF0,0x74,0x80,0x50,0x80,0x50,0x80,0xB7,0xF8,0x11,0xC0,0x12,0xA0,0x22,0xA0,0x24,0x90,0x48,
0x88,0x80,0x80,0x00,0xA0,0xF8,0x90,0x20,0x80,0x20,0xF0,0x3B,0x80,0x48,0x80,0x48,0xF0,0x4B,0x80,0xA8,
0x90,0x10,0xA0,0x10,0x48,0x21,0xA8,0x4E,0x18,0x80,0x08,0x00,0x80,0x00,0x80,0xFB,0xF0,0x20,0x80,0x23,
0xF0,0x3A,0x10,0x4B,0xF0,0x4A,0x10,0xAB,0xF0,0x12,0x10,0x13,0xF0,0x22,0x10,0x42,0x10,0x87,0xF8,0xF9,
0xE0,0x81,0x20,0x81,0x20,0xC9,0x20,0xAA,0x18,0xA8,0x00,0x93,0xF0,0x91,0x10,0xA9,0x10,0xA8,0xA0,0xC8,
0x40,0x80,0xA0,0xFB,0x18,0x04,0x00,0x79,0xE0,0x41,0x20,0x41,0x20,0x79,0x20,0x42,0x18,0x40,0x00,0x7B,
0xF0,0x41,0x10,0x41,0x10,0x5C,0xA0,0xE0,0x40,0x40,0xA0,0x43,0x18,0x04,0x00,0x78,0xF0,0x40,0x90,0x7C,
0x90,0x44,0x90,0x7D,0x08,0x44,0x00,0x7D,0xF0,0x40,0x90,0x7C,0x90,0x44,0xA0,0x44,0x40,0x44,0xA0,0x99,
0x18,0x7E,0xF0,0x42,0x90,0x42,0x90,0x7E,0x90,0x55,0x08,0x54,0x00,0x7F,0xF0,0x54,0x90,0x54,0x90,0x7E,
0xA0,0x40,0x40,0x94,0xA0,0x23,0x18,0x20,0x00,0xCE,0xF0,0x82,0x90,0xEE,0x90,0x82,0x90,0x83,0x08,0xFE,
0x00,0x01,0xF0,0x7C,0x90,0x10,0x90,0x10,0xA0,0x1E,0x40,0xF0,0xA0,0x01,0x18,0x10,0x00,0xFE,0xF0,0x44,
0x90,0x28,0x90,0xFE,0x90,0x21,0x08,0x52,0x00,0x9D,0xF0,0x28,0x90,0xDC,0x90,0x2A,0xA0,0xCA,0x40,0x08,
0xA0,0x31,0x18,0x1F,0xE0,0x11,0x20,0x11,0x20,0x11,0x20,0xFF,0xF8,0x22,0x20,0x22,0x20,0x24,0x20,0x24,
0x20,0x3F,0xF8,0x08,0x20,0x10,0x20,0x20,0xC0,0x1F,0xE0,0x12,0x20,0x11,0x20,0x10,0x20,0xFF,0xF8,0x20,
0x20,0x24,0x20,0x22,0x20,0x20,0x20,0x3F,0xF8,0x00,0x20,0x00,0x20,0x00,0xC0,0x20,0x00,0x20,0x00,0x3F,
0xF0,0x40,0x00,0xBF,0xE0,0x24,0x20,0x22,0x20,0xFF,0xF8,0x20,0x20,0x44,0x20,0x42,0x20,0x7F,0xF0,0x00,
0x20,0x00,0xC0,0x02,0x00,0x7F,0xF0,0x02,0x00,0x3F,0xE0,0x02,0x00,0xFF,0xF8,0x00,0x00,0x3F,0xE0,0x24,
0x20,0xFF,0xF8,0x41,0x20,0x7F,0xF0,0x00,0x20,0x01,0xC0,0x02,0x00,0x82,0x00,0x82,0x00,0x82,0x20,0x82,
0x40,0xFA,0x80,0x83,0x00,0x82,0x00,0x82,0x00,0x82,0x00,0x92,0x00,0xA2,0x10,0xC2,0x10,0x81,0xF0,0x41,
0x00,0x41,0x10,0x7D,0x20,0x41,0xC0,0x41,0x08,0x4D,0x08,0x70,0xF8,0x02,0x00,0x02,0x00,0xFF,0xF8,0x02,
0x00,0x02,0x00,0x02,0x00,0x02,0x00,0x41,0x00,0x41,0x30,0x7D,0xC0,0x41,0x08,0x4D,0x08,0x70,0xF8,0x02,
0x00,0x01,0x40,0x09,0x40,0x48,0x90,0x49,0x08,0x8A,0x48,0x0C,0x40,0x77,0xC0,0x00,0x40,0xFA,0x40,0xAA,
0x40,0xAA,0x48,0xAA,0x48,0xFB,0xD0,0xAA,0x60,0xAA,0x40,0xAA,0x40,0xAA,0x40,0xFA,0x40,0x8A,0xC8,0x03,
0x48,0x02,0x38,0x41,0x00,0x41,0x30,0x7D,0xC0,0x41,0x08,0x4D,0x08,0x70,0xF8,0x00,0x00,0xFF,0xF8,0x11,
0x00,0x3D,0x30,0x45,0xC0,0xA9,0x08,0x11,0x08,0x60,0xF8,0x01,0xE0,0x7E,0x00,0x04,0x00,0x04,0x00,0x07,
0xE0,0x7C,0x00,0x04,0x00,0x04,0x00,0x07,0xF8,0xFC,0x00,0x04,0x00,0x04,0x08,0x04,0x08,0x03,0xF8,0x00,
0x80,0x18,0x80,0xE0,0x80,0x20,0xF8,0x20,0x80,0x38,0x80,0xE3,0xF0,0x22,0x10,0x22,0x10,0x3A,0x10,0xE3,
0xF0,0x20,0x00,0x20,0x08,0x1F,0xF8,0x02,0x00,0x7F,0xF0,0x00,0x00,0x1F,0xC0,0x10,0x40,0xFF,0xF8,0x80,
0x08,0x01,0xE0,0x7E,0x00,0x03,0xC0,0x3E,0x00,0x03,0xE0,0x7E,0x08,0x01,0xF8,0x00,0x80,0x1A,0x90,0xE2,
0xA0,0x24,0x80,0x21,0x40,0x32,0x20,0xE4,0x10,0x20,0x80,0x32,0x90,0xE2,0xA0,0x24,0x80,0x21,0x40,0x22,
0x28,0x1F,0xF8,0x01,0xE0,0xFE,0x00,0x82,0x00,0x82,0x00,0x82,0x00,0xFF,0xF0,0x82,0x00,0x82,0x00,0x81,
0x00,0x81,0x00,0x80,0x90,0xA0,0x50,0xC0,0x30,0x80,0x10,0xFF,0xE0,0x80,0x20,0x80,0x20,0xFF,0xE0,0x82,
0x00,0x82,0x00,0x82,0x00,0xFF,0xF0,0x81,0x00,0x81,0x00,0x80,0x90,0xA0,0x50,0xC0,0x30,0x80,0x10,0x43,
0xF8,0x22,0x08,0x02,0x08,0xFB,0xF8,0x42,0x40,0x42,0x40,0x42,0x40,0x43,0xF8,0x42,0x40,0x42,0x40,0x42,
0x28,0x7A,0xA8,0x03,0x18,0x02,0x08,0x20,0x00,0x20,0x00,0x3F,0xF8,0x40,0x00,0x9F,0xE0,0x00,0x00,0x7F,
0xE0,0x00,0x20,0x00,0x20,0x00,0x20,0x00,0x20,0x00,0x28,0x00,0x18,0x00,0x08,0x20,0x00,0x3F,0xF8,0x40,
0x00,0x9F,0xE0,0x00,0x00,0x7F,0xE0,0x00,0x20,0x7F,0x20,0x11,0x20,0x12,0x20,0x27,0xA0,0x20,0xA8,0x40,
0x98,0x83,0x08,0x20,0x00,0x3F,0xF8,0x40,0x00,0x9F,0xE0,0x00,0x00,0x7F,0xE0,0x12,0x20,0x21,0x20,0x40,
0xA0,0xBF,0x60,0x11,0x20,0x11,0x28,0x21,0x18,0x46,0x08,0x20,0x00,0x3F,0xF8,0x40,0x00,0x9F,0xE0,0x00,
0x00,0x7F,0xE0,0x12,0x20,0x7F,0xA0,0x12,0xA0,0x7F,0xA0,0x52,0x20,0x7F,0xE8,0x22,0x58,0x42,0xC8,0x20,
0x00,0x3F,0xF8,0x40,0x00,0x9F,0xE0,0x00,0x00,0x7F,0xE0,0x00,0x20,0x3E,0x20,0x0C,0x20,0x33,0x20,0xC0,
0xE0,0x1F,0x28,0x04,0x18,0x7F,0x88,0x20,0x00,0x3F,0xF8,0x40,0x00,0x9F,0xE0,0x00,0x00,0x7F,0xE0,0x04,
0x20,0x7F,0xA0,0x11,0x20,0x3E,0x20,0x18,0xA0,0xE3,0x28,0x0C,0x98,0x70,0x48,0x20,0x00,0x3F,0xF8,0x40,
0x00,0x9F,0xE0,0x00,0x00,0x7F,0xE0,0x22,0x20,0x7F,0x20,0x08,0x20,0x7F,0x20,0x08,0x20,0xFF,0xA8,0x08,
0x18,0x08,0x08,0x20,0x00,0x3F,0xF8,0x40,0x00,0x9F,0xE0,0x00,0x00,0x7F,0xE0,0x04,0x20,0x7F,0xA0,0x40,
0xA0,0x08,0x20,0xFF,0xE0,0x31,0x28,0x0E,0x18,0x71,0x08,0x20,0x00,0x3F,0xF8,0x40,0x00,0x9F,0xE0,0x00,
0x00,0x7F,0xE0,0x28,0xA0,0x49,0x20,0x16,0x20,0x61,0x20,0x28,0xA0,0x49,0x28,0x16,0x18,0x61,0x08,0x3F,
0xF0,0x40,0x00,0xBF,0xE0,0x00,0x00,0x7F,0xE0,0x00,0x20,0x3F,0x20,0x01,0x20,0x3F,0x20,0x01,0x20,0xFF,
0xE0,0x24,0xA8,0x15,0x18,0x2C,0x88,0x20,0x00,0x3F,0xF0,0x40,0x00,0xBF,0xE0,0x08,0x20,0x7F,0x20,0x08,
0x20,0x7F,0x20,0x08,0x20,0xFF,0xA0,0x41,0x20,0x7F,0x28,0x41,0x18,0x47,0x08,0x02,0x00,0x02,0x00,0x02,
0x00,0x02,0x10,0x7B,0x20,0x0B,0x40,0x0A,0x80,0x12,0x80,0x12,0x40,0x22,0x20,0x42,0x10,0x82,0x08,0x02,
0x00,0x0E,0x00,0x02,0x00,0x01,0x00,0x00,0x00,0x3E,0x00,0x02,0x10,0x02,0x20,0x7B,0x40,0x0A,0x80,0x12,
0x80,0x12,0x40,0x22,0x20,0x42,0x10,0x82,0x08,0x0E,0x00,0x47,0xF8,0x20,0x40,0x10,0x40,0x00,0x40,0x80,
0x40,0x40,0x40,0x10,0x40,0x10,0x40,0x20,0x40,0x20,0x40,0x40,0x40,0x40,0x40,0x01,0xC0,0x00,0x80,0x40,
0x80,0x20,0x80,0x10,0x80,0x00,0x80,0x8F,0xF8,0x40,0x80,0x10,0x80,0x10,0x80,0x20,0x80,0x20,0x80,0x40,
0x80,0x40,0x80,0x00,0x80,0x02,0x00,0x02,0x40,0x02,0x20,0xFF,0xF8,0x02,0x00,0x42,0x10,0x22,0x20,0x27,
0x40,0x0A,0x80,0x12,0x40,0x22,0x20,0xC2,0x18,0x02,0x00,0x0E,0x00,0x47,0xF8,0x24,0x00,0x14,0x00,0x04,
0x00,0x84,0x00,0x44,0x00,0x14,0x00,0x14,0x00,0x24,0x00,0x24,0x00,0x44,0x00,0x44,0x00,0x07,0xF8,0x47,
0xF0,0x22,0x10,0x12,0x10,0x02,0x10,0x82,0x10,0x42,0x20,0x11,0x20,0x11,0x40,0x20,0x80,0x21,0x40,0x42,
0x20,0x44,0x10,0x08,0x08,0x00,0x80,0x40,0x80,0x20,0x80,0x10,0xF8,0x01,0x08,0x81,0x08,0x42,0x88,0x14,
0x50,0x10,0x50,0x20,0x20,0x20,0x40,0x40,0x80,0x41,0x00,0x02,0x00,0x00,0x80,0x40,0x80,0x20,0x80,0x08,
0x88,0x88,0x88,0x48,0x88,0x08,0x88,0x28,0x88,0x28,0x88,0x48,0x88,0x48,0x88,0x88,0x88,0x8F,0xF8,0x00,
0x08,0x47,0xF0,0x20,0x80,0x00,0x80,0x80,0x80,0x40,0x80,0x0F,0xF8,0x20,0x80,0x20,0x80,0x40,0x80,0x40,
0x80,0x80,0x80,0x80,0x80,0x00,0x80,0x4F,0xE0,0x22,0x20,0x12,0x20,0x02,0x20,0x82,0x20,0x4F,0xE0,0x12,
0x20,0x12,0x20,0x22,0x28,0x22,0x28,0x42,0x28,0x42,0x18,0x02,0x08,0x01,0x00,0x41,0x00,0x21,0x00,0x01,
0x00,0x8F,0xF8,0x42,0x20,0x02,0x20,0x22,0x20,0x26,0x40,0x41,0x40,0x40,0x80,0x81,0x40,0x82,0x20,0x0C,
0x10,0x7F,0xF0,0x02,0x00,0x02,0x00,0xFF,0xF8,0x00,0x00,0x02,0x00,0x02,0x10,0x7B,0x60,0x0A,0x80,0x12,
0x40,0x22,0x20,0xC2,0x18,0x0E,0x00,0x40,0x00,0x27,0xF0,0x10,0x80,0x00,0x80,0x80,0x80,0x40,0x80,0x00,
0x80,0x10,0x80,0x10,0x80,0x20,0x80,0x20,0x80,0x40,0x80,0x4F,0xF8,0x00,0x80,0x40,0x80,0x24,0x90,0x14,
0xB0,0x05,0xD0,0x8E,0x90,0x44,0x90,0x14,0x90,0x14,0x90,0x24,0xB0,0x24,0x80,0x44,0x08,0x44,0x08,0x03,
0xF8,0x47,0xF0,0x20,0x00,0x00,0x00,0x0F,0xF8,0x81,0x00,0x42,0x00,0x13,0xF0,0x10,0x10,0x20,0x10,0x20,
0x10,0x40,0x10,0x40,0x10,0x00,0x60,0x07,0xF0,0x40,0x20,0x20,0xC0,0x11,0x00,0x02,0x00,0x87,0xF8,0x41,
0x28,0x12,0x28,0x12,0x48,0x24,0x48,0x28,0x88,0x41,0x08,0x42,0x08,0x04,0x30,0x4F,0xF8,0x20,0x80,0x10,
0x80,0x00,0x80,0x80,0x80,0x40,0x80,0x07,0xF0,0x10,0x80,0x10,0x80,0x20,0x80,0x20,0x80,0x40,0x80,0x5F,
0xF8,0x00,0x80,0x40,0x80,0x20,0x80,0x10,0x80,0x07,0xF8,0x80,0x80,0x40,0x80,0x11,0x40,0x11,0x40,0x21,
0x40,0x22,0x20,0x43,0x20,0x44,0x90,0x08,0x08,0x47,0xE0,0x22,0x20,0x12,0x20,0x02,0x40,0x82,0x80,0x42,
0xF0,0x12,0x10,0x12,0x10,0x23,0x20,0x22,0xA0,0x44,0x40,0x44,0xA0,0x09,0x18,0x00,0x20,0x42,0x20,0x21,
0x40,0x15,0x48,0x04,0x88,0x84,0x88,0x45,0x48,0x15,0x48,0x16,0x28,0x24,0x28,0x24,0x08,0x44,0x08,0x47,
0xF8,0x00,0x08,0x02,0x00,0x42,0x00,0x23,0xF0,0x04,0x00,0x0B,0xE0,0x80,0x00,0x47,0xE0,0x10,0x20,0x10,
0x20,0x20,0x20,0x20,0x28,0x40,0x28,0x40,0x18,0x00,0x08,0x00,0x40,0x42,0x40,0x22,0x20,0x14,0x20,0x04,
0x10,0x88,0x08,0x47,0xE0,0x12,0x20,0x12,0x20,0x22,0x20,0x22,0x20,0x44,0x20,0x44,0x20,0x08,0xC0,0x40,
0x80,0x20,0x40,0x00,0x40,0x82,0x00,0x42,0x00,0x02,0x10,0x2A,0x08,0x2A,0x08,0x4A,0x08,0x52,0x00,0x82,
0x10,0x82,0x10,0x01,0xF0,0x00,0x70,0x47,0x80,0x24,0x00,0x14,0x00,0x04,0x00,0x87,0xF8,0x44,0x20,0x14,
0x20,0x14,0x20,0x24,0x20,0x24,0x20,0x48,0x20,0x48,0x20,0x10,0x20,0x40,0x70,0x27,0x80,0x10,0x80,0x00,
0x80,0x80,0x80,0x47,0xF8,0x10,0x80,0x10,0x80,0x21,0x40,0x21,0x40,0x42,0x20,0x44,0x10,0x08,0x08,0x01,
0x00,0x41,0x00,0x21,0x00,0x1F,0xF0,0x91,0x10,0x51,0x10,0x02,0x80,0x22,0x80,0x22,0x80,0x44,0x80,0x44,
0x80,0x88,0x88,0x90,0x88,0x20,0x78,0x4F,0xF0,0x28,0x10,0x08,0x10,0x00,0x00,0x87,0xC0,0x44,0x40,0x14,
0x40,0x14,0x40,0x24,0x40,0x24,0x40,0x48,0x48,0x48,0x48,0x10,0x38,0x04,0x00,0x44,0xF8,0x24,0x48,0x14,
0x48,0x07,0x48,0x8C,0x48,0x44,0x48,0x04,0x48,0x14,0x48,0x15,0x48,0x26,0x48,0x24,0x88,0x41,0x08,0x42,
0x30,0x00,0x80,0x40,0x80,0x20,0x80,0x17,0xF8,0x00,0x80,0x81,0xC0,0x41,0xC0,0x12,0xA0,0x12,0xA0,0x24,
0x90,0x28,0x88,0x40,0x80,0x40,0x80,0x00,0x80,0x00,0x80,0x40,0x80,0x20,0x80,0x02,0xA0,0x82,0x90,0x44,
0x88,0x08,0x88,0x20,0x80,0x20,0x90,0x40,0x20,0x40,0x40,0x80,0x80,0x83,0x00,0x0C,0x00,0x00,0x80,0x40,
0x80,0x2F,0xF8,0x00,0x80,0x00,0x80,0x87,0xF0,0x44,0x90,0x14,0x90,0x14,0x90,0x24,0x90,0x24,0x90,0x44,
0xB0,0x40,0x80,0x00,0x80,0x02,0x00,0x42,0x00,0x23,0xF8,0x04,0x08,0x89,0x08,0x41,0x08,0x02,0x08,0x22,
0x48,0x24,0x28,0x4F,0xE8,0x40,0x28,0x80,0x08,0x80,0x08,0x00,0x30,0x43,0xE0,0x22,0x20,0x12,0x20,0x02,
0x20,0x84,0x18,0x48,0x00,0x17,0xF0,0x12,0x10,0x22,0x20,0x21,0x40,0x40,0x80,0x43,0x60,0x0C,0x18,0x47,
0xF8,0x24,0x00,0x14,0x10,0x06,0x10,0x85,0x20,0x44,0xA0,0x14,0x40,0x14,0xA0,0x25,0x10,0x26,0x10,0x44,
0x00,0x44,0x00,0x07,0xF8,0x47,0xF8,0x24,0x40,0x14,0x40,0x04,0x40,0x85,0xF8,0x44,0x48,0x14,0x48,0x14,
0x48,0x24,0x48,0x24,0x88,0x48,0x88,0x49,0x08,0x12,0x30,0x00,0x80,0x40,0x80,0x21,0x40,0x01,0x40,0x82,
0x20,0x44,0x10,0x0A,0x08,0x22,0x20,0x22,0x40,0x43,0x80,0x42,0x00,0x82,0x10,0x82,0x10,0x01,0xF0,0x01,
0x00,0x41,0x00,0x22,0x80,0x04,0x40,0x88,0x20,0x50,0x18,0x07,0xC0,0x24,0x40,0x24,0x40,0x44,0x40,0x45,
0x80,0x84,0x10,0x84,0x10,0x03,0xF0,0x00,0x80,0x40,0x40,0x23,0xF8,0x12,0x08,0x02,0x08,0x82,0x08,0x43,
0xF8,0x12,0x08,0x12,0x00,0x22,0x00,0x22,0x00,0x44,0x00,0x44,0x00,0x08,0x00,0x00,0x80,0x40,0x80,0x2F,
0xF8,0x10,0x80,0x00,0x80,0x80,0x80,0x47,0xF0,0x11,0xC0,0x12,0xA0,0x22,0xA0,0x24,0x90,0x48,0x88,0x40,
0x80,0x00,0x80,0x47,0xF0,0x24,0x10,0x14,0x10,0x04,0x10,0x87,0xF0,0x44,0x10,0x14,0x10,0x14,0x10,0x27,
0xF0,0x24,0x10,0x44,0x10,0x44,0x10,0x1F,0xF8,0x4F,0xF8,0x20,0x10,0x10,0x10,0x07,0x90,0x84,0x90,0x44,
0x90,0x04,0x90,0x14,0x90,0x17,0x90,0x24,0x10,0x20,0x10,0x40,0x10,0x40,0x70,0x01,0x40,0x41,0x40,0x27,
0xF0,0x11,0x50,0x01,0x50,0x87,0xF0,0x45,0x40,0x15,0x40,0x17,0xF8,0x21,0x48,0x21,0x48,0x42,0x48,0x42,
0x58,0x04,0x40,0x00,0x80,0x40,0x80,0x20,0x80,0x0F,0xF8,0x88,0x88,0x48,0x88,0x08,0x88,0x2F,0xF8,0x28,
0x88,0x48,0x88,0x48,0x88,0x88,0x88,0x8F,0xF8,0x08,0x08,0x00,0x80,0x40,0x80,0x21,0x20,0x12,0x10,0x07,
0xF8,0x80,0x08,0x40,0x00,0x13,0xF0,0x12,0x10,0x22,0x10,0x22,0x10,0x42,0x10,0x43,0xF0,0x02,0x10,0x47,
0xF8,0x21,0x08,0x11,0x08,0x01,0x08,0x82,0x08,0x44,0x30,0x10,0x00,0x13,0xF8,0x22,0x08,0x22,0x08,0x42,
0x08,0x43,0xF8,0x02,0x08,0x00,0x80,0x40,0x80,0x20,0x80,0x17,0xF8,0x00,0x80,0x80,0x80,0x40,0x80,0x17,
0xF0,0x14,0x10,0x24,0x10,0x24,0x10,0x44,0x10,0x47,0xF0,0x04,0x10,0x00,0x80,0x40,0x80,0x20,0x80,0x10,
0xF8,0x00,0x80,0x80,0x80,0x40,0x80,0x17,0xF0,0x14,0x10,0x24,0x10,0x24,0x10,0x44,0x10,0x47,0xF0,0x04,
0x10,0x43,0xE0,0x22,0x20,0x12,0x20,0x02,0x20,0x82,0x20,0x44,0x18,0x18,0x00,0x17,0xF0,0x24,0x10,0x24,
0x10,0x44,0x10,0x47,0xF0,0x04,0x10,0x01,0x20,0x49,0x20,0x29,0x20,0x09,0x20,0x9F,0xF8,0x49,0x20,0x09,
0x20,0x29,0x20,0x29,0x20,0x49,0x20,0x49,0xE0,0x88,0x00,0x88,0x00,0x0F,0xF8,0x4F,0xF8,0x28,0x08,0x08,
0x88,0x88,0x88,0x48,0x88,0x08,0x88,0x29,0x48,0x29,0x28,0x4A,0x28,0x48,0x08,0x88,0x08,0x8F,0xF8,0x08,
0x08,0x04,0x00,0x08,0x00,0x3F,0xE0,0x20,0x20,0x3F,0xE0,0x20,0x20,0x3F,0xE0,0x02,0x10,0x7B,0x60,0x0A,
0x80,0x12,0x40,0x22,0x20,0xC2,0x18,0x0E,0x00,0x00,0x80,0x41,0x00,0x27,0xF8,0x14,0x08,0x04,0x08,0x84,
0x08,0x44,0x08,0x17,0xF8,0x14,0x08,0x24,0x08,0x24,0x08,0x44,0x08,0x47,0xF8,0x04,0x08,0x01,0x00,0x40,
0x80,0x20,0x80,0x00,0x20,0x82,0x20,0x42,0x20,0x0A,0x40,0x2A,0x50,0x2A,0x88,0x53,0x08,0x42,0x00,0x86,
0x20,0x8A,0x20,0x11,0xE0,0x00,0x80,0x40,0x80,0x20,0x80,0x07,0xF0,0x80,0x80,0x40,0x80,0x00,0x80,0x2F,
0xF8,0x21,0x00,0x41,0x00,0x42,0x20,0x84,0x10,0x8F,0xF8,0x00,0x08,0x40,0x70,0x27,0x80,0x10,0x00,0x01,
0x00,0x80,0x80,0x47,0xE0,0x10,0x20,0x10,0x40,0x20,0x80,0x21,0x00,0x42,0x00,0x45,0x00,0x08,0xF8,0x00,
0x80,0x40,0x40,0x27,0xF8,0x14,0x08,0x04,0x08,0x80,0x00,0x47,0xF8,0x10,0x40,0x10,0x40,0x20,0x40,0x20,
0x40,0x40,0x40,0x40,0x40,0x01,0xC0,0x01,0x00,0x41,0x00,0x23,0xF0,0x12,0x10,0x04,0x10,0x8B,0xD0,0x42,
0x50,0x12,0x50,0x13,0xD0,0x22,0x10,0x22,0x60,0x42,0x08,0x42,0x08,0x01,0xF8,0x00,0x40,0x40,0x40,0x27,
0xF8,0x14,0x48,0x04,0x48,0x84,0x40,0x47,0xF0,0x15,0x10,0x15,0x10,0x24,0x90,0x24,0xA0,0x48,0x40,0x49,
0xA0,0x16,0x18,0x01,0x00,0x40,0x80,0x20,0x80,0x17,0xF0,0x00,0x00,0x80,0x20,0x44,0x20,0x04,0x20,0x12,
0x20,0x12,0x40,0x22,0x40,0x20,0x40,0x40,0x80,0x4F,0xF8,0x47,0xF0,0x24,0x10,0x14,0x10,0x07,0xF0,0x84,
0x00,0x45,0x00,0x15,0x10,0x15,0x60,0x25,0x80,0x25,0x00,0x49,0x08,0x49,0x08,0x10,0xF8,0x01,0x00,0x40,
0x80,0x20,0x00,0x17,0xF0,0x00,0x80,0x80,0x80,0x40,0x80,0x00,0x80,0x17,0xF0,0x10,0x80,0x20,0x80,0x20,
0x80,0x40,0x80,0x4F,0xF8,0x47,0xF0,0x24,0x10,0x14,0x10,0x04,0x10,0x87,0xF0,0x44,0x10,0x14,0x10,0x17,
0xF0,0x24,0x10,0x24,0x10,0x44,0x10,0x47,0xF0,0x04,0x10,0x02,0x00,0x7F,0xF0,0x02,0x00,0x3F,0xE0,0x04,
0x00,0xFF,0xF8,0x12,0x40,0x22,0x20,0xE2,0x58,0x16,0x80,0x0B,0x80,0x32,0x60,0xC2,0x10,0x0E,0x00,0x00,
0x80,0x40,0x40,0x20,0x00,0x07,0x80,0x80,0x90,0x40,0xA0,0x0E,0xC0,0x22,0xC0,0x22,0xA0,0x44,0xA0,0x44,
0x90,0x88,0x88,0x90,0x80,0x03,0x80,0xFF,0xF8,0x08,0x00,0x1F,0xE0,0x30,0x20,0x50,0x20,0x9F,0xE0,0x00,
0x00,0x02,0x10,0x7B,0x60,0x0A,0x80,0x12,0x40,0x22,0x20,0xCE,0x18,0x47,0xF8,0x24,0x08,0x11,0x00,0x01,
0xF0,0x81,0x00,0x42,0x00,0x13,0xF8,0x10,0x08,0x20,0x08,0x27,0xE8,0x40,0x08,0x40,0x08,0x00,0x30,0x00,
0x80,0x44,0xA0,0x24,0x90,0x14,0x80,0x07,0xF8,0x80,0x80,0x41,0x00,0x11,0xF0,0x11,0x10,0x22,0x90,0x22,
0xA0,0x44,0x40,0x48,0xA0,0x01,0x18,0x47,0xF0,0x22,0x20,0x11,0x40,0x00,0x80,0x81,0x60,0x46,0x18,0x10,
0x80,0x13,0xE0,0x20,0x80,0x20,0x80,0x4F,0xF8,0x40,0x80,0x00,0x80,0x00,0x80,0x40,0x80,0x2F,0xF8,0x00,
0x80,0x00,0x80,0x87,0xF0,0x40,0x00,0x10,0x00,0x17,0xF0,0x24,0x10,0x24,0x10,0x44,0x10,0x47,0xF0,0x04,
0x10,0x04,0x10,0x42,0x20,0x20,0x00,0x17,0xF0,0x00,0x80,0x80,0x80,0x47,0xF0,0x10,0x80,0x10,0x80,0x2F,
0xF8,0x20,0x80,0x40,0x80,0x40,0x80,0x00,0x80,0x5F,0xF8,0x22,0x40,0x02,0x40,0x8F,0xF0,0x4A,0x50,0x0A,
0x50,0x2A,0x50,0x2A,0x50,0x4C,0x30,0x48,0x10,0x88,0x10,0x8F,0xF0,0x08,0x10,0x00,0x80,0x44,0x80,0x24,
0x80,0x07,0xF0,0x84,0x80,0x48,0x80,0x00,0x80,0x2F,0xF8,0x22,0x40,0x42,0x40,0x42,0x40,0x84,0x48,0x88,
0x48,0x10,0x38,0x01,0x00,0x41,0x00,0x21,0xE0,0x12,0x20,0x05,0x40,0x80,0x80,0x41,0x40,0x12,0x20,0x14,
0x18,0x23,0xE0,0x22,0x20,0x42,0x20,0x43,0xE0,0x02,0x20,0x4F,0xF8,0x28,0x08,0x08,0x08,0x8B,0xE8,0x48,
0x08,0x0B,0xE8,0x2A,0x28,0x2A,0x28,0x4A,0x28,0x4B,0xE8,0x88,0x08,0x88,0x08,0x08,0x38,0x00,0x80,0x40,
0x80,0x27,0xF0,0x00,0x90,0x0F,0xF8,0x80,0x90,0x47,0xF0,0x10,0x80,0x17,0xF0,0x20,0x80,0x2F,0xF8,0x40,
0x80,0x40,0x80,0x00,0x80,0x02,0x20,0x42,0x20,0x22,0x20,0x07,0xF0,0x82,0x20,0x42,0x20,0x02,0x20,0x22,
0x20,0x2F,0xF8,0x40,0x00,0x42,0x20,0x82,0x10,0x84,0x08,0x08,0x08,0x47,0xF8,0x22,0x10,0x12,0x10,0x03,
0xF0,0x82,0x10,0x42,0x10,0x13,0xF0,0x12,0x10,0x22,0x10,0x22,0x78,0x47,0x90,0x40,0x10,0x00,0x10,0x04,
0x08,0x44,0x88,0x24,0x88,0x04,0x88,0x8C,0x88,0x56,0xC8,0x05,0xA8,0x24,0x88,0x24,0x88,0x44,0x88,0x44,
0x88,0x84,0x88,0x84,0x08,0x08,0x08,0x40,0x70,0x27,0x80,0x10,0x80,0x00,0x80,0x8F,0xF8,0x40,0x80,0x10,
0x80,0x17,0xF0,0x24,0x10,0x24,0x10,0x44,0x10,0x47,0xF0,0x04,0x10,0x00,0x80,0x40,0x80,0x27,0xF0,0x00,
0x80,0x00,0x80,0x8F,0xF8,0x40,0x00,0x10,0x80,0x10,0x80,0x27,0xF0,0x20,0x80,0x40,0x80,0x40,0x80,0x0F,
0xF8,0x00,0x80,0x40,0x80,0x21,0x40,0x02,0x20,0x84,0x10,0x4B,0xE8,0x00,0x00,0x20,0x00,0x27,0xF0,0x44,
0x10,0x44,0x10,0x84,0x10,0x87,0xF0,0x04,0x10,0x00,0x70,0x47,0x80,0x24,0x00,0x14,0x30,0x05,0xC0,0x85,
0x40,0x45,0x48,0x15,0x50,0x15,0x20,0x25,0x20,0x25,0x10,0x45,0x50,0x49,0x88,0x11,0x00,0x00,0x80,0x40,
0x40,0x27,0xF8,0x10,0x80,0x01,0x20,0x82,0x10,0x47,0xF8,0x10,0x08,0x12,0xA0,0x22,0xA0,0x22,0xA0,0x42,
0xA0,0x44,0xA8,0x08,0x18,0x00,0xA0,0x40,0x90,0x20,0x80,0x10,0xF0,0x07,0x80,0x80,0x80,0x40,0xF8,0x07,
0x80,0x10,0x90,0x10,0xA0,0x20,0x48,0x21,0xA8,0x4E,0x18,0x40,0x08,0x08,0x80,0x48,0x80,0x28,0xF0,0x09,
0x10,0x1A,0xA0,0x28,0x40,0xC8,0x80,0x0B,0x00,0x02,0x10,0x7B,0x60,0x0A,0x80,0x12,0x40,0x22,0x20,0xCE,
0x18,0x01,0x00,0x41,0x00,0x21,0x70,0x17,0x80,0x00,0xA0,0x80,0x48,0x41,0xA8,0x16,0x18,0x10,0x00,0x27,
0xF0,0x21,0x40,0x41,0x40,0x42,0x48,0x0C,0x38,0x00,0x80,0x40,0x80,0x20,0x80,0x17,0xF0,0x04,0x90,0x84,
0x90,0x44,0x90,0x14,0x90,0x17,0xF0,0x20,0x80,0x20,0x90,0x40,0x88,0x4F,0xF8,0x00,0x08,0x00,0x08,0x4F,
0x88,0x28,0x88,0x0A,0xA8,0x8A,0xA8,0x4A,0xA8,0x0A,0xA8,0x2A,0xA8,0x2A,0xA8,0x42,0x28,0x45,0x08,0x84,
0x88,0x88,0x88,0x10,0x38,0x01,0x00,0x40,0x80,0x27,0xF8,0x02,0x20,0x81,0x40,0x40,0x80,0x03,0x60,0x2C,
0x18,0x22,0x20,0x42,0x20,0x42,0x20,0x82,0x20,0x84,0x20,0x08,0x20,0x08,0x10,0x84,0x10,0x44,0x10,0x1F,
0x50,0x82,0x50,0x42,0x50,0x12,0x50,0x0A,0x50,0x44,0x50,0x44,0x50,0x8A,0x10,0x8A,0x10,0x91,0x10,0x21,
0x70,0x47,0xF8,0x24,0x88,0x10,0x80,0x03,0xF8,0x81,0x00,0x42,0x40,0x13,0xF0,0x10,0x40,0x20,0x40,0x27,
0xF8,0x40,0x40,0x40,0x40,0x00,0x40,0x00,0x80,0x40,0x80,0x2F,0xF8,0x08,0x88,0x89,0x08,0x41,0x00,0x02,
0x90,0x26,0xA0,0x2A,0x40,0x52,0x40,0x42,0x20,0x82,0x90,0x83,0x08,0x02,0x00,0x04,0x18,0x44,0xE0,0x24,
0x80,0x0E,0x80,0x84,0x80,0x44,0xF8,0x04,0x90,0x26,0x90,0x2C,0x90,0x44,0x90,0x44,0x90,0x84,0x90,0x84,
0x90,0x0D,0x10,0x00,0x80,0x41,0x00,0x22,0x20,0x07,0xF0,0x80,0x10,0x42,0x20,0x04,0x10,0x29,0x08,0x21,
0xE0,0x42,0x20,0x45,0x40,0x80,0x80,0x83,0x60,0x0C,0x18,0x00,0xA0,0x40,0x90,0x2F,0xF8,0x00,0x80,0x07,
0xF0,0x84,0x90,0x44,0x90,0x17,0xF0,0x14,0x90,0x24,0x90,0x27,0xF0,0x44,0x90,0x44,0x90,0x04,0x30,0x00,
0x80,0x44,0x80,0x27,0xF0,0x08,0x80,0x00,0x80,0x8F,0xF8,0x40,0x00,0x10,0x00,0x17,0xF0,0x24,0x10,0x24,
0x10,0x44,0x10,0x47,0xF0,0x04,0x10,0x01,0x00,0x40,0x80,0x27,0xF0,0x14,0x10,0x04,0x10,0x87,0xF0,0x44,
0x10,0x14,0x10,0x17,0xF0,0x24,0x88,0x24,0x50,0x45,0x20,0x46,0x10,0x04,0x08,0x00,0x70,0x47,0x80,0x21,
0x10,0x04,0x90,0x82,0xA0,0x40,0x00,0x07,0xE0,0x20,0x40,0x20,0x80,0x4F,0xF8,0x40,0x80,0x80,0x80,0x80,
0x80,0x03,0x80,0x02,0x20,0x42,0x10,0x24,0x88,0x08,0x88,0x81,0x40,0x42,0x20,0x04,0x10,0x28,0x08,0x27,
0xF0,0x44,0x10,0x44,0x10,0x84,0x10,0x87,0xF0,0x04,0x10,0x02,0x00,0x42,0x00,0x23,0xF8,0x04,0x00,0x8B,
0xF0,0x42,0x90,0x02,0x50,0x2F,0xF8,0x22,0x10,0x44,0x90,0x44,0x50,0x87,0xF8,0x80,0x10,0x00,0x60,0x07,
0xF0,0x40,0x10,0x23,0xF0,0x00,0x10,0x87,0xF0,0x40,0x00,0x0F,0xF8,0x28,0x08,0x23,0xE0,0x42,0x20,0x41,
0x40,0x80,0x80,0x83,0x60,0x0C,0x18,0x00,0x80,0x40,0x80,0x21,0x40,0x12,0x20,0x04,0x10,0x8B,0xE8,0x40,
0x80,0x10,0x80,0x17,0xF0,0x20,0x80,0x24,0x90,0x44,0x88,0x48,0x88,0x03,0x80,0x47,0xF0,0x24,0x10,0x14,
0x10,0x07,0xF0,0x84,0x10,0x44,0x10,0x17,0xF0,0x10,0x80,0x20,0x80,0x27,0xF0,0x40,0x80,0x40,0x80,0x0F,
0xF8,0x00,0x80,0x44,0x90,0x22,0xA0,0x10,0x80,0x07,0xF0,0x84,0x10,0x44,0x10,0x17,0xF0,0x14,0x10,0x24,
0x10,0x27,0xF0,0x44,0x10,0x44,0x10,0x04,0x70,0x00,0x80,0x44,0x80,0x24,0xF0,0x14,0x80,0x04,0x80,0x8F,
0xF8,0x40,0x00,0x10,0x80,0x12,0x90,0x24,0xA0,0x20,0x40,0x40,0x80,0x43,0x00,0x0C,0x00,0x4F,0xF0,0x22,
0x20,0x01,0x40,0x8F,0xF8,0x48,0x88,0x08,0x88,0x2F,0xF8,0x28,0x88,0x48,0x88,0x4F,0xF8,0x88,0x88,0x88,
0x88,0x08,0x38,0x4E,0x18,0x22,0xE0,0x04,0x20,0x84,0x20,0x48,0xB8,0x0E,0xA0,0x22,0xA0,0x22,0xA0,0x42,
0xA0,0x4A,0xF8,0x84,0x00,0x8B,0x00,0x10,0xF8,0x02,0x20,0x41,0x40,0x27,0xF0,0x10,0x90,0x00,0x90,0x87,
0xF0,0x44,0x80,0x14,0x80,0x17,0xF8,0x21,0x88,0x22,0x88,0x44,0x88,0x48,0xB0,0x00,0x80,0x00,0x80,0x40,
0x80,0x27,0xF0,0x10,0x80,0x03,0xE0,0x81,0x00,0x47,0xF8,0x11,0x00,0x12,0x20,0x23,0xF8,0x25,0x20,0x44,
0xA0,0x48,0x20,0x00,0xE0,0x01,0x20,0x41,0x20,0x27,0xF8,0x11,0x20,0x00,0x00,0x87,0xF8,0x44,0x88,0x10,
0x80,0x17,0xF0,0x20,0x90,0x21,0x10,0x41,0x10,0x42,0x10,0x04,0x60,0x08,0x40,0x44,0x40,0x25,0xF8,0x00,
0x80,0x01,0x20,0x8D,0x20,0x45,0xF8,0x14,0x20,0x14,0x20,0x25,0xF8,0x24,0x20,0x44,0x20,0x4A,0x20,0x11,
0xF8,0x47,0xF0,0x24,0x10,0x04,0x10,0x87,0xF0,0x40,0x80,0x00,0x80,0x2F,0xF8,0x28,0x88,0x49,0x48,0x49,
0x28,0x8A,0x28,0x88,0x08,0x08,0x38,0x02,0x00,0x42,0x00,0x23,0xE0,0x04,0x20,0x88,0x40,0x47,0xF0,0x04,
0x90,0x24,0x90,0x24,0x90,0x4F,0xF8,0x41,0x40,0x82,0x20,0x84,0x10,0x08,0x08,0x02,0x00,0x43,0xE0,0x22,
0x20,0x05,0x40,0x88,0x80,0x41,0x40,0x06,0xB0,0x20,0x80,0x2F,0xF8,0x40,0x80,0x44,0xA0,0x84,0x90,0x88,
0x90,0x03,0x80,0x08,0x00,0x45,0xF8,0x20,0x08,0x08,0x08,0x8B,0xE8,0x48,0x88,0x08,0x88,0x29,0xC8,0x28,
0x88,0x48,0x88,0x4B,0xE8,0x88,0x08,0x88,0x08,0x08,0x38,0x04,0x00,0x42,0xF8,0x20,0x08,0x14,0x08,0x05,
0xE8,0x85,0x28,0x45,0x28,0x15,0xE8,0x15,0x28,0x25,0x28,0x25,0xE8,0x44,0x08,0x44,0x08,0x04,0x38,0x00,
0x80,0x4E,0x90,0x22,0x90,0x02,0xA0,0x8E,0xC0,0x48,0x80,0x0B,0xF8,0x28,0xA0,0x2E,0xA0,0x42,0xA0,0x42,
0x90,0x82,0xB0,0x82,0xC8,0x0C,0x80,0x47,0xF0,0x20,0x90,0x04,0x90,0x84,0x90,0x49,0x10,0x02,0x10,0x24,
0x60,0x20,0x80,0x44,0x80,0x44,0xF0,0x84,0x80,0x84,0x80,0x0F,0xF8,0x01,0x00,0x40,0x80,0x27,0xF0,0x00,
0x00,0x82,0x20,0x41,0x40,0x0F,0xF8,0x20,0x00,0x20,0x00,0x47,0xF0,0x44,0x10,0x84,0x10,0x87,0xF0,0x04,
0x10,0x0F,0x88,0x48,0x88,0x28,0x88,0x0F,0xA8,0x8A,0x28,0x4A,0x28,0x0F,0xA8,0x2A,0xA8,0x2A,0xA8,0x4A,
0xA8,0x5A,0x88,0xAB,0x88,0x82,0x08,0x02,0x38,0x47,0xF8,0x24,0x00,0x14,0x40,0x05,0xF0,0x84,0x40,0x44,
0x40,0x17,0xF8,0x14,0x00,0x24,0x40,0x25,0xF0,0x48,0x40,0x48,0x40,0x13,0xF8,0x00,0x80,0x40,0x40,0x27,
0xF8,0x11,0x40,0x01,0x40,0x82,0x78,0x42,0x48,0x16,0xA8,0x1A,0xD0,0x23,0x50,0x22,0x20,0x42,0x20,0x42,
0x50,0x02,0x88,0x47,0xE0,0x20,0x20,0x00,0x40,0x88,0x88,0x4A,0xA8,0x09,0xC8,0x28,0x88,0x29,0xC8,0x4A,
0xA8,0x4D,0x98,0x88,0x08,0x8F,0xF8,0x00,0x08,0x4F,0xF8,0x28,0x88,0x08,0x88,0x8F,0xF8,0x48,0x88,0x08,
0x88,0x2B,0xE8,0x2A,0x28,0x4A,0x28,0x4B,0xE8,0x88,0x08,0x8F,0xF8,0x08,0x08,0x00,0x80,0x40,0x40,0x27,
0xF8,0x14,0x08,0x00,0x00,0x80,0x00,0x47,0xF8,0x10,0x80,0x14,0x80,0x24,0xF0,0x24,0x80,0x44,0x80,0x4A,
0x80,0x11,0xF8,0x04,0x90,0x44,0x90,0x29,0x20,0x04,0x90,0x04,0x90,0x80,0x00,0x47,0xF0,0x14,0x90,0x14,
0x90,0x27,0xF0,0x24,0x90,0x44,0x90,0x47,0xF0,0x04,0x10,0x00,0x10,0x43,0x20,0x20,0xC0,0x11,0x20,0x02,
0x90,0x87,0xF8,0x41,0x00,0x13,0xF0,0x16,0x10,0x2B,0xF0,0x22,0x10,0x43,0xF0,0x42,0x10,0x02,0x70,0x02,
0x20,0x42,0x20,0x22,0x20,0x0F,0x78,0x82,0x20,0x46,0x60,0x07,0x70,0x2A,0xB0,0x2A,0xA8,0x53,0x20,0x42,
0x20,0x82,0x20,0x82,0x20,0x02,0x20,0x00,0x80,0x44,0x88,0x22,0x90,0x10,0x80,0x07,0xF8,0x84,0x08,0x45,
0xE8,0x15,0x28,0x15,0x28,0x25,0x28,0x25,0xE8,0x44,0x08,0x44,0x08,0x04,0x38,0x02,0x00,0x42,0x70,0x23,
0x50,0x02,0x50,0x82,0x50,0x4F,0xD0,0x00,0x50,0x22,0x50,0x2B,0x20,0x4A,0xA0,0x52,0xA0,0x82,0x50,0x82,
0x50,0x0E,0x88,0x00,0x80,0x40,0x80,0x20,0xF8,0x10,0x80,0x07,0xF0,0x84,0x10,0x47,0xF0,0x14,0x10,0x17,
0xF0,0x20,0x80,0x2F,0xF8,0x40,0x80,0x40,0x80,0x00,0x80,0x02,0x00,0x42,0x00,0x27,0xF8,0x0A,0x08,0x83,
0xC8,0x45,0x08,0x01,0x08,0x2F,0xE8,0x21,0x08,0x45,0x48,0x45,0x48,0x87,0xC8,0x80,0x08,0x00,0x30,0x00,
0x80,0x42,0x90,0x22,0xA0,0x14,0x80,0x01,0x40,0x82,0x20,0x44,0x10,0x10,0x80,0x12,0x90,0x22,0xA0,0x24,
0x80,0x41,0x40,0x42,0x20,0x04,0x18,0x04,0x20,0x42,0x20,0x22,0x20,0x0F,0x50,0x84,0x50,0x44,0x88,0x07,
0x00,0x25,0x20,0x25,0x10,0x45,0x10,0x45,0x40,0x89,0x20,0x89,0x10,0x13,0x10,0x00,0x70,0x4F,0x80,0x21,
0x10,0x04,0x90,0x02,0x20,0x80,0x70,0x47,0x80,0x10,0x80,0x10,0x80,0x2F,0xF8,0x20,0x80,0x40,0x80,0x40,
0x80,0x07,0xF0,0x01,0x00,0x40,0x80,0x2F,0xF8,0x00,0x00,0x82,0x20,0x42,0x20,0x05,0x50,0x28,0x88,0x20,
0x00,0x40,0x80,0x4F,0xF8,0x80,0x80,0x80,0x80,0x00,0x80,0x02,0x40,0x42,0x20,0x24,0x00,0x07,0xF8,0x8C,
0x40,0x54,0x40,0x07,0xF0,0x24,0x40,0x24,0x40,0x47,0xF0,0x44,0x40,0x84,0x40,0x87,0xF8,0x04,0x00,0x4F,
0xF8,0x28,0x08,0x02,0x20,0x84,0x10,0x48,0x88,0x00,0x80,0x2F,0xF8,0x21,0xC0,0x42,0xA0,0x42,0xA0,0x84,
0x90,0x88,0x88,0x00,0x80,0x00,0x40,0x47,0xF8,0x20,0x00,0x13,0xF0,0x02,0x10,0x83,0xF0,0x40,0x00,0x13,
0xF0,0x10,0x20,0x20,0x40,0x27,0xF8,0x40,0x40,0x40,0x40,0x01,0xC0,0x47,0xF0,0x24,0x10,0x17,0xF0,0x04,
0x10,0x87,0xF0,0x40,0x00,0x14,0x48,0x14,0x50,0x27,0x60,0x24,0x40,0x45,0x48,0x46,0x48,0x04,0x38,0x00,
0x80,0x40,0x80,0x2F,0xF8,0x02,0x20,0x04,0x90,0x88,0x88,0x47,0xF0,0x14,0x90,0x17,0xF0,0x24,0x90,0x27,
0xF0,0x44,0x88,0x40,0x88,0x00,0x78,0x47,0xF0,0x20,0x80,0x00,0x80,0x8F,0xF8,0x41,0x40,0x02,0x20,0x24,
0x98,0x28,0x80,0x44,0xD0,0x44,0xA8,0x88,0xA8,0x80,0x80,0x03,0x80,0x00,0x80,0x47,0xF0,0x20,0x80,0x17,
0xF0,0x00,0x80,0x8F,0xF8,0x40,0x00,0x17,0xF0,0x14,0x10,0x27,0xF0,0x24,0x10,0x47,0xF0,0x44,0x10,0x04,
0x70,0x04,0x90,0x44,0x90,0x26,0xB0,0x15,0xD0,0x04,0x90,0x87,0xF0,0x44,0x90,0x14,0x90,0x15,0xD0,0x25,
0xB0,0x26,0x90,0x44,0x90,0x48,0x90,0x10,0x90,0x00,0x80,0x47,0xF0,0x20,0x80,0x17,0xF0,0x00,0x80,0x8F,
0xF8,0x40,0x00,0x17,0xF0,0x14,0x10,0x24,0x90,0x24,0x90,0x41,0x40,0x42,0x20,0x04,0x10,0x04,0x00,0x44,
0x18,0x2F,0x60,0x04,0x40,0x88,0x40,0x4A,0x40,0x0F,0x78,0x22,0x50,0x22,0x50,0x43,0x50,0x4E,0x50,0x82,
0x50,0x82,0x50,0x02,0x90,0x02,0x00,0x43,0xE0,0x24,0x20,0x04,0x40,0x8F,0xF0,0x54,0x90,0x04,0x90,0x27,
0xF0,0x24,0x90,0x44,0x90,0x47,0xF0,0x80,0x00,0x80,0x00,0x1F,0xF8,0x00,0x80,0x41,0x00,0x22,0x20,0x17,
0xF0,0x00,0x80,0x87,0xF8,0x41,0x40,0x12,0x20,0x14,0x98,0x23,0x40,0x20,0x90,0x47,0x20,0x40,0xC0,0x07,
0x00,0x00,0x80,0x41,0x40,0x22,0x20,0x04,0x10,0x0B,0xE8,0x80,0x00,0x47,0x88,0x14,0xA8,0x17,0xA8,0x24,
0xA8,0x27,0xA8,0x44,0xA8,0x44,0x88,0x05,0xB8,0x47,0xF0,0x24,0x00,0x87,0xE0,0x44,0x20,0x17,0xE0,0x24,
0x00,0x47,0xF0,0x80,0x00,0x02,0x00,0xFF,0xF8,0x0A,0x80,0x32,0x60,0xC2,0x18,0x02,0x00,0x01,0x00,0x40,
0x80,0x2F,0xF8,0x09,0x20,0x8F,0xF8,0x49,0x20,0x09,0xE0,0x28,0x00,0x2B,0xE0,0x49,0x20,0x49,0x40,0x90,
0x80,0x91,0x60,0x26,0x18,0x00,0x80,0x40,0x80,0x2F,0xF8,0x01,0xC0,0x82,0xA0,0x44,0x90,0x08,0x88,0x27,
0xF0,0x24,0x10,0x47,0xF0,0x44,0x10,0x87,0xF0,0x80,0x00,0x0F,0xF8,0x04,0x40,0x84,0x40,0x5F,0x40,0x04,
0xF0,0x9F,0x50,0x51,0x50,0x1E,0x50,0x22,0x50,0x24,0x50,0x46,0x50,0x5C,0x50,0x84,0x90,0x84,0x90,0x1D,
0x60,0x07,0xE0,0x44,0x20,0x24,0x20,0x07,0xE0,0x84,0x20,0x44,0x20,0x07,0xE0,0x20,0x00,0x2F,0xF0,0x4A,
0x50,0x4A,0x50,0x8A,0x50,0x8A,0x50,0x1F,0xF8,0x4F,0xF8,0x28,0x88,0x0F,0xF8,0x88,0x88,0x4F,0xF8,0x00,
0x00,0x27,0xF0,0x24,0x10,0x47,0xF0,0x44,0x10,0x87,0xF0,0x84,0x10,0x04,0x70,0x02,0x20,0x42,0x20,0x27,
0xF0,0x02,0x20,0x82,0x20,0x4F,0xF8,0x02,0x20,0x24,0x10,0x2B,0xE8,0x42,0x20,0x43,0xE0,0x82,0x00,0x82,
0x10,0x01,0xF0,0x01,0x00,0x40,0x80,0x27,0xF8,0x14,0x08,0x00,0x00,0x83,0xF0,0x40,0x00,0x13,0xF0,0x12,
0x10,0x23,0xF0,0x22,0x10,0x43,0xF0,0x40,0x00,0x07,0xF8,0x47,0xE0,0x24,0x20,0x17,0xE0,0x04,0x20,0x87,
0xE0,0x42,0x00,0x17,0xF0,0x18,0x90,0x25,0x50,0x24,0x10,0x47,0xD0,0x40,0x10,0x00,0x60,0x04,0x40,0x42,
0x40,0x20,0x78,0x0F,0x40,0x04,0x80,0x84,0x70,0x47,0x10,0x15,0x20,0x15,0xF8,0x25,0x20,0x25,0x20,0x49,
0x20,0x4B,0x20,0x10,0x60,0x00,0x40,0x4E,0x40,0x2A,0x40,0x0A,0x50,0x8E,0xC8,0x4B,0x48,0x0A,0x40,0x2E,
0x50,0x2A,0x50,0x4A,0x20,0x4E,0x20,0x80,0x40,0x80,0x80,0x03,0x00,0x43,0x78,0x2E,0x20,0x02,0x20,0x02,
0x78,0x8F,0x20,0x42,0x20,0x12,0x78,0x1F,0x20,0x22,0x20,0x22,0xF8,0x44,0x20,0x44,0x20,0x08,0x20,0x00,
0x80,0x44,0x90,0x24,0x90,0x17,0xF0,0x00,0x00,0x8F,0xF8,0x40,0x80,0x11,0x00,0x17,0xF0,0x25,0x50,0x25,
0x50,0x45,0x50,0x45,0x50,0x04,0x30,0x04,0x00,0x84,0xF0,0x44,0x90,0x1F,0x90,0x84,0x90,0x44,0xF0,0x0E,
0x90,0x2A,0x90,0x2A,0xF0,0x4A,0x90,0x4E,0x90,0x89,0x10,0x81,0x10,0x02,0x70,0x04,0x00,0x44,0xF0,0x24,
0x90,0x0E,0x90,0x84,0x90,0x44,0xF0,0x0E,0x90,0x2D,0x90,0x34,0xF0,0x44,0x90,0x44,0x90,0x84,0x90,0x84,
0xF0,0x04,0x90,0x02,0x20,0x42,0x20,0x27,0xF0,0x02,0x20,0x03,0xE0,0x82,0x20,0x43,0xE0,0x12,0x20,0x1F,
0xF8,0x24,0x00,0x25,0x20,0x46,0x10,0x44,0x00,0x07,0xF0,0x01,0x00,0x40,0x80,0x27,0xF0,0x11,0x40,0x05,
0x50,0x89,0x48,0x47,0xE0,0x10,0x20,0x17,0xE0,0x24,0x00,0x27,0xF0,0x40,0x10,0x40,0x10,0x00,0x60,0x4F,
0xF0,0x28,0x10,0x08,0x10,0x8F,0xF0,0x48,0x10,0x08,0x10,0x2F,0xF0,0x22,0x40,0x52,0x48,0x4A,0x50,0x86,
0x60,0x82,0x40,0x1F,0xF8,0x00,0x80,0x47,0xF0,0x24,0x90,0x07,0xF0,0x00,0x80,0x8F,0xF8,0x40,0x00,0x17,
0xF0,0x14,0x10,0x24,0x90,0x24,0x90,0x41,0x40,0x42,0x20,0x04,0x10,0x00,0x50,0x9F,0x48,0x51,0x40,0x15,
0x58,0x95,0xE0,0x55,0x40,0x15,0x58,0x35,0xE0,0x35,0x48,0x55,0x30,0x44,0x28,0x8A,0x68,0x89,0x98,0x11,
0x08,0x4E,0xF8,0x2A,0x20,0x0A,0x20,0x8E,0xA0,0x4A,0xA0,0x0A,0xF8,0x2E,0x40,0x2C,0x40,0x4A,0x60,0x4A,
0xA0,0x8E,0xA0,0x89,0x28,0x02,0x18,0x47,0xF8,0x24,0x40,0x14,0x80,0x05,0xF0,0x85,0x10,0x45,0xF0,0x15,
0x10,0x15,0xF0,0x24,0x40,0x25,0x50,0x49,0x48,0x4A,0x48,0x10,0xC0,0x02,0x00,0x4C,0xF8,0x28,0x48,0x0A,
0x48,0x8B,0x48,0x4C,0x88,0x09,0x30,0x20,0x00,0x27,0xF0,0x44,0x90,0x47,0xF0,0x84,0x90,0x87,0xF0,0x04,
0x10,0x04,0x10,0x42,0x20,0x20,0x00,0x0F,0xF8,0x80,0x00,0x42,0x20,0x04,0x10,0x28,0x08,0x27,0xF0,0x45,
0x50,0x45,0x50,0x85,0x50,0x85,0x50,0x0F,0xF8,0x00,0x38,0x4F,0xC0,0x25,0x10,0x12,0xA0,0x01,0x00,0x82,
0x20,0x47,0xC0,0x11,0x20,0x17,0xF0,0x20,0x80,0x2F,0xF8,0x41,0x40,0x42,0x20,0x0C,0x18,0x08,0x80,0x45,
0x38,0x20,0x28,0x0F,0xA8,0x82,0x28,0x4A,0xB8,0x0A,0xA8,0x2A,0xA8,0x2F,0xB8,0x42,0xA8,0x44,0x28,0x84,
0x48,0x88,0x48,0x10,0x98,0x01,0x00,0x40,0x80,0x27,0xF0,0x14,0x10,0x01,0x40,0x82,0x20,0x44,0x90,0x11,
0x40,0x12,0x20,0x27,0xF0,0x2A,0x28,0x42,0x20,0x43,0xE0,0x02,0x20,0x4F,0x78,0x21,0x08,0x01,0x08,0x8F,
0x78,0x48,0x40,0x08,0x40,0x2F,0x78,0x21,0x08,0x49,0x48,0x45,0x28,0x89,0x48,0x91,0x88,0x06,0x30,0x00,
0x40,0x9C,0x40,0x54,0xA0,0x15,0x10,0x9A,0x08,0x59,0xF0,0x14,0x40,0x14,0x40,0x57,0xF8,0x58,0x40,0x92,
0x50,0x92,0x48,0x94,0x48,0x11,0xC0,0x00,0x80,0x4F,0xF8,0x20,0x80,0x07,0xF0,0x04,0x10,0x87,0xF0,0x44,
0x10,0x17,0xF0,0x14,0x10,0x27,0xF0,0x24,0x10,0x4F,0xF8,0x42,0x20,0x04,0x10,0x02,0x10,0x41,0x20,0x27,
0xF8,0x00,0x00,0x82,0x10,0x42,0x10,0x04,0x20,0x25,0x28,0x2F,0x78,0x42,0x10,0x42,0x10,0x85,0x28,0x8F,
0x78,0x01,0x08,0x07,0xF0,0x44,0x10,0x27,0x90,0x14,0x90,0x0F,0xF8,0x88,0x08,0x47,0xF0,0x14,0x10,0x17,
0xF0,0x24,0x10,0x27,0xF0,0x44,0x10,0x44,0x10,0x04,0x70,0x01,0x00,0x40,0x80,0x2F,0xF8,0x08,0x08,0x00,
0x80,0x87,0xF0,0x42,0x20,0x11,0x40,0x17,0xF8,0x20,0x80,0x20,0x80,0x47,0xF0,0x40,0x80,0x00,0x80,0x00,
0x70,0x47,0x80,0x21,0x10,0x04,0x90,0x02,0x20,0x81,0x00,0x46,0x70,0x14,0x10,0x14,0x10,0x27,0x70,0x24,
0x10,0x44,0x10,0x47,0xF0,0x04,0x10,0x01,0x00,0x40,0x80,0x2F,0xF8,0x12,0x20,0x04,0x90,0x89,0x08,0x42,
0x40,0x17,0xE0,0x11,0x10,0x22,0xA0,0x26,0x40,0x4A,0xA0,0x43,0x18,0x02,0x00,0x02,0xA0,0x42,0xA0,0x2F,
0xF8,0x02,0xA0,0x00,0x00,0x8F,0xF8,0x48,0x88,0x10,0x80,0x17,0xF0,0x24,0x90,0x24,0x90,0x44,0x90,0x44,
0xB0,0x00,0x80,0x02,0x20,0x4F,0xF8,0x22,0x20,0x00,0x00,0x8F,0xF8,0x42,0x20,0x02,0x20,0x2F,0xF8,0x2A,
0x28,0x4A,0x28,0x4D,0x58,0x88,0x08,0x88,0x08,0x08,0x38,0x00,0x80,0x40,0xF0,0x20,0x80,0x17,0xF8,0x04,
0x88,0x84,0xE0,0x47,0x88,0x14,0x78,0x14,0x00,0x24,0x80,0x24,0x50,0x4A,0x88,0x4A,0xA8,0x14,0x60,0x02,
0x40,0x4A,0x40,0x2A,0x78,0x0A,0x80,0x8B,0x20,0x4A,0x10,0x02,0x10,0x20,0x00,0x2F,0xF0,0x4A,0x50,0x4A,
0x50,0x8A,0x50,0x8A,0x50,0x1F,0xF8,0x01,0x00,0x40,0x80,0x2F,0xF8,0x02,0x40,0x0A,0x50,0x92,0x48,0x42,
0x40,0x10,0x80,0x17,0xF8,0x21,0xC0,0x22,0xA0,0x44,0x90,0x48,0x88,0x00,0x80,0x01,0x00,0x40,0x80,0x2F,
0xF0,0x08,0x10,0x80,0xE0,0x47,0x00,0x04,0x00,0x27,0xF0,0x24,0x40,0x44,0x40,0x5F,0xF8,0x80,0x00,0x84,
0x40,0x08,0x20,0x00,0x60,0x40,0x50,0x2E,0x40,0x02,0xF8,0x82,0xA0,0x4B,0xA0,0x0A,0xF0,0x24,0xA0,0x24,
0xA0,0x4A,0xF0,0x4A,0xA0,0x92,0xA0,0x80,0xF8,0x00,0x80,0x01,0x00,0x40,0x80,0x2F,0xF8,0x02,0x20,0x81,
0x40,0x4F,0xF8,0x08,0x88,0x2B,0xE8,0x28,0x88,0x4B,0xE8,0x4A,0x28,0x8B,0xE8,0x88,0x08,0x08,0x38,0x47,
0xF8,0x21,0x20,0x17,0xF8,0x05,0x28,0x87,0xF8,0x40,0x00,0x13,0xF0,0x10,0x00,0x27,0xF8,0x20,0x40,0x42,
0x50,0x44,0x48,0x09,0xC8,0x00,0x80,0x40,0x80,0x2F,0xF8,0x02,0xA0,0x84,0x90,0x49,0x48,0x02,0x20,0x24,
0x90,0x28,0x88,0x44,0x90,0x42,0xA0,0x84,0x90,0x88,0x88,0x03,0x80,0x4F,0xF8,0x28,0x08,0x0F,0xF8,0x88,
0x00,0x4F,0xF8,0x08,0x40,0x2B,0xF8,0x2A,0x48,0x4B,0x58,0x4A,0x48,0x8B,0x58,0x8A,0x48,0x12,0x18,0x01,
0x00,0x40,0x80,0x27,0xF8,0x11,0x20,0x04,0xC8,0x85,0x28,0x47,0xF8,0x10,0x80,0x17,0xF8,0x24,0x88,0x25,
0x28,0x45,0xE8,0x44,0x08,0x04,0x38,0x01,0x00,0x40,0x80,0x2F,0xF8,0x08,0x08,0x07,0xF0,0x80,0x80,0x47,
0xF0,0x14,0x90,0x17,0xF0,0x24,0x90,0x27,0xF0,0x40,0x00,0x42,0x20,0x04,0x10,0x02,0x20,0x42,0x20,0x2F,
0xF8,0x02,0x20,0x07,0xF0,0x84,0x10,0x47,0xF0,0x14,0x10,0x17,0xF0,0x20,0x80,0x2F,0xF8,0x41,0x40,0x42,
0x20,0x0C,0x18,0x03,0xF0,0x42,0x10,0x23,0xF0,0x12,0x10,0x03,0xF0,0x80,0x00,0x47,0xF8,0x15,0x28,0x17,
0xF8,0x20,0x00,0x23,0xF0,0x41,0x20,0x40,0xC0,0x07,0x38,0x02,0x20,0x42,0x20,0x2F,0xA0,0x02,0x38,0x8F,
0xC8,0x4A,0x80,0x0A,0xA0,0x2F,0xA0,0x22,0x20,0x47,0x20,0x4A,0xD0,0x92,0x50,0x82,0x50,0x02,0x88,0x00,
0x80,0x47,0xF0,0x22,0x20,0x0F,0xF8,0x00,0x00,0x87,0xF0,0x44,0x10,0x17,0xF0,0x14,0x10,0x27,0xF0,0x20,
0x80,0x4F,0xF8,0x40,0x80,0x00,0x80,0x04,0x10,0x42,0x20,0x2F,0xF8,0x00,0x80,0x07,0xF0,0x80,0x80,0x4F,
0xF8,0x11,0x00,0x13,0x90,0x20,0xA0,0x2E,0xC0,0x42,0xA0,0x44,0x90,0x19,0x88,0x02,0x20,0x4F,0xF8,0x22,
0x20,0x00,0x80,0x87,0xF0,0x40,0x90,0x0F,0xF8,0x20,0x90,0x27,0xF0,0x40,0x80,0x48,0x88,0x8A,0xC8,0x8C,
0xA8,0x10,0x88,0x04,0x60,0x44,0x50,0x2A,0x40,0x0A,0xF8,0x9E,0xA0,0x45,0xA0,0x04,0xF0,0x28,0xA0,0x3E,
0xA0,0x40,0xF0,0x40,0xA0,0x86,0xA0,0x98,0xF8,0x00,0x80,0x00,0x70,0x4F,0x80,0x24,0x90,0x02,0xA0,0x8F,
0xF8,0x42,0xA0,0x04,0x90,0x28,0x08,0x27,0xF0,0x44,0x90,0x47,0xF0,0x84,0x90,0x87,0xF0,0x04,0x10,0x02,
0x20,0x42,0x20,0x2F,0x70,0x02,0x20,0x9F,0x78,0x42,0x20,0x05,0x50,0x28,0x88,0x27,0xF0,0x44,0x10,0x47,
0xF0,0x84,0x10,0x87,0xF0,0x04,0x10,0x00,0x40,0x4F,0x40,0x29,0x70,0x09,0x90,0x89,0x50,0x4F,0x20,0x02,
0x50,0x2A,0x88,0x2B,0x70,0x4A,0x50,0x4A,0x50,0x8B,0x50,0x9C,0x70,0x00,0x50,0x00,0x80,0x47,0xF0,0x20,
0x80,0x05,0x50,0x82,0x20,0x47,0xF0,0x0A,0x28,0x23,0xE0,0x22,0x20,0x43,0xE0,0x40,0x80,0x84,0x90,0x88,
0x88,0x01,0x80,0x0F,0xF8,0x41,0x40,0x2F,0xF8,0x09,0x48,0x0F,0xF8,0x80,0x00,0x47,0xF0,0x14,0x10,0x17,
0xF0,0x24,0x10,0x27,0xF0,0x40,0x80,0x4F,0xF8,0x00,0x80,0x02,0x00,0x42,0x38,0x2F,0xA8,0x02,0x28,0x8F,
0xA8,0x48,0xB8,0x0F,0xA8,0x28,0xA8,0x2F,0xB8,0x42,0x28,0x5F,0xA8,0x82,0x28,0x82,0x28,0x02,0x58,0x00,
0x40,0x47,0x50,0x21,0x20,0x05,0x28,0x82,0x10,0x44,0x10,0x0B,0xE8,0x20,0x00,0x27,0xF0,0x44,0x10,0x47,
0xF0,0x82,0x20,0x81,0x40,0x0F,0xF8,0x04,0x40,0x42,0x40,0x2F,0x40,0x04,0x78,0x89,0x90,0x4F,0x50,0x00,
0x50,0x2F,0x50,0x29,0x50,0x4F,0x20,0x49,0x20,0x8F,0x50,0x89,0x50,0x0B,0x88,0x01,0x08,0x41,0x08,0x2F,
0x90,0x01,0x20,0x07,0x88,0x80,0x08,0x47,0x90,0x14,0xA0,0x17,0x80,0x20,0x88,0x25,0x08,0x43,0x90,0x4E,
0x20,0x00,0x40,0x08,0x00,0x45,0xF8,0x20,0x88,0x0B,0xE8,0x88,0x88,0x4B,0xE8,0x0A,0xA8,0x2B,0xA8,0x2A,
0xE8,0x4A,0xA8,0x4B,0xE8,0x89,0xC8,0x8A,0xA8,0x0C,0x98,0x03,0xE0,0x42,0x20,0x23,0xE0,0x10,0x00,0x07,
0x70,0x85,0x50,0x47,0x70,0x10,0x00,0x10,0x80,0x2F,0xF8,0x21,0xC0,0x42,0xA0,0x4C,0x98,0x00,0x80,0x01,
0x00,0x47,0xF0,0x24,0x90,0x16,0xB0,0x04,0x90,0x87,0xF0,0x45,0xD0,0x16,0xB0,0x14,0x10,0x20,0x80,0x2F,
0xF8,0x41,0x40,0x42,0x20,0x04,0x10,0x04,0x40,0x4F,0x40,0x29,0x40,0x0F,0x78,0x89,0x90,0x4F,0x50,0x02,
0x50,0x2F,0x50,0x24,0x50,0x47,0x20,0x45,0x20,0x89,0x50,0x8B,0x50,0x10,0x88,0x04,0x00,0x94,0xF8,0x56,
0x20,0x14,0x40,0x94,0xF8,0x7F,0x88,0x00,0xA8,0x04,0xA8,0x55,0xA8,0x65,0xA8,0x82,0xA8,0x84,0x50,0x88,
0x88,0x31,0x08,0x07,0xF0,0x44,0x10,0x27,0xF0,0x14,0x10,0x07,0xF0,0x82,0x20,0x47,0xF0,0x12,0x20,0x1F,
0xF8,0x24,0x90,0x2A,0xA8,0x41,0xC0,0x42,0xA0,0x05,0x90,0x02,0x20,0x4F,0xF8,0x22,0x20,0x07,0x70,0x05,
0x50,0x87,0x70,0x42,0x80,0x13,0xF8,0x14,0x40,0x27,0xF0,0x2C,0x40,0x47,0xF0,0x44,0x40,0x07,0xF8,0x02,
0x00,0x02,0x00,0x02,0x00,0x22,0x10,0x22,0x10,0x22,0x20,0x45,0x40,0x85,0x00,0x05,0x00,0x08,0x80,0x08,
0x80,0x10,0x40,0x20,0x20,0xC0,0x18,0xFF,0xF8,0x02,0x00,0x02,0x00,0x22,0x10,0x22,0x10,0x22,0x20,0x42,
0x40,0x05,0x00,0x05,0x00,0x08,0x80,0x10,0x40,0x20,0x20,0xC0,0x18,0x10,0x00,0x13,0xF8,0x10,0x20,0x54,
0x20,0x54,0x20,0x58,0x20,0x90,0x20,0x10,0x20,0x10,0x20,0x10,0x20,0x28,0x20,0x24,0x20,0x44,0x20,0x80,
0xE0,0x08,0x00,0x08,0x00,0xFF,0xF8,0x08,0x00,0x11,0x00,0x11,0x00,0x15,0x10,0x25,0x20,0x29,0x40,0x42,
0x80,0x82,0x80,0x04,0x40,0x08,0x20,0x30,0x18,0x7F,0xE0,0x00,0x20,0x00,0x20,0x3F,0xE0,0x00,0x20,0x00,
0x20,0x7F,0xE0,0x02,0x00,0x22,0x20,0x22,0x40,0x45,0x00,0x08,0x80,0x30,0x60,0xC0,0x18,0x20,0x80,0x20,
0x80,0x28,0x80,0xB0,0x80,0xA0,0x80,0xA7,0xF0,0xA0,0x80,0x20,0x80,0x20,0x80,0x20,0x80,0x50,0x80,0x50,
0x80,0x40,0x80,0x8F,0xF8,0x08,0x00,0x0F,0xC0,0x10,0x80,0x21,0x00,0x42,0x00,0x0D,0xC0,0x30,0x30,0xC2,
0x08,0x22,0x20,0x22,0x40,0x45,0x00,0x08,0x80,0x30,0x60,0xC0,0x18,0x21,0x00,0x21,0x00,0x29,0xF8,0xB2,
0x08,0xA4,0x08,0xA0,0x08,0xA1,0x08,0x20,0x88,0x20,0x88,0x20,0x08,0x50,0x08,0x48,0x08,0x40,0x08,0x80,
0x30,0x04,0x00,0x02,0x00,0xFF,0xF8,0x80,0x08,0x80,0x08,0x02,0x00,0x12,0x20,0x12,0x20,0x22,0x40,0x42,
0x00,0x05,0x00,0x08,0x80,0x30,0x60,0xC0,0x18,0x20,0x80,0x20,0x80,0x28,0x80,0xB4,0x90,0xA4,0x90,0xA4,
0x90,0xA4,0x90,0x24,0x90,0x24,0x90,0x24,0x90,0x54,0x90,0x54,0x90,0x47,0xF0,0x80,0x10,0x20,0x80,0x20,
0x40,0x23,0xF8,0xAA,0x08,0xB2,0x08,0xA2,0x08,0xA3,0xF8,0x22,0x08,0x22,0x00,0x22,0x00,0x52,0x00,0x4C,
0x00,0x44,0x00,0x88,0x00,0x21,0x00,0x21,0x00,0x21,0x00,0xA9,0xF0,0xB2,0x10,0xA2,0xA0,0xA4,0x80,0x20,
0x80,0x20,0x80,0x21,0x40,0x51,0x40,0x4A,0x20,0x44,0x10,0x88,0x08,0x02,0x00,0x22,0x10,0x22,0x20,0x45,
0x80,0x08,0x40,0x30,0x20,0xC0,0x10,0x02,0x00,0x22,0x10,0x22,0x20,0x45,0x40,0x08,0x80,0x30,0x60,0xC0,
0x18,0x20,0x80,0x20,0x80,0x20,0x80,0xAA,0xA0,0xB2,0x90,0xA2,0x88,0xA4,0x88,0x20,0x80,0x20,0x90,0x20,
0x10,0x50,0x20,0x48,0x40,0x41,0x80,0x86,0x00,0x21,0x00,0x21,0x00,0x23,0xF0,0xA9,0x10,0xB1,0x10,0xA1,
0x10,0xA1,0x10,0x27,0xF8,0x21,0x40,0x21,0x40,0x52,0x20,0x4A,0x20,0x44,0x10,0x88,0x08,0x21,0x00,0x20,
0x80,0x28,0x00,0xB7,0xF8,0xA0,0x00,0xA0,0x00,0xA3,0xE0,0x22,0x20,0x22,0x20,0x22,0x20,0x52,0x20,0x54,
0x28,0x44,0x28,0x88,0x18,0x04,0x00,0x08,0x00,0x1F,0xF0,0x64,0x20,0x12,0xC0,0x0B,0x00,0x1C,0x00,0xE2,
0x00,0x22,0x20,0x22,0x40,0x45,0x00,0x08,0x80,0x30,0x60,0xC0,0x18,0x20,0x80,0x20,0x40,0x2F,0xF8,0xB0,
0x80,0xA1,0x00,0xA1,0x10,0xA2,0x10,0x27,0xE0,0x20,0x40,0x20,0x80,0x51,0x20,0x4A,0x10,0x47,0xF8,0x80,
0x08,0x20,0x00,0x23,0xF8,0x2A,0x00,0xB2,0x00,0xA2,0x00,0xA3,0xF0,0xA2,0x10,0x22,0x10,0x22,0x10,0x23,
0xF0,0x52,0x00,0x4A,0x00,0x42,0x00,0x83,0xF8,0x02,0x00,0x42,0x10,0x7F,0xF0,0x08,0x00,0x08,0x00,0xFF,
0xF8,0x10,0x00,0x21,0x10,0x29,0x10,0x49,0x20,0x92,0x80,0x04,0x40,0x08,0x20,0x30,0x18,0x21,0x00,0x21,
0x00,0x2B,0xF0,0xB2,0x10,0xA4,0x10,0xAB,0xD0,0xA2,0x50,0x22,0x50,0x23,0xD0,0x22,0x10,0x52,0x60,0x4A,
0x08,0x42,0x08,0x81,0xF8,0x20,0x00,0x27,0xF8,0x2C,0x08,0xB4,0x08,0xA5,0xE8,0xA5,0x28,0xA5,0x28,0x25,
0x28,0x25,0x28,0x25,0xE8,0x54,0x08,0x54,0x08,0x44,0x08,0x84,0x38,0x20,0x00,0x27,0xF8,0x20,0x80,0xA8,
0x80,0xB7,0xF8,0xA4,0x88,0xA4,0x88,0x25,0x48,0x26,0x28,0x24,0x18,0x54,0x08,0x4C,0x08,0x44,0x08,0x84,
0x38,0x22,0x00,0x22,0x00,0x2B,0xF8,0xB5,0x00,0xA5,0x00,0xA9,0x00,0xA1,0xF0,0x21,0x00,0x21,0x00,0x21,
0x00,0x51,0xF8,0x49,0x00,0x41,0x00,0x81,0x00,0x04,0x00,0x04,0x00,0x07,0xF0,0x04,0x00,0x04,0x00,0x3F,
0xE0,0x20,0x20,0x20,0x20,0x20,0x20,0x3F,0xE0,0x00,0x00,0x49,0x10,0x44,0x88,0x84,0x88,0x20,0x80,0x20,
0x80,0x2F,0xF0,0xB1,0x00,0xA1,0x00,0xA7,0xC0,0xA2,0x40,0x24,0x40,0x27,0xF8,0x20,0x40,0x52,0x50,0x52,
0x48,0x44,0x48,0x81,0xC0,0x20,0x00,0x23,0xF0,0x22,0x10,0xAA,0x10,0xB2,0x10,0xA2,0x10,0xA2,0x10,0x23,
0xF0,0x20,0x00,0x20,0x00,0x51,0x20,0x49,0x10,0x42,0x08,0x84,0x08,0x20,0x00,0x20,0x70,0x2B,0x80,0xB2,
0x00,0xA2,0x40,0xA2,0x40,0xA3,0xF8,0x20,0x40,0x20,0x40,0x22,0x50,0x52,0x48,0x54,0x48,0x40,0x40,0x81,
0xC0,0x22,0x10,0x21,0x10,0x29,0x20,0xB0,0x00,0xA7,0xF8,0xA0,0x00,0xA0,0x00,0x20,0x00,0x23,0xF0,0x20,
0x00,0x50,0x00,0x50,0x00,0x40,0x00,0x87,0xF8,0x20,0x00,0x23,0xF0,0x20,0x20,0xA8,0x40,0xB0,0xA0,0xA1,
0x10,0xA2,0x08,0x24,0x00,0x23,0xF0,0x20,0x40,0x50,0x40,0x50,0x40,0x40,0x40,0x87,0xF8,0x7E,0x10,0x10,
0x90,0x3E,0x90,0x42,0x90,0xA4,0x90,0x14,0x90,0x08,0x10,0x10,0x10,0x60,0x70,0x00,0x00,0x49,0x10,0x44,
0x88,0x84,0x88,0x21,0x20,0x21,0x20,0x21,0x20,0xAB,0xF0,0xB1,0x20,0xA1,0x20,0xA1,0x20,0x21,0x20,0x27,
0xF8,0x20,0x00,0x51,0x20,0x49,0x10,0x42,0x08,0x84,0x08,0x21,0x00,0x21,0x00,0x29,0xE0,0xB2,0x20,0xA5,
0x40,0xA0,0x80,0xA1,0x40,0x22,0x20,0x24,0x18,0x23,0xE0,0x52,0x20,0x52,0x20,0x43,0xE0,0x82,0x20,0x20,
0x80,0x20,0x80,0x28,0x80,0xB7,0xF0,0xA4,0x90,0xA4,0x90,0xA4,0x90,0x24,0x90,0x27,0xF0,0x20,0x80,0x50,
0x90,0x50,0x88,0x4F,0xF8,0x80,0x08,0x20,0x00,0x27,0xF0,0x2C,0x10,0xB4,0x90,0xA4,0x90,0xA7,0xF0,0xA4,
0x90,0x24,0x90,0x25,0x50,0x26,0x30,0x54,0x10,0x54,0x10,0x47,0xF0,0x84,0x10,0x20,0x80,0x20,0x90,0x2B,
0xD0,0xB0,0xA0,0xA7,0xF8,0xA0,0x80,0xA1,0x00,0x23,0xF0,0x24,0x80,0x29,0x00,0x51,0xF0,0x50,0x10,0x40,
0x10,0x80,0x60,0x20,0x00,0x23,0xF8,0x20,0x40,0xA8,0x80,0xB3,0xF8,0xA2,0x08,0xA2,0x48,0x22,0x48,0x22,
0x48,0x22,0x48,0x52,0x48,0x48,0xA0,0x41,0x10,0x82,0x08,0x21,0x00,0x21,0x00,0x29,0x70,0xB7,0x80,0xA0,
0xA0,0xA0,0x48,0xA1,0xA8,0x26,0x18,0x20,0x00,0x27,0xF0,0x51,0x40,0x49,0x40,0x42,0x48,0x8C,0x38,0x20,
0x80,0x20,0x80,0x29,0x40,0xB2,0x20,0xA4,0x10,0xAB,0xE8,0xA0,0x00,0x20,0x00,0x27,0xF0,0x21,0x00,0x52,
0x40,0x54,0x20,0x47,0xF0,0x80,0x10,0x27,0xE0,0x10,0xC0,0x81,0x00,0x43,0xF0,0x11,0x50,0x22,0x50,0x24,
0x90,0x49,0x10,0x40,0x60,0x02,0x00,0x22,0x20,0x45,0x40,0x18,0xC0,0xE0,0x38,0x20,0x00,0x27,0xF0,0x2C,
0x10,0xB4,0x10,0xA7,0xF0,0xA4,0x80,0xA4,0x40,0x24,0x20,0x25,0x98,0x24,0x40,0x58,0x00,0x49,0x80,0x40,
0x40,0x80,0x20,0x10,0x80,0x10,0x80,0x7B,0xE0,0x10,0xA0,0x18,0xA0,0x72,0xA0,0x11,0x28,0x11,0xA8,0x12,
0x98,0x74,0x08,0x00,0x00,0x49,0x10,0x44,0x88,0x84,0x88,0x20,0x10,0x23,0x20,0x28,0xC0,0xB1,0x20,0xA2,
0x90,0xA7,0xF8,0xA1,0x00,0x22,0x40,0x27,0xF8,0x2A,0x48,0x52,0x48,0x52,0x48,0x42,0x58,0x80,0x40,0x20,
0x80,0x20,0x40,0x27,0xF8,0xAC,0x08,0xB0,0x00,0xA3,0xF0,0xA0,0x00,0x20,0x00,0x27,0xF8,0x21,0x20,0x51,
0x20,0x4A,0x20,0x44,0x28,0x88,0x18,0x02,0x00,0xFF,0xF8,0x00,0x00,0x3F,0xE0,0x20,0x20,0x3F,0xE0,0x00,
0x00,0x7F,0xC0,0x00,0x80,0x03,0x00,0x02,0x00,0x06,0x00,0x49,0x10,0x84,0x88,0x21,0x00,0x21,0xE0,0x2A,
0x20,0xB5,0x40,0xA0,0x80,0xA3,0x60,0xAC,0x98,0x23,0xE0,0x20,0x80,0x23,0xE0,0x50,0x80,0x57,0xF0,0x40,
0x80,0x80,0x80,0x7F,0xF0,0x02,0x00,0x23,0xF0,0x22,0x00,0xFF,0xF8,0x10,0x00,0x1F,0xF0,0x20,0x00,0x3F,
0xF0,0x00,0x10,0x55,0x10,0x8A,0x90,0x00,0x60,0x20,0x00,0x27,0xF0,0x2C,0x10,0xB7,0xF0,0xA4,0x10,0xA7,
0xF0,0xA0,0x00,0x27,0xF0,0x20,0x80,0x20,0x80,0x57,0xF8,0x50,0x80,0x40,0x80,0x80,0x80,0x22,0x00,0x22,
0x00,0x2B,0xE0,0xB4,0x20,0xA8,0x40,0xA7,0xF0,0xA4,0x90,0x24,0x90,0x24,0x90,0x2F,0xF8,0x51,0x40,0x52,
0x20,0x44,0x10,0x88,0x08,0x20,0x80,0x20,0x40,0x23,0xF0,0xA8,0x00,0xB2,0x10,0xA1,0x20,0xA7,0xF8,0x20,
0x00,0x20,0x00,0x23,0xF0,0x52,0x10,0x4A,0x10,0x43,0xF0,0x82,0x10,0x10,0x40,0x10,0x40,0xFD,0xF8,0x38,
0xE0,0x55,0x50,0x92,0x48,0x10,0x40,0x02,0x00,0x22,0x20,0x22,0x40,0x45,0x00,0x08,0x80,0x30,0x60,0xC0,
0x18,0x11,0x00,0x20,0x80,0x7F,0xF8,0xA1,0x00,0x3F,0xF0,0x21,0x00,0x3F,0xF0,0x21,0x00,0x21,0x00,0x3F,
0xF8,0x20,0x00,0x49,0x10,0x44,0x88,0x84,0x88,0x21,0x00,0x21,0x00,0x2B,0xF0,0xB4,0x10,0xA8,0x20,0xA1,
0x00,0xA6,0x38,0x24,0x08,0x24,0x08,0x27,0x38,0x54,0x08,0x54,0x08,0x47,0xF8,0x84,0x08,0x20,0xA0,0x20,
0x90,0x3C,0x80,0x27,0xF8,0x54,0x80,0x49,0x40,0xA9,0x40,0x12,0x20,0x24,0x10,0x48,0x08,0x80,0x00,0x49,
0x10,0x44,0x88,0x84,0x88,0x20,0x80,0x21,0x00,0x2F,0xF0,0xB4,0x10,0xA7,0xF0,0xA4,0x10,0xA7,0xF0,0x20,
0x00,0x27,0xF0,0x20,0x80,0x57,0xF0,0x50,0x80,0x40,0x80,0x8F,0xF8,0x20,0x20,0x10,0x40,0xFF,0xF8,0x00,
0x00,0x7E,0x90,0x42,0x90,0x7E,0x90,0x42,0x90,0x7E,0x90,0x42,0x10,0x4E,0x70,0x00,0x00,0x49,0x10,0x84,
0x88,0x20,0x80,0x20,0x80,0x38,0xF8,0x49,0x10,0x92,0x90,0x7C,0xA0,0x04,0x40,0x7C,0xA0,0x05,0x10,0x7C,
0x08,0x00,0x00,0x49,0x10,0x44,0x88,0x84,0x88,0x22,0x20,0x22,0x20,0x2F,0xF0,0xB2,0x20,0xA3,0xE0,0xA2,
0x20,0xA3,0xE0,0x20,0x80,0x27,0xF8,0x21,0xC0,0x52,0xA0,0x54,0x90,0x48,0x88,0x80,0x80,0x7B,0xF0,0x49,
0x10,0x49,0x10,0x49,0x10,0x7A,0x60,0x48,0x00,0x4B,0xF0,0x4A,0x10,0x4A,0x10,0x7B,0xF0,0x00,0x00,0x49,
0x10,0x44,0x88,0x84,0x88,0x04,0x00,0x3F,0xD0,0x04,0x20,0xFF,0xF8,0x03,0x00,0x1F,0xE0,0xF0,0x20,0x1F,
0xE0,0x10,0x20,0x1F,0xE0,0x00,0x00,0x49,0x10,0x44,0x88,0x84,0x88,0x21,0x00,0x20,0x80,0x27,0xF8,0xAC,
0x08,0xB7,0xF8,0xA4,0x00,0xA7,0xB8,0x24,0x88,0x26,0xA8,0x25,0x98,0x56,0xA8,0x54,0x88,0x44,0x88,0x89,
0x98,0x20,0x40,0x20,0x80,0x2B,0xF0,0xB2,0x10,0xA3,0xF0,0xA2,0x10,0xA3,0xF0,0x22,0x10,0x23,0xF0,0x20,
0x80,0x50,0x50,0x55,0x48,0x45,0x28,0x88,0xE0,0x10,0x80,0x24,0xB0,0x7E,0xC0,0x00,0x88,0x7E,0x78,0x42,
0x00,0x7E,0x80,0x42,0xB0,0x7E,0xC0,0x42,0x88,0x4E,0x78,0x00,0x00,0x49,0x10,0x84,0x88,0x00,0xE0,0x3F,
0x00,0x02,0x00,0xFF,0xF8,0x02,0x00,0x3F,0xE0,0x2A,0xA0,0x3F,0xE0,0x02,0x00,0x7F,0xF0,0x02,0x00,0xFF,
0xF8,0x49,0x10,0x84,0x88,0x20,0x80,0x20,0x40,0x2B,0xF8,0xB2,0x08,0xA0,0xA0,0xA1,0x10,0xA2,0x48,0x20,
0xA0,0x21,0x10,0x23,0xF8,0x55,0x10,0x51,0x10,0x41,0xF0,0x81,0x10,0x7E,0xF8,0x48,0x88,0x48,0x88,0x5E,
0x88,0x52,0xF8,0x52,0x80,0x5E,0x80,0x48,0x88,0x48,0x88,0x7E,0x78,0x00,0x00,0x49,0x10,0x44,0x88,0x84,
0x88,0x10,0x80,0xFE,0x80,0x01,0xE0,0x7C,0xA0,0x44,0xA0,0x7D,0xA0,0x00,0xE0,0x7C,0xA0,0x08,0xA8,0xFD,
0x18,0x12,0x08,0x30,0x00,0x49,0x10,0x84,0x88,0x10,0x80,0x7C,0x80,0x10,0xF8,0x7D,0x10,0x12,0x90,0xFC,
0xA0,0x20,0x40,0x3C,0xA0,0x45,0x10,0x8C,0x08,0x00,0x00,0x49,0x10,0x44,0x88,0x84,0x88,0x24,0x20,0x24,
0x30,0x2F,0x28,0xB5,0x20,0xA5,0xF8,0xAB,0x20,0xA5,0x20,0x22,0x50,0x24,0x90,0x29,0x08,0x50,0x00,0x55,
0x50,0x44,0xA8,0x88,0xA8,0x20,0x80,0x27,0xF0,0x28,0x80,0xB5,0x50,0xA2,0x20,0xA7,0xF0,0xA2,0x20,0x23,
0xE0,0x22,0x20,0x23,0xE0,0x50,0x80,0x52,0xA0,0x44,0x90,0x81,0x80,0x08,0x80,0x08,0x80,0xFF,0xF8,0x08,
0x80,0x2F,0xA0,0xE0,0x28,0x2F,0xB0,0x28,0xA0,0xE8,0xA8,0x2F,0x98,0x00,0x00,0x49,0x10,0x44,0x88,0x84,
0x88,0x23,0xE0,0x22,0x20,0x2B,0xE0,0xB0,0x00,0xA7,0x70,0xA5,0x50,0xA7,0x70,0x20,0x00,0x20,0x80,0x2F,
0xF8,0x51,0xC0,0x52,0xA0,0x4C,0x98,0x80,0x80,0x27,0xF0,0x24,0x10,0x2F,0xF0,0xB4,0x10,0xA7,0xF0,0xA2,
0x20,0xA7,0xF0,0x22,0x20,0x2F,0xF8,0x24,0x90,0x5A,0xA8,0x51,0xC0,0x42,0xA0,0x85,0x90,0x00,0xF0,0x3F,
0x40,0x24,0x40,0x24,0x40,0x24,0x40,0x24,0x40,0x24,0x40,0x24,0x40,0x24,0x20,0x24,0x20,0x24,0x20,0x44,
0x10,0x44,0x10,0x80,0x08,0x07,0x00,0x79,0xF0,0x55,0x50,0x55,0x50,0x55,0x50,0x55,0xF0,0x55,0x00,0x55,
0x00,0x55,0x08,0x55,0x08,0x52,0xF8,0x52,0x00,0x51,0x00,0x90,0xF8,0x00,0xF0,0x7F,0x20,0x24,0x20,0x12,
0x40,0xFF,0xF8,0x84,0x08,0x7F,0xF0,0x08,0x00,0x1F,0xE0,0x14,0x40,0x22,0x80,0x41,0x00,0x86,0xC0,0x38,
0x38,0x03,0xF0,0xFC,0x20,0x22,0x40,0x7F,0xF0,0x48,0x90,0x7F,0xF0,0x00,0x20,0x7C,0x20,0x47,0xF8,0x7C,
0x20,0x45,0x20,0x7C,0xA0,0x58,0x20,0x64,0xE0,0x08,0x80,0x10,0x40,0x20,0x20,0x40,0x10,0x90,0x48,0x10,
0x40,0x08,0x80,0x08,0x80,0x05,0x00,0x02,0x00,0x05,0x00,0x08,0x80,0x30,0x60,0xC0,0x18,0x08,0x80,0x10,
0x40,0x30,0x60,0x48,0x90,0x07,0x00,0x18,0xC0,0xE0,0x38,0x00,0x00,0x7F,0xE0,0x04,0x20,0x04,0x20,0x04,
0x20,0x04,0xC0,0x04,0x00,0x08,0x80,0x10,0x40,0x68,0xA0,0x07,0x00,0x18,0xC0,0xE0,0x38,0x3F,0xE0,0x22,
0x20,0x22,0x20,0x3F,0xE0,0x20,0x00,0x20,0x10,0x20,0x10,0x1F,0xF0,0x08,0x80,0x10,0x40,0x68,0xA0,0x07,
0x00,0x18,0xC0,0xE4,0x38,0x0F,0x80,0x35,0x00,0x06,0x80,0x39,0xF0,0x06,0x20,0x19,0x40,0x01,0x80,0x7E,
0x00,0x02,0x00,0x7F,0xF0,0x02,0x00,0x2A,0xA0,0x12,0x40,0x2A,0xA0,0x02,0x00,0x2A,0xA0,0x12,0x40,0x2A,
0xA0,0x05,0x00,0x08,0x80,0x30,0x60,0xC0,0x18,0x00,0x80,0x20,0x80,0x20,0x80,0x20,0x80,0x3F,0xF0,0x20,
0x00,0x20,0x00,0x20,0x00,0x3F,0xC0,0x20,0x40,0x20,0x40,0x20,0x40,0x40,0x40,0x80,0x40,0x08,0x00,0x48,
0x18,0x49,0xE0,0x49,0x00,0x7D,0x00,0x41,0xF0,0x41,0x50,0x79,0x50,0x49,0x50,0x49,0x50,0x49,0x20,0x49,
0x20,0x4A,0x50,0x8C,0x88,0x10,0x40,0x50,0x80,0x53,0xF8,0x52,0x48,0x7A,0x48,0x43,0xF8,0x42,0x48,0x72,
0x48,0x53,0xF8,0x50,0xA0,0x51,0x20,0x57,0xF8,0x50,0x20,0x90,0x20,0x7F,0xF0,0x00,0x40,0x10,0x40,0x10,
0x40,0x20,0x40,0x3F,0xF8,0x01,0x40,0x02,0x40,0x04,0x40,0x08,0x40,0x30,0x40,0xC0,0x40,0x01,0xC0,0x02,
0x00,0x22,0x00,0x22,0x00,0x3F,0xF0,0x42,0x00,0x42,0x00,0x82,0x00,0x02,0x00,0xFF,0xF8,0x02,0x00,0x02,
0x00,0x02,0x00,0x02,0x00,0x02,0x00,0x04,0x00,0x08,0x00,0x10,0x40,0x20,0x20,0x7F,0xF0,0x02,0x10,0x22,
0x00,0x3F,0xE0,0x42,0x00,0x02,0x00,0xFF,0xF8,0x02,0x00,0x02,0x00,0x02,0x00,0x10,0x40,0x10,0x40,0x50,
0x40,0x50,0x40,0x7C,0x40,0x51,0xF0,0x90,0x40,0x10,0x40,0x1C,0x40,0xF0,0x40,0x10,0x40,0x10,0x40,0x10,
0x40,0x13,0xF8,0x04,0x00,0x02,0x00,0xFF,0xF8,0x80,0x08,0x82,0x08,0x22,0x00,0x3F,0xF0,0x42,0x00,0x82,
0x00,0x02,0x00,0xFF,0xF8,0x02,0x00,0x02,0x00,0x02,0x00,0x10,0x80,0x10,0x80,0x51,0x00,0x51,0xF8,0x7A,
0x10,0x55,0x10,0x91,0x10,0x19,0x10,0x30,0xA0,0xD0,0xA0,0x10,0x40,0x10,0xA0,0x11,0x10,0x12,0x08,0x11,
0x00,0x11,0x00,0x51,0xF8,0x52,0xA8,0x7C,0xA8,0x50,0xA8,0x91,0x28,0x19,0x28,0x32,0x48,0xD4,0x48,0x10,
0x88,0x11,0x08,0x12,0x08,0x10,0x30,0x10,0x40,0x10,0x40,0x52,0x40,0x52,0x40,0x7B,0xF8,0x52,0x40,0x94,
0x40,0x18,0x40,0x33,0xF0,0xD0,0x40,0x10,0x40,0x10,0x40,0x10,0x40,0x17,0xF8,0x02,0x00,0x3F,0xE0,0x05,
0x00,0x08,0x80,0x10,0x40,0xFF,0xF8,0x80,0x08,0x22,0x00,0x3F,0xE0,0x42,0x00,0x02,0x00,0xFF,0xF8,0x02,
0x00,0x02,0x00,0x10,0x80,0x10,0x80,0x53,0xF0,0x50,0x80,0x78,0x80,0x57,0xF8,0x90,0x20,0x18,0x20,0x37,
0xF8,0xD0,0x20,0x12,0x20,0x11,0x20,0x10,0x20,0x10,0xE0,0x10,0x00,0x13,0xF8,0x50,0xA0,0x50,0xA0,0x7B,
0xF8,0x52,0xA8,0x92,0xA8,0x1A,0xA8,0x32,0xA8,0xD3,0x18,0x12,0x08,0x12,0x08,0x13,0xF8,0x12,0x08,0x3F,
0xF8,0x20,0x08,0x3F,0xF8,0x24,0x90,0x22,0xA0,0x24,0x90,0x20,0x00,0x24,0x80,0x27,0xF0,0x28,0x80,0x40,
0x80,0x5F,0xF8,0x80,0x80,0x00,0x80,0x0C,0x10,0x70,0x90,0x10,0x90,0xFE,0x90,0x54,0x90,0x92,0x10,0x10,
0x70,0x22,0x00,0x3F,0xE0,0x42,0x00,0x02,0x00,0xFF,0xF8,0x02,0x00,0x02,0x00,0x10,0x40,0x10,0x40,0x51,
0xF0,0x50,0x40,0x7B,0xF8,0x51,0x08,0x90,0xA0,0x1A,0x20,0x31,0x20,0xD3,0xF8,0x10,0x40,0x10,0x90,0x11,
0x08,0x12,0x08,0x02,0x40,0x02,0x20,0x02,0x20,0x02,0x00,0xFF,0xF8,0x02,0x00,0x05,0x00,0x05,0x00,0x05,
0x00,0x08,0x80,0x08,0x80,0x10,0x40,0x20,0x20,0xC0,0x18,0x10,0x00,0x93,0xF0,0x52,0x10,0x22,0x10,0x52,
0x10,0x92,0x10,0x12,0x10,0x32,0x60,0x52,0x00,0x92,0x00,0x12,0x00,0x12,0x08,0x12,0x08,0x61,0xF8,0x10,
0x80,0x10,0xA0,0x90,0x90,0x50,0x80,0x57,0xF8,0x10,0x80,0x10,0x80,0x31,0x40,0x51,0x40,0x91,0x40,0x12,
0x20,0x12,0x20,0x14,0x10,0x18,0x08,0x11,0x00,0x91,0x20,0x51,0x10,0x21,0x00,0x57,0xF8,0x91,0x40,0x11,
0x40,0x31,0x40,0x51,0x40,0x91,0x40,0x12,0x40,0x12,0x48,0x14,0x48,0x68,0x38,0x10,0x00,0x97,0xF0,0x50,
0x80,0x20,0x80,0x50,0x80,0x90,0x80,0x10,0x80,0x37,0xF0,0x50,0x80,0x90,0x80,0x10,0x80,0x10,0x80,0x10,
0x80,0x6F,0xF8,0x10,0x80,0x90,0x80,0x50,0x90,0x24,0x90,0x54,0x90,0x94,0xA0,0x18,0x80,0x31,0x40,0x51,
0x40,0x91,0x40,0x12,0x20,0x12,0x20,0x14,0x10,0x68,0x08,0x10,0x00,0x93,0xF8,0x52,0x08,0x22,0x08,0x52,
0x48,0x92,0x48,0x12,0x48,0x32,0x48,0x52,0x48,0x92,0x48,0x10,0xA0,0x11,0x10,0x12,0x08,0x64,0x08,0x10,
0x00,0x90,0xF0,0x57,0x40,0x25,0x40,0x55,0x40,0x95,0x40,0x15,0x40,0x35,0x20,0x55,0x20,0x95,0x20,0x15,
0x10,0x15,0x50,0x19,0xA8,0x61,0x00,0x11,0x00,0x91,0x00,0x51,0xF8,0x22,0x08,0x54,0x08,0x93,0xC8,0x12,
0x48,0x32,0x48,0x52,0x48,0x92,0x48,0x13,0xC8,0x12,0x08,0x10,0x08,0x60,0x30,0x10,0x00,0x93,0xF0,0x52,
0x10,0x22,0x10,0x52,0x10,0x93,0xF0,0x12,0x10,0x32,0x10,0x52,0x10,0x93,0xF0,0x12,0x10,0x12,0x10,0x12,
0x10,0x67,0xF8,0x10,0x80,0x90,0x40,0x57,0xF8,0x24,0x08,0x54,0x08,0x90,0x00,0x17,0xF8,0x30,0x40,0x50,
0x40,0x90,0x40,0x10,0x40,0x10,0x40,0x10,0x40,0x61,0xC0,0x10,0x00,0x93,0xF0,0x52,0x10,0x22,0x10,0x53,
0xF0,0x92,0x10,0x12,0x10,0x33,0xF0,0x52,0x48,0x92,0x50,0x12,0x20,0x12,0xA0,0x13,0x10,0x62,0x08,0x11,
0x00,0x90,0x80,0x57,0xF0,0x20,0x00,0x52,0x20,0x94,0x10,0x1A,0x28,0x32,0x20,0x51,0x40,0x91,0x40,0x10,
0x80,0x11,0x40,0x12,0x20,0x6C,0x18,0x10,0x80,0x90,0x80,0x50,0x80,0x27,0xF0,0x54,0x90,0x94,0x90,0x14,
0x90,0x34,0x90,0x57,0xF0,0x90,0x80,0x10,0x90,0x10,0x88,0x1F,0xF8,0x60,0x08,0x10,0x80,0x90,0x80,0x57,
0xF0,0x20,0x80,0x54,0x90,0x92,0xA0,0x10,0x80,0x3F,0xF8,0x50,0x80,0x91,0x40,0x11,0x40,0x12,0x20,0x14,
0x10,0x68,0x08,0x92,0x00,0x52,0xF8,0x22,0x20,0x6A,0x20,0xAA,0xF8,0x2A,0xA8,0x2A,0xA8,0x6A,0xA8,0xAA,
0xA8,0x22,0xA8,0x22,0xB8,0x24,0x20,0x24,0x20,0xC8,0x20,0x11,0x00,0x91,0xE0,0x52,0x20,0x24,0x40,0x53,
0xF0,0x90,0x90,0x10,0x90,0x37,0xF8,0x50,0x90,0x90,0x90,0x13,0xF0,0x10,0x90,0x10,0x80,0x63,0x80,0x90,
0x40,0x58,0x50,0x24,0x48,0x64,0x48,0xA0,0x40,0x2D,0xF8,0x24,0x40,0x64,0x40,0xA4,0xA0,0x24,0xA0,0x26,
0xA0,0x25,0x10,0x21,0x10,0xC2,0x08,0x10,0x00,0x97,0xF0,0x54,0x90,0x24,0x90,0x57,0xF0,0x94,0x90,0x14,
0x90,0x37,0xF0,0x50,0x80,0x90,0x80,0x17,0xF0,0x10,0x80,0x10,0x80,0x6F,0xF8,0x11,0x00,0x90,0x80,0x57,
0xF0,0x24,0x10,0x54,0x10,0x97,0xF0,0x14,0x10,0x34,0x10,0x57,0xF0,0x94,0x88,0x14,0x50,0x15,0x20,0x16,
0x10,0x64,0x08,0x11,0x20,0x91,0x20,0x53,0xF0,0x21,0x20,0x51,0x20,0x97,0xF8,0x10,0x00,0x33,0xF0,0x52,
0x10,0x92,0x10,0x13,0xF0,0x12,0x10,0x12,0x10,0x63,0xF0,0x10,0x00,0x93,0xF0,0x52,0x10,0x23,0xF0,0x52,
0x10,0x93,0xF0,0x10,0x00,0x37,0xF8,0x54,0x08,0x97,0xF8,0x14,0x08,0x14,0x08,0x17,0xF8,0x64,0x08,0x10,
0x00,0x93,0xF0,0x50,0x20,0x20,0x40,0x57,0xF8,0x90,0x40,0x10,0x40,0x31,0xC0,0x50,0x00,0x97,0xF0,0x15,
0x50,0x15,0x50,0x15,0x50,0x6F,0xF8,0x10,0x80,0x97,0xF0,0x50,0x80,0x27,0xF0,0x50,0x80,0x9F,0xF8,0x10,
0x00,0x37,0xF0,0x54,0x10,0x97,0xF0,0x14,0x10,0x17,0xF0,0x14,0x10,0x64,0x70,0x10,0x00,0x97,0xF0,0x54,
0x10,0x27,0xF0,0x54,0x10,0x97,0xF0,0x10,0x80,0x34,0x80,0x57,0xF8,0x98,0x80,0x17,0xF0,0x10,0x80,0x10,
0x80,0x6F,0xF8,0x10,0x80,0x90,0x90,0x57,0xD0,0x20,0xA0,0x50,0xC0,0x97,0xF8,0x11,0x00,0x32,0x00,0x57,
0xF0,0x9A,0x10,0x13,0xF0,0x12,0x10,0x13,0xF0,0x62,0x10,0x12,0x20,0x92,0x20,0x57,0xF8,0x22,0x20,0x50,
0x00,0x97,0xF0,0x14,0x90,0x34,0x90,0x57,0xF0,0x94,0x90,0x14,0x90,0x14,0x90,0x17,0xF0,0x64,0x10,0x10,
0x00,0x97,0xF8,0x54,0x88,0x27,0xF8,0x54,0x88,0x97,0xF8,0x10,0x00,0x33,0xF0,0x52,0x10,0x93,0xF0,0x12,
0x10,0x13,0xF0,0x12,0x10,0x62,0x70,0x10,0x40,0x10,0x50,0xFE,0x48,0x10,0x40,0xFE,0xF8,0x82,0x40,0xAA,
0x40,0x92,0x40,0xBA,0x40,0x92,0x40,0xFE,0xA0,0x92,0xA0,0x92,0x90,0x87,0x08,0x11,0x00,0x91,0x70,0x52,
0x10,0x22,0x10,0x56,0xF8,0x9A,0x40,0x12,0x78,0x32,0xA0,0x52,0x20,0x92,0xF8,0x12,0x20,0x12,0x50,0x12,
0x50,0x62,0x88,0x13,0xF0,0x92,0x10,0x53,0xD0,0x22,0x50,0x57,0xF8,0x94,0x08,0x13,0xF0,0x32,0x10,0x53,
0xF0,0x92,0x10,0x13,0xF0,0x12,0x10,0x12,0x10,0x62,0x70,0x10,0x80,0x90,0x80,0x53,0xF0,0x20,0x80,0x57,
0xF8,0x90,0x00,0x13,0xF0,0x32,0x10,0x53,0xF0,0x90,0x88,0x11,0x50,0x13,0x20,0x1D,0x10,0x61,0x88,0x92,
0x20,0x52,0x20,0x2F,0xB8,0x62,0x48,0xAF,0x90,0x2A,0xF8,0x2A,0x88,0x6F,0xA8,0xA2,0xA8,0x27,0xA8,0x2A,
0xA8,0x32,0x50,0x22,0x48,0xC2,0x88,0x04,0x00,0x02,0x00,0xFF,0xF8,0x04,0x00,0x08,0x00,0x10,0x40,0x20,
0x80,0x7F,0x00,0x02,0x00,0x04,0x00,0x08,0x40,0x10,0x20,0x7F,0xF0,0x00,0x10,0x04,0x00,0x02,0x00,0x7F,
0xF0,0x02,0x00,0x84,0x88,0x4F,0x10,0x22,0x20,0x44,0x90,0x8F,0xC8,0x02,0x40,0xFF,0xF8,0x02,0x00,0x02,
0x00,0x02,0x00,0x7F,0xF0,0x02,0x00,0x02,0x00,0x02,0x00,0x02,0x00,0x02,0x00,0x3F,0xE0,0x02,0x00,0x02,
0x00,0x02,0x40,0x02,0x20,0x02,0x00,0xFF,0xF8,0x7F,0xF0,0x02,0x00,0x02,0x00,0x02,0x00,0x02,0x00,0x02,
0x00,0x3F,0xE0,0x02,0x00,0x02,0x00,0x02,0x00,0x02,0x00,0x02,0x00,0xFF,0xF8,0x01,0x00,0x01,0x00,0xF9,
0x00,0x21,0xF0,0x22,0x10,0x22,0x10,0xFC,0x20,0x20,0x20,0x20,0x40,0x20,0x40,0x38,0xA0,0xE1,0x20,0x02,
0x10,0x0C,0x08,0x07,0xE0,0xF8,0x20,0x22,0x20,0x22,0x20,0x22,0x20,0xFB,0xF8,0x20,0x08,0x20,0x08,0x27,
0xE8,0x38,0x08,0xE0,0x08,0x00,0x08,0x00,0x30,0x03,0xF0,0xF8,0x00,0x20,0x00,0x20,0x00,0x27,0xF8,0xF9,
0x20,0x21,0x20,0x21,0x20,0x21,0x20,0x3A,0x20,0xE2,0x28,0x04,0x28,0x08,0x18,0x01,0x00,0x01,0x00,0xF9,
0x00,0x21,0xF8,0x22,0x10,0x25,0x10,0xF9,0x10,0x21,0x10,0x20,0xA0,0x20,0xA0,0x38,0x40,0xE0,0xA0,0x01,
0x10,0x06,0x08,0x07,0xF8,0xF8,0x40,0x20,0x40,0x20,0x80,0x20,0x80,0xF9,0xA0,0x22,0x90,0x24,0x88,0x20,
0x88,0x38,0x80,0xE0,0x80,0x00,0x80,0x00,0x80,0x07,0xF0,0xF4,0x10,0x24,0x90,0x24,0x90,0x24,0x90,0xF4,
0x90,0x24,0x90,0x24,0x90,0x21,0x40,0x31,0x40,0xC2,0x48,0x04,0x48,0x08,0x38,0x00,0x80,0x00,0x80,0xF9,
0x40,0x22,0x20,0x25,0x10,0x28,0x88,0xF8,0x00,0x27,0xF0,0x20,0x10,0x20,0x20,0x3A,0x40,0xE1,0x80,0x00,
0x80,0x00,0x40,0x00,0x80,0x00,0x80,0xF8,0x80,0x20,0xF8,0x20,0x80,0x20,0x80,0xF8,0x80,0x23,0xF0,0x22,
0x10,0x22,0x10,0x3A,0x10,0xE2,0x10,0x03,0xF0,0x02,0x10,0x00,0x40,0x00,0x40,0xFB,0xF8,0x22,0x48,0x22,
0x50,0x22,0x40,0xFB,0xF0,0x22,0x90,0x22,0x90,0x22,0x90,0x3A,0xA0,0xE2,0x40,0x04,0xA0,0x09,0x18,0xF7,
0x70,0x25,0x50,0x25,0x50,0x25,0x50,0xF5,0x50,0x2F,0xF8,0x25,0x50,0x25,0x50,0x25,0x50,0x35,0x50,0xC5,
0x50,0x0B,0x50,0x10,0xB0,0x00,0x80,0x00,0x80,0xF1,0x40,0x22,0x20,0x2C,0x98,0x21,0x00,0xF2,0x00,0x24,
0x40,0x20,0x80,0x21,0x10,0x36,0x20,0xC0,0x40,0x01,0x80,0x06,0x00,0x00,0x80,0x00,0x80,0xF8,0x80,0x23,
0xF0,0x20,0x80,0x20,0x80,0xF8,0x80,0x27,0xF8,0x20,0x80,0x21,0x00,0x39,0x20,0xE2,0x10,0x07,0xF0,0x00,
0x10,0x00,0x80,0x02,0x80,0xFA,0x80,0x23,0xF0,0x24,0x80,0x20,0x80,0xF8,0x80,0x27,0xF8,0x21,0xC0,0x22,
0xA0,0x3A,0xA0,0xE4,0x90,0x08,0x88,0x00,0x80,0x01,0x00,0xF9,0x78,0x21,0x20,0x25,0x20,0x25,0x20,0xFD,
0x20,0x25,0x78,0x25,0x20,0x29,0x20,0x21,0x20,0x3A,0x20,0xE2,0x20,0x04,0xF8,0x08,0x00,0x00,0x50,0x00,
0x48,0xF8,0x40,0x23,0xF8,0x20,0x40,0x22,0x48,0xF9,0x50,0x20,0x60,0x20,0xE0,0x21,0x50,0x3A,0x50,0xE4,
0x48,0x00,0x40,0x01,0xC0,0x00,0x80,0x00,0x40,0xFB,0xF0,0x22,0x10,0x22,0x10,0x23,0xF0,0xFA,0x10,0x22,
0x10,0x23,0xF0,0x22,0x48,0x3A,0x50,0xE2,0x20,0x02,0x90,0x03,0x08,0x07,0xF0,0xF4,0x90,0x24,0x90,0x27,
0xF0,0x24,0x90,0xF4,0x90,0x27,0xF0,0x20,0x80,0x20,0x80,0x37,0xF0,0xC0,0x80,0x00,0x80,0x0F,0xF8,0x00,
0x80,0x00,0x40,0xF7,0xF8,0x20,0x80,0x21,0x20,0x22,0x10,0xF7,0xF8,0x20,0x08,0x22,0xA0,0x22,0xA0,0x32,
0xA0,0xC2,0xA0,0x04,0xA8,0x08,0x18,0x00,0x40,0x02,0x48,0xF9,0x50,0x20,0x40,0x23,0xF8,0x22,0x08,0xFA,
0x48,0x22,0x48,0x22,0x48,0x22,0x48,0x3A,0x48,0xE0,0xA0,0x01,0x10,0x06,0x08,0x07,0xF8,0xF0,0x80,0x21,
0x00,0x22,0x88,0x24,0x50,0xF2,0xE0,0x21,0x60,0x22,0xD0,0x24,0xD0,0x31,0x48,0xC2,0x40,0x04,0x40,0x01,
0x80,0x02,0x20,0x02,0x20,0xE2,0x20,0x4F,0x78,0x42,0x20,0x46,0x60,0xE7,0x70,0x4A,0xB0,0x4A,0xA8,0x53,
0x20,0x62,0x20,0xC2,0x20,0x02,0x20,0x02,0x20,0xFD,0xF8,0x10,0x40,0x7D,0xF0,0x10,0x40,0xFD,0xF8,0x02,
0x00,0x0D,0x80,0x30,0x60,0xC2,0x18,0x1F,0xC0,0x00,0x80,0x01,0x00,0x02,0x00,0xFD,0xF8,0x10,0x40,0x7D,
0xF0,0x10,0x40,0xFD,0xF8,0x00,0x00,0x41,0x00,0x41,0x10,0x7D,0x20,0x41,0xC0,0x41,0x08,0x4D,0x08,0x70,
0xF8,0xFD,0xF8,0x10,0x40,0x7D,0xF0,0x10,0x40,0xFD,0xF8,0x00,0x00,0x7F,0xF0,0x42,0x10,0x42,0x10,0x7F,
0xF0,0x40,0x00,0x40,0x08,0x3F,0xF8,0x00,0x80,0x00,0x40,0xFB,0xF8,0x20,0x00,0x21,0xF0,0x21,0x10,0xF9,
0x10,0x21,0x10,0x21,0xF0,0x20,0x40,0x3A,0x50,0xE2,0x48,0x04,0x48,0x01,0xC0,0x02,0x48,0xFA,0x48,0x24,
0x90,0x22,0x48,0x22,0x48,0xF8,0x80,0x23,0xF8,0x22,0x08,0x22,0xA8,0x22,0x48,0x3A,0xA8,0xE2,0x08,0x03,
0xF8,0x02,0x08,0x02,0x00,0x02,0x78,0xF2,0x48,0x2F,0xC8,0x22,0x48,0x22,0x78,0xF7,0x48,0x25,0x48,0x25,
0x78,0x25,0x48,0x37,0x48,0xC4,0x88,0x00,0x88,0x01,0x38,0x00,0x40,0x02,0x48,0xFA,0x48,0x23,0xF8,0x20,
0x00,0x27,0xF8,0xF8,0x40,0x20,0x80,0x23,0xF8,0x22,0xA8,0x3A,0xA8,0xE2,0xA8,0x02,0xA8,0x02,0x18,0xFD,
0xF8,0x10,0x40,0x10,0x40,0x7D,0xF0,0x10,0x40,0x10,0x40,0xFD,0xF8,0x04,0x00,0x52,0x50,0x50,0x88,0x97,
0x08,0x18,0x20,0xEF,0xE0,0x00,0x80,0x01,0x00,0xF7,0xF0,0x24,0x90,0x24,0x90,0x27,0xF0,0xF4,0x90,0x25,
0x10,0x27,0xF0,0x21,0xA0,0x32,0xD0,0xC2,0xF8,0x04,0x88,0x08,0x78,0x00,0x70,0x07,0x80,0xF5,0x10,0x22,
0xA0,0x24,0x00,0x27,0xF0,0xF8,0x80,0x20,0x80,0x2F,0xF8,0x20,0x80,0x34,0x90,0xC4,0x90,0x07,0xF0,0x00,
0x10,0x00,0x80,0x00,0x40,0xFB,0xF8,0x20,0xA0,0x22,0x48,0x22,0xA8,0xFB,0xF8,0x20,0x40,0x23,0xF8,0x22,
0x48,0x3A,0xA8,0xE2,0xE8,0x02,0x08,0x02,0x38,0x00,0x40,0x7D,0xF8,0x45,0x10,0x7C,0xA0,0x81,0xF8,0x7C,
0x40,0x45,0xF0,0x7C,0x40,0x00,0x00,0x7F,0xF0,0x02,0x00,0x3F,0xE0,0x02,0x40,0xFF,0xF8,0x00,0xF0,0x3F,
0x40,0x24,0x40,0x24,0x40,0x24,0x40,0x24,0x40,0x24,0x40,0x24,0x40,0x25,0x20,0x24,0xA0,0x25,0xA0,0x46,
0x50,0x44,0x50,0x80,0x08,0x00,0x38,0xFF,0xD0,0x29,0x50,0xFF,0x50,0xAB,0x50,0xFF,0x50,0x01,0x50,0x7D,
0x50,0x01,0x50,0xFF,0x50,0x11,0x48,0x55,0x40,0x93,0x50,0x32,0x68,0x40,0xE0,0x2F,0x90,0xFA,0xB8,0x0A,
0x80,0x5A,0xA8,0x2A,0x90,0xFA,0xB8,0x2A,0x90,0x2A,0x90,0x7A,0xB8,0x2A,0x90,0x2A,0x50,0x4A,0x90,0x93,
0x50,0x10,0x38,0xFF,0xD0,0x01,0x50,0xEF,0x50,0xAB,0x50,0xEF,0x50,0x49,0x50,0xFD,0x50,0x49,0x50,0xFD,
0x50,0x49,0x48,0xFF,0x40,0xCB,0x50,0x66,0x68,0xFF,0xF0,0x10,0x00,0x10,0x00,0x1F,0x80,0x10,0x80,0x10,
0x80,0x14,0x80,0x22,0x80,0x22,0x80,0x20,0x80,0x26,0x88,0x38,0x88,0x20,0x78,0x08,0x80,0x10,0x40,0x22,
0x20,0xC4,0x18,0x08,0x80,0x3F,0xE0,0x00,0x20,0x00,0x00,0xFF,0xF8,0x10,0x00,0x1F,0xC0,0x22,0x48,0x29,
0x48,0x30,0x38,0x44,0x00,0x29,0xF0,0x00,0x80,0x7C,0x80,0x28,0xE0,0x29,0x20,0x29,0x20,0xFD,0xA0,0x29,
0x60,0x29,0x20,0x29,0x20,0x49,0x28,0x49,0xA8,0x89,0x18,0x42,0x00,0x23,0xF0,0x04,0x90,0x08,0x80,0x21,
0x40,0x42,0x20,0x8C,0x18,0x00,0x00,0xFF,0xF8,0x10,0x00,0x1F,0xC0,0x22,0x48,0x29,0x48,0x30,0x38,0xFE,
0xF8,0x28,0x40,0xFE,0x40,0xAA,0x70,0xAA,0x50,0xFE,0x50,0x10,0x50,0x10,0x50,0xFE,0xB0,0x10,0x90,0x1E,
0x90,0xF0,0x98,0x00,0xC8,0x20,0x20,0x20,0x20,0x20,0x20,0xFF,0xF8,0x20,0x20,0x20,0x20,0x20,0x20,0x3F,
0xE0,0x20,0x20,0x20,0x20,0x20,0x20,0x20,0x20,0x3F,0xE0,0x20,0x20,0x10,0x40,0x10,0x40,0x7F,0xF0,0x10,
0x40,0x1F,0xC0,0x10,0x40,0x1F,0xC0,0x10,0x40,0xFF,0xF8,0x24,0x80,0x28,0x40,0x30,0x20,0x20,0x00,0x3F,
0xF0,0x0C,0x90,0x70,0x90,0x10,0x90,0x10,0x90,0xFD,0xF8,0x10,0x90,0x10,0x90,0x7C,0xF0,0x44,0x90,0x44,
0x90,0x44,0x90,0x7C,0xF0,0x44,0x90,0x02,0x00,0x22,0x00,0x22,0x00,0x3F,0xF0,0x42,0x00,0x42,0x00,0x82,
0x00,0x02,0x00,0x3F,0xE0,0x02,0x00,0x02,0x00,0x02,0x00,0x02,0x00,0xFF,0xF8,0x13,0xF8,0x12,0x48,0x52,
0x48,0x53,0xF8,0x7A,0x48,0x92,0x48,0x13,0xF8,0x78,0x80,0x17,0xF8,0x10,0x88,0x19,0x08,0xE1,0x08,0x02,
0x08,0x04,0x30,0x3F,0xF8,0x21,0x08,0x21,0x08,0x21,0x08,0x3F,0xF8,0x21,0x08,0x21,0x08,0x3F,0xF8,0x21,
0x08,0x21,0x08,0x41,0x08,0x41,0x08,0x80,0x38,0x3F,0xF0,0x22,0x10,0x22,0x10,0x22,0x10,0x3F,0xF0,0x22,
0x10,0x22,0x10,0x3F,0xF0,0x22,0x10,0x22,0x10,0x42,0x70,0x42,0x08,0x82,0x08,0x01,0xF8,0x02,0x40,0x02,
0x20,0xFF,0xF8,0x02,0x00,0x7F,0xF0,0x42,0x10,0x42,0x10,0x7F,0xF0,0x42,0x10,0x42,0x10,0x7F,0xF0,0x42,
0x10,0x42,0x10,0x40,0x70,0xFF,0xF8,0x06,0x00,0x1A,0xE0,0xE2,0x18,0x00,0x00,0x7F,0xF0,0x42,0x10,0x7F,
0xF0,0x42,0x10,0x7F,0xF0,0x42,0x10,0x42,0x10,0x80,0x70,0xFF,0xE0,0x84,0x20,0x84,0x20,0x84,0x20,0x84,
0x20,0xFF,0xE0,0x84,0x20,0x84,0x20,0x84,0x20,0x84,0x20,0x84,0x20,0xFF,0xE0,0x80,0x20,0x04,0x00,0x04,
0x00,0x04,0x00,0xFF,0xE0,0x84,0x20,0x84,0x20,0x84,0x20,0x84,0x20,0xFF,0xE0,0x84,0x20,0x84,0x20,0x84,
0x20,0x84,0x20,0xFF,0xE0,0xFF,0xE0,0x84,0x20,0x84,0x20,0x84,0x20,0xFF,0xE0,0x84,0x20,0x84,0x20,0x84,
0x20,0xFF,0xE0,0x84,0x20,0x04,0x00,0x04,0x00,0x04,0x00,0x04,0x00,0x04,0x00,0xFF,0xE0,0x84,0x20,0x84,
0x20,0x84,0x20,0xFF,0xE0,0x84,0x20,0x84,0x20,0x84,0x20,0xFF,0xE0,0x84,0x20,0x04,0x00,0x04,0x00,0x04,
0x00,0x04,0x00,0x04,0x00,0xFF,0xE0,0x84,0x20,0x84,0x20,0xFF,0xE0,0x84,0x20,0x84,0x20,0xFF,0xE0,0x84,
0x00,0x04,0x10,0x04,0x10,0x03,0xF0,0x7F,0xF0,0x42,0x10,0x42,0x10,0x7F,0xF0,0x42,0x10,0x42,0x10,0x7F,
0xF0,0x04,0x00,0x04,0x00,0xFF,0xF0,0x08,0x10,0x10,0x10,0x20,0x10,0xC0,0x60,0x10,0x00,0x10,0x00,0x3F,
0xF8,0x40,0x08,0x80,0x08,0x3F,0xC8,0x24,0x48,0x24,0x48,0x3F,0xC8,0x24,0x48,0x24,0x48,0x3F,0xC8,0x20,
0x10,0x00,0x60,0xFF,0xF8,0x00,0x00,0x00,0x00,0x1F,0xC0,0x52,0x50,0x52,0x50,0x5F,0xD0,0x52,0x50,0x52,
0x50,0x52,0x50,0x5F,0xD0,0x40,0x10,0x7F,0xF0,0x00,0x10,0x20,0x00,0x23,0xF0,0xF8,0x20,0xA8,0xC0,0xA9,
0x00,0xFB,0xF8,0xA8,0xA8,0xA8,0xA8,0xA9,0x28,0xFA,0x48,0xA8,0x88,0x21,0x08,0x22,0x08,0x20,0x30,0x7F,
0xF0,0x42,0x10,0x7F,0xF0,0x42,0x10,0x7F,0xF0,0x05,0x00,0x08,0x80,0x30,0x60,0xC0,0x18,0x10,0x40,0x10,
0x40,0x10,0x40,0x20,0x40,0x40,0x40,0x3F,0xE0,0x22,0x20,0x3F,0xE0,0x22,0x20,0x3F,0xE0,0x00,0x00,0xFF,
0xF8,0x24,0x00,0x22,0x20,0x21,0x40,0x28,0x80,0x30,0x60,0x20,0x18,0x00,0x40,0xFA,0x48,0xA9,0x48,0xA9,
0x50,0xA8,0x40,0xF9,0xF0,0xA8,0x40,0xA8,0x40,0xA8,0x40,0xAB,0xF8,0xF8,0x40,0x88,0x40,0x00,0x40,0x00,
0x40,0x0C,0x00,0xF1,0xF8,0x80,0x88,0x90,0x88,0xA9,0x08,0xC2,0x30,0x00,0x00,0x7F,0xF0,0x42,0x10,0x42,
0x10,0x7F,0xF0,0x42,0x10,0x42,0x10,0x7F,0xF0,0x02,0x00,0xFF,0xF8,0x08,0x40,0x3F,0x80,0x06,0x00,0x18,
0x20,0x7F,0xF0,0x00,0x08,0x7F,0xF0,0x42,0x10,0x7F,0xF0,0x42,0x10,0x7F,0xF0,0x40,0x10,0x00,0x80,0xF8,
0x80,0xA8,0xF0,0xA9,0x10,0xAA,0xA0,0xF8,0x40,0xA8,0xA0,0xAB,0x18,0xA8,0x00,0xA9,0xF0,0xF9,0x10,0x89,
0x10,0x01,0xF0,0x01,0x10,0x00,0x80,0x00,0x80,0xFB,0xF0,0xA8,0x80,0xA8,0x80,0xAF,0xF8,0xF8,0x00,0xA8,
0x80,0xA8,0x80,0xAB,0xF0,0xF8,0x80,0x88,0x80,0x00,0x80,0x07,0xF8,0x00,0xF0,0x7F,0x00,0x22,0x20,0x12,
0x40,0xFF,0xF8,0x0A,0x80,0x12,0x40,0x3F,0xE0,0xE2,0x38,0x22,0x20,0x3F,0xE0,0x22,0x20,0x22,0x20,0x3F,
0xE0,0x00,0x40,0xF8,0x40,0xAB,0xF8,0xA8,0x40,0xA9,0xF0,0xF8,0x80,0xAB,0xF8,0xA8,0x80,0xA9,0x10,0xA9,
0xF8,0xFA,0x90,0x8A,0x50,0x04,0x10,0x00,0x70,0x00,0x80,0x03,0xF0,0xF8,0x80,0xA9,0x40,0xAA,0x20,0xAF,
0xF8,0xF8,0x10,0xAB,0xD0,0xAA,0x50,0xAA,0x50,0xFB,0xD0,0x8A,0x10,0x00,0x10,0x00,0x70,0xF7,0xF8,0x10,
0x00,0x17,0xF0,0xF4,0x90,0x87,0xF0,0xF4,0x90,0x5F,0xF8,0xF0,0x00,0x57,0xF0,0x74,0x90,0x97,0xF0,0x14,
0x90,0x6F,0xF8,0x01,0x00,0xF0,0x80,0x17,0xF8,0x20,0x80,0x21,0x20,0xA2,0x10,0xB7,0xF8,0xA0,0x08,0xA2,
0xA0,0xA2,0xA0,0xA2,0xA0,0xB2,0xA0,0xC4,0xA8,0x08,0x18,0x40,0x00,0x59,0xF0,0x60,0x10,0x44,0xA0,0x3C,
0x40,0x41,0xF8,0x7C,0x48,0x90,0x50,0x11,0x40,0xFD,0x78,0x11,0x40,0x29,0x40,0x45,0xC0,0x82,0x78,0x01,
0x00,0x00,0x80,0x1F,0xF8,0x90,0x00,0x50,0x00,0x57,0xF0,0x10,0x20,0x30,0x40,0x50,0x80,0x90,0x80,0x20,
0x80,0x20,0x80,0x40,0x80,0x83,0x80,0x01,0x00,0x00,0x80,0x1F,0xF8,0x92,0x00,0x52,0x00,0x53,0xF0,0x14,
0x00,0x38,0x00,0x53,0xE0,0x90,0x40,0x20,0x80,0x21,0x08,0x42,0x08,0x83,0xF8,0x02,0x00,0x01,0x00,0x3F,
0xF8,0x21,0x00,0xA1,0x00,0x61,0xF0,0x22,0x20,0x24,0x40,0x68,0x40,0xA0,0x80,0x21,0x40,0x42,0x20,0x4C,
0x10,0xB0,0x08,0x02,0x00,0x01,0x00,0x3F,0xF8,0x20,0x00,0xA0,0x00,0x67,0xF0,0x24,0x00,0x24,0x00,0x64,
0x00,0xBF,0xF8,0x24,0x00,0x44,0x00,0x44,0x00,0x87,0xF0,0x02,0x00,0x01,0x00,0x3F,0xF8,0x20,0x00,0xAF,
0xE0,0x60,0xC0,0x23,0x00,0x27,0xF0,0x62,0x50,0xA4,0x50,0x28,0x90,0x41,0x10,0x42,0x10,0x84,0x60,0x02,
0x00,0x01,0x00,0x3F,0xF8,0x20,0x00,0xAF,0xF0,0x69,0x10,0x29,0x10,0x29,0x10,0x6F,0xF0,0xA8,0x00,0x28,
0x00,0x48,0x08,0x48,0x08,0x87,0xF8,0x02,0x00,0x01,0x00,0x3F,0xF8,0x20,0x00,0xA0,0x80,0x61,0x40,0x22,
0x20,0x2C,0x18,0x62,0x20,0xA2,0x20,0x22,0x20,0x42,0x20,0x44,0x20,0x88,0x20,0x01,0x00,0x3F,0xF8,0x20,
0x00,0xA3,0xE0,0x62,0x20,0x22,0x20,0x24,0x18,0x68,0x00,0xA7,0xF0,0x22,0x20,0x21,0x40,0x40,0x80,0x43,
0x60,0x8C,0x18,0x02,0x00,0x01,0x00,0x3F,0xF8,0x21,0x00,0xA2,0x80,0x64,0x40,0x28,0x20,0x37,0xD8,0x64,
0x40,0xA4,0x40,0x25,0x80,0x44,0x20,0x44,0x20,0x83,0xE0,0x02,0x00,0x01,0x00,0x3F,0xF8,0x20,0x00,0xAF,
0xE0,0x68,0x20,0x28,0xA0,0x2A,0xA0,0x69,0x20,0xA9,0x20,0x2A,0xA0,0x54,0xA8,0x50,0x18,0xA0,0x08,0x02,
0x00,0x01,0x00,0x3F,0xF8,0x20,0x00,0xA0,0x40,0x67,0xF8,0x24,0x48,0x24,0x40,0x65,0xF0,0xA5,0x10,0x24,
0xA0,0x48,0x40,0x48,0xA0,0x93,0x18,0x02,0x00,0x01,0x00,0x3F,0xF8,0x20,0x00,0xA2,0x40,0x62,0x40,0x2A,
0x48,0x2A,0x50,0x6B,0x60,0xAA,0x40,0x2A,0x40,0x4A,0x48,0x4B,0x48,0x9C,0x38,0x02,0x00,0x01,0x00,0x3F,
0xF8,0x21,0x00,0xA2,0x80,0x64,0x40,0x28,0xA0,0x31,0x18,0x66,0x40,0xA0,0x80,0x23,0x20,0x4C,0x40,0x41,
0x80,0x8E,0x00,0x02,0x00,0x01,0x00,0x3F,0xF8,0x22,0x00,0xA3,0xE0,0x64,0x20,0x2A,0x40,0x21,0x80,0x66,
0x60,0xB8,0x18,0x21,0x80,0x40,0x40,0x43,0x00,0x80,0xC0,0x02,0x00,0x01,0x00,0x3F,0xF8,0x20,0x00,0xA7,
0xE0,0x64,0x20,0x24,0x20,0x27,0xE0,0x64,0x20,0xA4,0x20,0x27,0xE0,0x44,0x20,0x44,0x20,0x9F,0xF8,0x02,
0x00,0x01,0x00,0x3F,0xF8,0x22,0x00,0xA2,0x00,0x63,0xF0,0x24,0x80,0x28,0x80,0x60,0x80,0xAF,0xF8,0x21,
0x40,0x42,0x20,0x44,0x10,0x88,0x08,0x02,0x00,0x01,0x00,0x3F,0xF8,0x20,0x00,0xAF,0xF8,0x60,0x80,0x20,
0x80,0x2F,0xF8,0x68,0x88,0xA9,0x48,0x2A,0x28,0x48,0x08,0x48,0x08,0x88,0x38,0x02,0x00,0x01,0x00,0x3F,
0xF8,0x20,0x00,0xA0,0x00,0x6F,0xF8,0x20,0x80,0x20,0x80,0x64,0x80,0xA4,0xF0,0x24,0x80,0x44,0x80,0x44,
0x80,0x9F,0xF8,0x02,0x00,0x01,0x00,0x3F,0xF8,0x20,0x00,0xAF,0xF0,0x69,0x10,0x29,0x10,0x2F,0xF0,0x69,
0x10,0xA9,0x10,0x2F,0xF0,0x51,0x10,0x51,0x10,0xA0,0x70,0x02,0x00,0x01,0x00,0x3F,0xF8,0x20,0x00,0xA7,
0xF0,0x60,0x20,0x20,0xC0,0x23,0x30,0x6C,0x08,0xA0,0x00,0x27,0xF0,0x40,0x80,0x40,0x80,0x8F,0xF8,0x02,
0x00,0x01,0x00,0x3F,0xF8,0x21,0x00,0xA2,0x80,0x64,0x40,0x28,0x20,0x37,0xD8,0x61,0x00,0xA1,0x00,0x2F,
0xE0,0x41,0x00,0x41,0x00,0x9F,0xF8,0x02,0x00,0x01,0x00,0x3F,0xF8,0x22,0x20,0xA1,0x40,0x6F,0xF8,0x20,
0x80,0x20,0x80,0x67,0xF0,0xA0,0x80,0x20,0x80,0x4F,0xF8,0x40,0x80,0x80,0x80,0x02,0x00,0x01,0x00,0x3F,
0xF8,0x20,0x80,0xA0,0x80,0x67,0xF0,0x20,0x80,0x2F,0xF8,0x60,0x20,0xBF,0xF8,0x24,0x20,0x42,0x20,0x40,
0x20,0x80,0xE0,0x02,0x00,0x01,0x00,0x3F,0xF8,0x20,0x00,0xAF,0xE0,0x68,0x20,0x2F,0xE0,0x28,0x20,0x6F,
0xE0,0xA9,0x10,0x28,0xA0,0x4A,0x40,0x4C,0x20,0x88,0x18,0x02,0x00,0x01,0x00,0x3F,0xF8,0x20,0x00,0xAF,
0xF8,0x60,0x00,0x27,0xF0,0x24,0x10,0x64,0x10,0xA7,0xF0,0x20,0x00,0x44,0x10,0x42,0x20,0x8F,0xF8,0x01,
0x00,0x3F,0xF8,0x20,0x00,0xAF,0xF0,0x62,0x20,0x21,0x40,0x2F,0xF8,0x68,0x88,0xAF,0xF8,0x28,0x88,0x2F,
0xF8,0x48,0x88,0x48,0x88,0x88,0xB8,0x02,0x00,0x01,0x00,0x3F,0xF8,0x20,0x00,0xBF,0xF8,0x61,0x80,0x22,
0xE0,0x24,0x98,0x78,0x80,0xAF,0xF0,0x28,0x10,0x48,0x10,0x4F,0xF0,0x88,0x10,0x01,0x00,0x3F,0xF8,0x20,
0x00,0xA1,0x88,0x6E,0x08,0x22,0x28,0x22,0x28,0x7F,0xA8,0xA2,0x28,0x27,0x28,0x26,0xA8,0x4A,0x08,0x52,
0x08,0x82,0x38,0x02,0x00,0x01,0x00,0x3F,0xF8,0x22,0x00,0xA7,0xF0,0x68,0x20,0x37,0xF0,0x24,0x90,0x64,
0x90,0xAF,0xF8,0x20,0x80,0x41,0x40,0x42,0x20,0x8C,0x18,0x01,0x00,0x3F,0xF8,0x20,0x80,0xA2,0x90,0x64,
0xA0,0x21,0x40,0x22,0x20,0x6C,0x10,0xA0,0x80,0x22,0x90,0x24,0xA0,0x41,0x40,0x42,0x20,0x8C,0x18,0x02,
0x00,0x01,0x00,0x3F,0xF8,0x24,0x00,0xA4,0x00,0x67,0x78,0x2A,0x48,0x22,0x48,0x6F,0xC8,0xA2,0x48,0x22,
0x48,0x45,0x78,0x45,0x48,0x88,0x00,0x02,0x00,0x01,0x00,0x3F,0xF8,0x20,0x00,0xAF,0xF0,0x68,0x90,0x2F,
0xF0,0x28,0x90,0x6F,0xF0,0xA0,0x00,0x2F,0xF8,0x42,0x20,0x44,0x20,0x88,0x20,0x02,0x00,0x01,0x00,0x3F,
0xF8,0x20,0x00,0xA0,0x80,0x67,0xF0,0x22,0x20,0x22,0x20,0x65,0x50,0xA0,0x80,0x2F,0xF8,0x40,0x80,0x40,
0x80,0x80,0x80,0x02,0x00,0x01,0x00,0x3F,0xF8,0x20,0x00,0xA7,0xE0,0x64,0x20,0x27,0xE0,0x24,0x20,0x67,
0xE0,0xA0,0x00,0x2F,0xF0,0x4A,0x50,0x4A,0x50,0x9F,0xF8,0x01,0x00,0x3F,0xF8,0x23,0x00,0xAC,0xF8,0x68,
0x48,0x2A,0x88,0x2D,0x30,0x60,0x00,0xA7,0xF0,0x24,0x90,0x27,0xF0,0x44,0x90,0x47,0xF0,0x84,0x10,0x01,
0x00,0x3F,0xF8,0x20,0x80,0xA1,0x80,0x6E,0xB8,0x28,0x88,0x2E,0xB8,0x68,0x88,0xAF,0xF8,0x20,0x80,0x2F,
0xF0,0x42,0x20,0x41,0xC0,0x8E,0x38,0x01,0x00,0x00,0x80,0x1F,0xF8,0x92,0x20,0x57,0xF8,0x52,0xA0,0x11,
0x40,0x32,0x20,0x5D,0xD8,0x90,0x00,0x27,0xF0,0x24,0x10,0x47,0xF0,0x84,0x10,0x01,0x00,0x3F,0xF8,0x22,
0x00,0xAF,0xF0,0x68,0x10,0x2F,0xF0,0x28,0x10,0x6F,0xF0,0xA8,0x10,0x2F,0xF0,0x24,0xA0,0x4F,0x10,0x54,
0x28,0x83,0xE0,0x02,0x00,0x01,0x00,0x3F,0xF8,0x20,0x60,0xA0,0x50,0x6E,0xF8,0x33,0xA0,0x2A,0xF0,0x64,
0xA0,0xA4,0xF0,0x2A,0xA0,0x4A,0xA0,0x50,0xF8,0x80,0x80,0x01,0x00,0x3F,0xF8,0x20,0x80,0xAF,0xF8,0x62,
0x20,0x3F,0xF8,0x24,0x10,0x67,0xF0,0xA4,0x10,0x27,0xF0,0x20,0x80,0x5F,0xF8,0x40,0x80,0x80,0x80,0x01,
0x00,0x3F,0xF8,0x24,0x00,0xBF,0x78,0x65,0x48,0x29,0x48,0x33,0x78,0x60,0x80,0xAF,0xF8,0x29,0x48,0x2A,
0x28,0x48,0x88,0x49,0x48,0x88,0x18,0x01,0x00,0x3F,0xF8,0x20,0x40,0xAE,0xF0,0x6B,0x20,0x2A,0xF8,0x2C,
0x08,0x6A,0xF8,0xAA,0x08,0x2B,0xF8,0x2C,0x90,0x48,0x48,0x4A,0x90,0x8C,0xF0,0x01,0x00,0x3F,0xF8,0x20,
0x00,0xA7,0xF0,0x64,0x10,0x27,0xF0,0x20,0x00,0x6F,0x78,0xA9,0x48,0x2F,0x78,0x20,0x00,0x48,0x88,0x48,
0x88,0x8F,0xF8,0x01,0x00,0x3F,0xF8,0x24,0x00,0xA7,0x50,0x69,0x20,0x22,0x70,0x2F,0xA0,0x6A,0xA0,0xAF,
0xF0,0x2A,0xA0,0x2F,0xA0,0x40,0x78,0x43,0xA0,0x9C,0x20,0x01,0x00,0x7D,0x20,0x05,0x40,0x48,0x90,0x28,
0xA0,0x10,0x40,0x2F,0xA0,0xC2,0x18,0x02,0x00,0x3F,0xE0,0x05,0x00,0x08,0x80,0x10,0x40,0x60,0x20,0x01,
0x20,0x7D,0x40,0x04,0x90,0x28,0xA0,0x10,0x40,0x2F,0xA0,0x40,0x18,0x9F,0xC0,0x10,0x40,0x10,0x40,0x1F,
0xC0,0x10,0x40,0x08,0x80,0xFF,0xF8,0x10,0x00,0x20,0x00,0xFF,0xE0,0x80,0x20,0x80,0x20,0x80,0x20,0x80,
0x20,0xFF,0xE0,0x80,0x20,0x80,0x20,0x80,0x20,0x80,0x20,0xFF,0xE0,0x80,0x20,0xFF,0xF0,0x04,0x00,0x08,
0x00,0x10,0x00,0x7F,0xE0,0x40,0x20,0x40,0x20,0x40,0x20,0x7F,0xE0,0x40,0x20,0x40,0x20,0x40,0x20,0x7F,
0xE0,0x40,0x20,0x08,0x00,0x10,0x00,0x7F,0xF0,0x40,0x10,0x7F,0xF0,0x40,0x10,0x7F,0xF0,0x04,0x00,0x04,
0x00,0x07,0xF8,0xFC,0x00,0x04,0x08,0x04,0x08,0x03,0xF8,0x21,0x00,0x21,0x00,0x41,0xF0,0xFA,0x10,0x8C,
0x10,0x88,0x10,0x89,0x10,0xF8,0x90,0x88,0x90,0x88,0x10,0x88,0x10,0x88,0x10,0xF8,0x10,0x88,0x60,0x82,
0x00,0x82,0x20,0xFA,0x40,0x83,0x90,0x9A,0x10,0xE9,0xF0,0x10,0x00,0x7F,0xC0,0x40,0x40,0x40,0x40,0x7F,
0xC0,0x40,0x40,0x40,0x40,0x7F,0xC0,0x08,0x00,0x10,0x00,0x7F,0xF0,0x40,0x10,0x7F,0xF0,0x40,0x10,0x7F,
0xF0,0x00,0x00,0x7F,0xF0,0x02,0x00,0x7F,0xF0,0x02,0x00,0x02,0x00,0xFF,0xF8,0x08,0x00,0x7F,0xF0,0x40,
0x10,0x7F,0xF0,0x40,0x10,0x7F,0xF0,0x02,0x00,0xFF,0xF8,0x08,0x80,0x30,0x60,0xC2,0x18,0x3F,0xE0,0x02,
0x00,0x02,0x00,0x20,0x40,0x22,0x48,0x42,0x48,0xFB,0xF8,0x88,0x00,0x88,0x00,0x8B,0xF0,0xF8,0x10,0x88,
0x10,0x8B,0xF0,0x8A,0x00,0xFA,0x00,0x8A,0x08,0x01,0xF8,0x20,0x40,0x22,0x40,0x43,0xF0,0xFC,0x40,0x88,
0x40,0x8B,0xF8,0x88,0x00,0xF8,0x00,0x8B,0xF0,0x8A,0x10,0x8A,0x10,0xFA,0x10,0x8B,0xF0,0x02,0x10,0x20,
0x80,0x20,0x40,0x47,0xF8,0xF4,0x08,0x90,0x00,0x93,0xF0,0x90,0x00,0xF0,0x00,0x97,0xF8,0x91,0x20,0x91,
0x20,0xF2,0x20,0x94,0x28,0x08,0x18,0x01,0x00,0x01,0x00,0x3F,0xF0,0x21,0x10,0x21,0x10,0x21,0x00,0x3F,
0xE0,0x24,0x20,0x24,0x40,0x22,0x80,0x21,0x00,0x42,0x80,0x4C,0x60,0xB0,0x18,0x20,0x20,0x20,0x20,0x38,
0x20,0x49,0xF8,0x91,0x28,0x7D,0x28,0x05,0x20,0x05,0xF0,0x7D,0x50,0x05,0x50,0x05,0x50,0xFD,0x20,0x06,
0x50,0x04,0x88,0x7F,0xF0,0x48,0x90,0x48,0x90,0x48,0x90,0x48,0x90,0x48,0x90,0x48,0x90,0x48,0x90,0x48,
0x90,0x48,0x90,0x48,0x90,0xFF,0xF8,0x7F,0xF0,0x02,0x00,0x02,0x00,0xFF,0xF8,0x02,0x00,0x02,0x00,0x02,
0x00,0x0E,0x00,0x00,0x00,0x7F,0xF0,0x48,0x90,0x48,0x90,0x48,0x90,0xFF,0xF8,0x02,0x00,0x02,0x00,0x7F,
0xF0,0x42,0x10,0x42,0x10,0x42,0x10,0x7F,0xF0,0x02,0x00,0x02,0x00,0x7F,0xF0,0x48,0x90,0x48,0x90,0x48,
0x90,0xFF,0xF8,0x08,0x80,0x10,0x40,0x20,0x20,0xDF,0xD8,0x08,0x40,0x08,0x40,0x10,0x40,0x61,0x80,0x00,
0x00,0x3F,0xE0,0x25,0x20,0x25,0x20,0x25,0x20,0xFF,0xF8,0x7F,0xE0,0x10,0x20,0x17,0x40,0x15,0xF0,0x22,
0x10,0x45,0x10,0x89,0x60,0x00,0x00,0x3F,0xE0,0x25,0x20,0x25,0x20,0x25,0x20,0x25,0x20,0xFF,0xF8,0x20,
0x20,0x10,0x40,0x00,0x00,0xFF,0xF8,0x00,0x00,0x10,0x40,0x20,0x20,0x40,0x10,0x3F,0xE0,0x25,0x20,0x25,
0x20,0x25,0x20,0x25,0x20,0xFF,0xF8,0x02,0x00,0x3F,0xE0,0x22,0x20,0x22,0x20,0xFF,0xF8,0x08,0x80,0x30,
0x60,0xC0,0x18,0x3F,0xE0,0x25,0x20,0x25,0x20,0x25,0x20,0x25,0x20,0xFF,0xF8,0x08,0x80,0x08,0x40,0x0B,
0xF0,0x7C,0x00,0x05,0xF8,0xFE,0x20,0x02,0x40,0x03,0x88,0x1C,0x68,0xE0,0x18,0x7F,0xF0,0x48,0x90,0x48,
0x90,0xFF,0xF8,0x10,0x80,0x10,0x80,0x10,0x80,0xFC,0xA0,0x10,0x90,0x10,0x88,0x1C,0x80,0xE0,0x80,0x00,
0x00,0x3F,0xE0,0x25,0x20,0x25,0x20,0x25,0x20,0xFF,0xF8,0x08,0x80,0x48,0x80,0x48,0xF8,0x49,0x00,0x4A,
0x40,0x48,0x20,0x08,0x20,0x00,0x00,0x3F,0xE0,0x25,0x20,0x25,0x20,0x25,0x20,0x25,0x20,0xFF,0xF8,0x02,
0x00,0x05,0x00,0x08,0x80,0x30,0x60,0xDF,0xD8,0x00,0x00,0x3F,0xE0,0x20,0x20,0x3F,0xE0,0x00,0x00,0x7F,
0xF0,0x48,0x90,0x48,0x90,0xFF,0xF8,0x08,0x00,0x08,0x00,0xFF,0xF8,0x10,0x00,0x15,0x10,0x29,0x20,0x42,
0x80,0x8C,0x60,0x30,0x18,0x00,0x00,0x7F,0xF0,0x48,0x90,0x48,0x90,0xFF,0xF8,0x10,0x40,0x08,0x80,0x7F,
0xF0,0x02,0x00,0x3F,0xE0,0x02,0x00,0xFF,0xF8,0x00,0x00,0x3F,0xE0,0x25,0x20,0x25,0x20,0x25,0x20,0x25,
0x20,0xFF,0xF8,0x42,0x00,0x23,0xF0,0x04,0x90,0x08,0x80,0x21,0x40,0x42,0x20,0x8C,0x18,0x00,0x00,0x3F,
0xE0,0x25,0x20,0x25,0x20,0x25,0x20,0x25,0x20,0xFF,0xF8,0x04,0x00,0x1F,0xE0,0x12,0x20,0x11,0x20,0xFF,
0xF8,0x12,0x20,0x11,0x20,0x20,0x60,0x40,0x00,0x3F,0xE0,0x25,0x20,0x25,0x20,0x25,0x20,0xFF,0xF8,0x01,
0x20,0x3F,0xF0,0x21,0x00,0x21,0x10,0x3C,0x90,0x24,0xA0,0x24,0x48,0x4C,0xA8,0x41,0x18,0xBF,0xE8,0x25,
0x20,0x25,0x20,0x25,0x20,0xFF,0xF8,0x7D,0xF0,0x45,0x10,0x45,0xF0,0x7D,0x10,0x45,0xF0,0x45,0x10,0x7D,
0x10,0x02,0x70,0x3F,0xE0,0x25,0x20,0x25,0x20,0x25,0x20,0xFF,0xF8,0xFF,0xE0,0x80,0x20,0x80,0x20,0x80,
0x20,0xFF,0xE0,0x80,0x20,0x80,0x20,0x80,0x20,0xFF,0xE0,0x80,0x20,0x80,0x20,0x80,0x20,0xFF,0xE0,0x80,
0x20,0xF7,0xF8,0x90,0x40,0x90,0x40,0xF0,0x40,0x90,0x40,0x90,0x40,0xF0,0x40,0x90,0x40,0x90,0x40,0xF0,
0x40,0x90,0x40,0x00,0x40,0x01,0xC0,0x04,0x00,0x02,0x00,0xFF,0xF8,0x20,0x00,0x20,0x00,0x3F,0xE0,0x00,
0x00,0x3F,0xE0,0x20,0x20,0x3F,0xE0,0x20,0x20,0x3F,0xE0,0x20,0x20,0x3F,0xE0,0x02,0x00,0x02,0x00,0x7F,
0xF0,0x02,0x00,0x3F,0xE0,0x20,0x20,0x3F,0xE0,0x20,0x20,0x3F,0xE0,0x20,0x20,0x3F,0xE0,0x20,0x20,0x20,
0x20,0xFF,0xF8,0x10,0x00,0x11,0xF8,0x11,0x08,0xFD,0x08,0x11,0x08,0x31,0xF8,0x39,0x08,0x55,0x08,0x51,
0xF8,0x91,0x08,0x11,0x08,0x11,0x08,0x11,0xF8,0x11,0x08,0x00,0x80,0x00,0x80,0xF7,0xF8,0x90,0x80,0x90,
0x80,0xF4,0x90,0x94,0x90,0x94,0x90,0xF7,0xF0,0x90,0x80,0x90,0x80,0xF0,0x88,0x90,0x88,0x00,0x78,0x00,
0x40,0xF2,0x40,0x92,0x20,0x94,0x20,0xF4,0x10,0x98,0x08,0x97,0xE0,0xF2,0x20,0x92,0x20,0x92,0x20,0xF2,
0x20,0x94,0x20,0x04,0x20,0x08,0xC0,0x00,0xF0,0x3F,0x00,0x21,0x00,0x21,0x00,0x3F,0xF8,0x21,0x00,0x2F,
0xF0,0x28,0x10,0x2F,0xF0,0x28,0x10,0x2F,0xF0,0x48,0x10,0x4F,0xF0,0x88,0x10,0x02,0x00,0x12,0x20,0x12,
0x50,0x23,0x88,0x46,0x00,0x08,0x00,0x3F,0xE0,0xD0,0x20,0x1F,0xE0,0x10,0x20,0x1F,0xE0,0x10,0x20,0x1F,
0xE0,0x10,0x20,0x3F,0xF8,0x21,0x08,0x21,0x08,0x3F,0xF8,0x20,0x00,0x2F,0xF8,0x28,0x08,0x2F,0xF8,0x28,
0x08,0x2F,0xF8,0x48,0x08,0x48,0x08,0x8F,0xF8,0x08,0x08,0x00,0xF0,0x7F,0x00,0x02,0x00,0x3F,0xE0,0x04,
0x00,0xFF,0xF8,0x08,0x00,0x1F,0xE0,0x30,0x20,0x5F,0xE0,0x90,0x20,0x1F,0xE0,0x10,0x20,0x1F,0xE0,0x02,
0x00,0x7F,0xF0,0x02,0x00,0x3F,0xE0,0x20,0x20,0x3F,0xE0,0x20,0x20,0x3F,0xE0,0x20,0x20,0x3F,0xE0,0x20,
0x20,0xFF,0xF8,0x10,0x40,0x20,0x20,0x07,0xF8,0xF4,0x08,0x94,0x08,0x97,0xF8,0xF4,0x40,0x94,0x40,0x94,
0x40,0xF7,0xF8,0x94,0x40,0x94,0x40,0xF4,0x28,0x94,0x28,0x06,0x18,0x04,0x08,0x00,0x70,0xF7,0x80,0x90,
0x00,0x91,0x00,0xF0,0x80,0x97,0xE0,0x90,0x20,0xF0,0x40,0x90,0x80,0x91,0x00,0xF2,0x00,0x95,0x00,0x08,
0xF8,0x00,0x80,0x00,0x40,0xF7,0xF8,0x90,0x80,0x91,0x00,0xF1,0x10,0x92,0x10,0x97,0xE0,0xF0,0x40,0x90,
0x80,0x91,0x20,0xF2,0x10,0x97,0xF8,0x00,0x08,0x00,0x80,0x00,0x80,0xF4,0x90,0x92,0x90,0x92,0xA0,0xF0,
0x80,0x97,0xF8,0x91,0xC0,0xF2,0xA0,0x92,0xA0,0x94,0x90,0xF8,0x88,0x90,0x80,0x00,0x80,0x07,0xF8,0xF4,
0x00,0x95,0xF0,0x94,0x40,0xF4,0x40,0x94,0x40,0x95,0xF0,0xF4,0x40,0x94,0x40,0x94,0x40,0xF5,0xF0,0x94,
0x00,0x07,0xF8,0x22,0x20,0x12,0x40,0x7F,0xF0,0x04,0x00,0xFF,0xF8,0x10,0x40,0x20,0x20,0xDF,0xD8,0x10,
0x40,0x1F,0xC0,0x10,0x40,0x1F,0xC0,0x10,0x40,0x1F,0xC0,0x01,0x40,0x01,0x40,0xF1,0x48,0x95,0x50,0x93,
0x60,0xF1,0x40,0x91,0x40,0x93,0x60,0xF5,0x50,0x91,0x48,0x92,0x40,0xF2,0x48,0x94,0x48,0x08,0x38,0x07,
0xE0,0xF4,0x20,0x94,0x20,0x97,0xE0,0xF4,0x20,0x94,0x20,0x97,0xE0,0xF4,0x90,0x94,0xA0,0x94,0x40,0xF5,
0x40,0x96,0x20,0x04,0x10,0x10,0x40,0x7F,0xF0,0x02,0x00,0x3F,0xE0,0x04,0x00,0xFF,0xF8,0x08,0x00,0x1F,
0xE0,0x30,0x20,0x5F,0xE0,0x90,0x20,0x1F,0xE0,0x10,0x20,0x1F,0xE0,0x01,0x00,0x01,0xE0,0xF2,0x20,0x94,
0x40,0x93,0xF0,0xF0,0x90,0x90,0x90,0x97,0xF8,0xF0,0x90,0x90,0x90,0x93,0xF0,0xF0,0x90,0x90,0x80,0x03,
0x80,0x00,0x80,0x00,0x80,0xF7,0xF0,0x90,0x80,0x94,0x90,0xF2,0xA0,0x90,0x80,0x9F,0xF8,0xF1,0xC0,0x92,
0xA0,0x94,0x90,0xF8,0x88,0x90,0x80,0x00,0x80,0x00,0x80,0xF7,0xF0,0x90,0x80,0x97,0xF0,0xF0,0x80,0x9F,
0xF8,0x90,0x00,0xF7,0xF0,0x94,0x10,0x97,0xF0,0xF4,0x10,0x97,0xF0,0x04,0x10,0x04,0x70,0x00,0x70,0x07,
0x80,0xF0,0x80,0x90,0x80,0x97,0xF0,0xF2,0xA0,0x92,0xA0,0x9F,0xF8,0xF2,0xA0,0x92,0xA0,0x97,0xF0,0xF0,
0x80,0x90,0x80,0x07,0xF0,0x10,0x00,0x1D,0xF0,0x10,0x10,0xFE,0xA0,0x58,0x40,0x94,0xA0,0x11,0x18,0x3F,
0xE0,0x20,0x20,0x3F,0xE0,0x20,0x20,0x3F,0xE0,0x20,0x20,0x3F,0xE0,0x00,0x40,0x00,0x40,0xF3,0xF8,0x90,
0x40,0x90,0x40,0xF7,0xF8,0x91,0x10,0x92,0x48,0xF4,0x40,0x91,0xF0,0x90,0x40,0xF0,0x40,0x90,0x40,0x07,
0xF8,0x00,0x80,0xF0,0x80,0x97,0xF8,0x90,0x80,0xF7,0xF0,0x90,0x90,0x9F,0xF8,0xF0,0x90,0x97,0xF0,0x90,
0x80,0xF4,0xF0,0x94,0x80,0x0A,0x80,0x11,0xF8,0x00,0x70,0x07,0x80,0xF1,0x10,0x94,0x90,0x92,0x20,0xF0,
0x80,0x90,0x80,0x97,0xF8,0xF0,0x80,0x91,0xC0,0x92,0xA0,0xF4,0x90,0x98,0x88,0x00,0x80,0x00,0x80,0x00,
0x90,0xF7,0xD0,0x90,0xA0,0x90,0xC0,0xF7,0xF8,0x91,0x00,0x92,0x00,0xF7,0xF0,0x9A,0x10,0x93,0xF0,0xF2,
0x10,0x93,0xF0,0x02,0x10,0x02,0x20,0x02,0x20,0xF7,0xF8,0x92,0x20,0x90,0x00,0xF7,0xF0,0x94,0x90,0x94,
0x90,0xF7,0xF0,0x94,0x90,0x94,0x90,0xF4,0x90,0x97,0xF0,0x04,0x10,0x01,0x20,0x06,0x20,0xF2,0x20,0x92,
0xA8,0x9F,0xA8,0xF2,0xA8,0x92,0xB0,0x97,0x20,0xF6,0xA0,0x9A,0x20,0x92,0x50,0xF2,0x50,0x92,0x90,0x03,
0x08,0x01,0x00,0x00,0x80,0xF7,0xF8,0x94,0x88,0x93,0xF0,0xF0,0x80,0x93,0xF0,0x90,0x80,0xF7,0xF8,0x90,
0x80,0x93,0xF0,0xF2,0x10,0x93,0xF0,0x02,0x10,0x01,0x20,0xF7,0xF8,0x91,0x20,0x90,0x00,0xF7,0xF8,0x91,
0x20,0x91,0x20,0xF7,0xF8,0x95,0x28,0x95,0x28,0xF6,0xD8,0x94,0x08,0x04,0x08,0x04,0x38,0x92,0x40,0x54,
0x40,0xFE,0x78,0x92,0x90,0xBB,0x50,0xD6,0x20,0x92,0x50,0xBF,0xE8,0x20,0x20,0x3F,0xE0,0x20,0x20,0x3F,
0xE0,0x20,0x20,0x3F,0xE0,0x01,0x40,0x01,0x20,0xF2,0x00,0x93,0xF8,0x96,0x40,0xFB,0xF0,0x92,0x40,0x93,
0xF0,0xF2,0x40,0x93,0xF8,0x92,0x00,0xF5,0x50,0x94,0xA8,0x08,0xA8,0x0F,0xF0,0xE8,0x10,0xAF,0xF0,0xA8,
0x00,0xEB,0xF0,0xA8,0x80,0xAB,0xF0,0xEA,0x90,0xAB,0xF0,0xA8,0x80,0xAF,0xF8,0xF4,0xA8,0xA5,0xE8,0x04,
0x18,0x00,0x40,0x07,0x50,0xF1,0x20,0x95,0x28,0x92,0x10,0xF4,0x10,0x9B,0xE8,0x90,0x00,0xF7,0xF0,0x94,
0x10,0x97,0xF0,0xF2,0x20,0x91,0x40,0x0F,0xF8,0x00,0x38,0xEF,0xC0,0xA5,0x10,0xA2,0xA0,0xEF,0xF8,0xA8,
0x08,0xA2,0x10,0xE2,0x10,0xA7,0x78,0xA9,0x10,0xA5,0x50,0xE2,0x78,0xA4,0x10,0x08,0x10,0x00,0x80,0xF7,
0xF0,0x90,0x80,0x95,0x50,0xF2,0x20,0x97,0xF0,0x9A,0x28,0xF3,0xE0,0x92,0x20,0x93,0xE0,0xF0,0x80,0x94,
0x90,0x08,0x88,0x01,0x80,0x00,0x80,0x07,0xF0,0xF2,0x20,0x9F,0xF8,0x90,0x00,0xF7,0xF0,0x94,0x90,0x97,
0xF0,0xF4,0x90,0x97,0xF0,0x90,0x80,0xF7,0xF0,0x90,0x80,0x0F,0xF8,0x01,0x00,0x03,0xF0,0xF4,0x20,0x97,
0xF8,0x95,0x50,0xF6,0xE8,0x94,0x00,0x95,0xF0,0xF4,0x00,0x95,0xF0,0x94,0x00,0xF5,0xF0,0x95,0x10,0x09,
0xF0,0x02,0x00,0x7F,0xF0,0x02,0x00,0x1F,0xC0,0x10,0x40,0x12,0x40,0xFF,0xF8,0x10,0x40,0x7D,0xF0,0x10,
0x40,0x7D,0xF0,0x45,0x10,0x55,0x50,0xFF,0xF8,0x7F,0xE0,0x00,0x40,0x08,0x80,0x05,0x00,0x02,0x00,0xFF,
0xF8,0x06,0x10,0x0A,0x20,0x12,0x00,0x22,0x00,0xC2,0x00,0x02,0x00,0x0E,0x00,0x10,0x00,0x10,0x00,0x1F,
0xF0,0x22,0x00,0x42,0x00,0x02,0x00,0x02,0x00,0xFF,0xF8,0x05,0x00,0x05,0x00,0x08,0x80,0x10,0x40,0x20,
0x20,0xC0,0x18,0x04,0x00,0x08,0x80,0x10,0x40,0x3F,0xE0,0x00,0x20,0x10,0x00,0x1F,0xE0,0x22,0x00,0x02,
0x00,0xFF,0xF8,0x05,0x00,0x08,0x80,0x30,0x60,0xC0,0x18,0x20,0x00,0x20,0x00,0x20,0xF8,0x7C,0x88,0x50,
0x88,0x90,0x88,0x10,0x88,0xFE,0x88,0x10,0x88,0x10,0x88,0x28,0x88,0x24,0xF8,0x44,0x88,0x80,0x00,0x40,
0x00,0x43,0xF8,0x7A,0x00,0xA2,0x00,0x22,0x00,0x23,0xF0,0x22,0x10,0xFA,0x10,0x22,0x10,0x23,0xF0,0x52,
0x00,0x4A,0x00,0x4A,0x00,0x83,0xF8,0x40,0x70,0x43,0x80,0x70,0x80,0xA0,0x80,0x27,0xF8,0x21,0x20,0x22,
0x10,0xF4,0x08,0x21,0x20,0x21,0x20,0x51,0x20,0x51,0x20,0x42,0x20,0x84,0x20,0x40,0x00,0x43,0xF0,0x78,
0x00,0xA0,0x00,0x23,0xF0,0x22,0x10,0x22,0x10,0xFA,0x10,0x23,0xF0,0x20,0x00,0x52,0x10,0x49,0x20,0x48,
0x00,0x87,0xF8,0x40,0x60,0x43,0x80,0x70,0x80,0xA7,0xF0,0x21,0xC0,0x22,0xA0,0x24,0x98,0xF1,0x00,0x2F,
0xF8,0x21,0x20,0x53,0x40,0x50,0xC0,0x43,0x20,0x8C,0x10,0xFF,0xF8,0x04,0x00,0x04,0x00,0x08,0x00,0x10,
0x00,0x3F,0xF0,0x50,0x10,0x90,0x10,0x10,0x10,0x10,0x10,0x10,0x10,0x1F,0xF0,0x10,0x10,0x00,0x80,0x00,
0x80,0xF8,0x80,0x20,0xF8,0x21,0x08,0x41,0x08,0x7A,0x88,0xCC,0x50,0x48,0x50,0x48,0x20,0x48,0x40,0x78,
0x80,0x49,0x00,0x02,0x00,0xFB,0xE0,0x22,0x20,0x22,0x20,0x42,0x20,0x7B,0x20,0xCA,0xA0,0x4A,0xA0,0x4A,
0x20,0x4A,0x20,0x7A,0x20,0x4C,0x28,0x04,0x28,0x08,0x18,0x00,0x80,0x00,0x40,0xFB,0xF8,0x22,0x00,0x22,
0x00,0x42,0x00,0x7A,0x00,0xCA,0x00,0x4A,0x00,0x4A,0x00,0x4A,0x00,0x7C,0x00,0x44,0x00,0x08,0x00,0x07,
0xE0,0xF8,0x20,0x22,0x20,0x22,0x20,0x42,0x20,0x7B,0xF8,0xC8,0x08,0x48,0x08,0x4F,0xE8,0x48,0x08,0x78,
0x08,0x48,0x08,0x00,0x30,0x00,0x80,0x00,0x80,0xF8,0x80,0x22,0xA0,0x22,0x90,0x42,0x88,0x7C,0x88,0xC8,
0x80,0x48,0x90,0x48,0x10,0x48,0x20,0x78,0x40,0x41,0x80,0x06,0x00,0x04,0x00,0x04,0xF8,0xF4,0x48,0x24,
0x48,0x27,0x48,0x4C,0x48,0x74,0x48,0xD4,0x48,0x54,0x48,0x55,0x48,0x56,0x48,0x74,0x88,0x51,0x08,0x02,
0x30,0x00,0x80,0x00,0x80,0xF8,0x80,0x20,0xF8,0x21,0x08,0x41,0x10,0x7A,0x40,0xC8,0x40,0x48,0x40,0x48,
0x40,0x48,0xA0,0x78,0xA0,0x49,0x10,0x02,0x08,0x00,0x40,0x04,0x40,0xF4,0x40,0x24,0x48,0x24,0x50,0x47,
0x60,0x74,0x40,0xD4,0x40,0x54,0x40,0x54,0x40,0x54,0x40,0x75,0x48,0x56,0x48,0x04,0x38,0xFB,0xF0,0x21,
0x20,0x21,0x20,0x41,0x20,0x79,0x20,0xCF,0xF8,0x49,0x20,0x49,0x20,0x49,0x20,0x79,0x20,0x49,0x20,0x02,
0x20,0x04,0x20,0x00,0x40,0x00,0x40,0xFB,0xF8,0x20,0x40,0x20,0x80,0x43,0xF8,0x78,0x80,0xC9,0x00,0x4B,
0xF8,0x48,0x08,0x48,0x10,0x78,0xA0,0x48,0x40,0x00,0x20,0xFB,0xF0,0x22,0x10,0x22,0x90,0x42,0x90,0x7A,
0x90,0xCA,0x90,0x4A,0x90,0x4A,0x90,0x49,0x40,0x79,0x40,0x4A,0x48,0x04,0x48,0x08,0x38,0x00,0x80,0x00,
0x80,0xF8,0x80,0x20,0xF8,0x20,0x80,0x40,0x80,0x78,0x80,0xCB,0xF0,0x4A,0x10,0x4A,0x10,0x4A,0x10,0x7A,
0x10,0x4B,0xF0,0x02,0x10,0xF9,0xF0,0x20,0x40,0x20,0x40,0x42,0x48,0x79,0x50,0xC8,0x40,0x4B,0xF8,0x48,
0x40,0x48,0x40,0x78,0x40,0x48,0x40,0x00,0x40,0x00,0x40,0x00,0x40,0xF8,0x40,0x23,0xF8,0x22,0x48,0x42,
0x50,0x7A,0x40,0xCB,0xF0,0x4A,0x90,0x4A,0x90,0x4A,0x90,0x7A,0xA0,0x4A,0x40,0x04,0xA0,0x09,0x18,0x00,
0x40,0x00,0x40,0xFB,0xF8,0x22,0x48,0x22,0x48,0x42,0x48,0x7B,0xF8,0xCA,0x48,0x4A,0x48,0x4A,0x48,0x4B,
0xF8,0x7A,0x48,0x48,0x40,0x00,0x40,0x07,0xF8,0xF4,0x40,0x24,0x40,0x25,0xF0,0x45,0x50,0x75,0x50,0xD5,
0x50,0x55,0x50,0x55,0x50,0x55,0x70,0x74,0x40,0x54,0x40,0x07,0xF8,0x00,0x70,0xFB,0x80,0x22,0x00,0x22,
0x40,0x42,0x40,0x7B,0xF8,0xC8,0x40,0x48,0x40,0x4A,0x50,0x4A,0x48,0x7C,0x48,0x48,0x40,0x01,0xC0,0x00,
0x40,0x00,0x40,0xFA,0x48,0x22,0x48,0x22,0x48,0x42,0x48,0x7B,0xF8,0xC8,0x40,0x4A,0x48,0x4A,0x48,0x4A,
0x48,0x7A,0x48,0x4B,0xF8,0x00,0x08,0x00,0x40,0x00,0x40,0xF9,0xF0,0x20,0x40,0x20,0x40,0x43,0xF8,0x78,
0x00,0xC8,0x40,0x48,0x40,0x49,0xF0,0x48,0x40,0x78,0x40,0x48,0x40,0x03,0xF8,0x0F,0xF8,0xF1,0x40,0x21,
0x40,0x27,0xF0,0x45,0x50,0x75,0x50,0xD5,0x50,0x55,0x50,0x56,0x30,0x54,0x10,0x74,0x10,0x57,0xF0,0x04,
0x10,0x03,0xF8,0xF8,0x40,0x20,0x80,0x23,0xF8,0x42,0x08,0x7A,0x48,0xCA,0x48,0x4A,0x48,0x4A,0x48,0x4A,
0x48,0x78,0xA0,0x49,0x10,0x02,0x08,0x00,0x40,0x02,0x48,0xF9,0x50,0x20,0x40,0x23,0xF8,0x42,0x08,0x7A,
0x08,0xCB,0xF8,0x4A,0x08,0x4A,0x08,0x4B,0xF8,0x7A,0x08,0x4A,0x08,0x02,0x38,0x00,0x80,0x00,0x40,0xF7,
0xF8,0x20,0x80,0x21,0x20,0x42,0x10,0x77,0xF8,0xD0,0x08,0x52,0xA0,0x52,0xA0,0x52,0xA0,0x72,0xA0,0x54,
0xA8,0x08,0x18,0xFB,0xF8,0x20,0x40,0x23,0xF8,0x42,0x48,0x7A,0x48,0xCB,0xF8,0x4A,0x48,0x4A,0x48,0x4B,
0xF8,0x79,0x40,0x48,0x80,0x01,0x60,0x06,0x18,0x01,0x00,0x01,0xF0,0xFA,0x10,0x24,0x20,0x23,0xF8,0x42,
0x48,0x7A,0x48,0xCB,0xF8,0x4A,0x48,0x4A,0x48,0x4B,0xF8,0x7A,0x48,0x42,0x48,0x04,0x18,0x00,0x80,0x00,
0x80,0xF1,0x40,0x22,0x20,0x24,0x10,0x4B,0xE8,0x70,0x00,0xD1,0x10,0x50,0x90,0x54,0x90,0x52,0x20,0x72,
0x20,0x50,0x40,0x0F,0xF8,0x07,0x70,0xF5,0x50,0x25,0x50,0x25,0x50,0x47,0x70,0x75,0x50,0xD5,0x50,0x57,
0x70,0x55,0x50,0x55,0x50,0x75,0x50,0x55,0x50,0x0B,0xB0,0x03,0xF8,0xFA,0x48,0x22,0x48,0x22,0xE8,0x42,
0x48,0x7B,0xF8,0xCA,0x08,0x4A,0xE8,0x4A,0xA8,0x4A,0xA8,0x7A,0xE8,0x4A,0x08,0x04,0x38,0x07,0xE0,0xF0,
0x20,0x23,0xE0,0x20,0x20,0x47,0xF8,0x70,0x80,0xD4,0x90,0x52,0xA0,0x51,0xC0,0x52,0xA0,0x7C,0x98,0x50,
0x80,0x03,0x80,0x03,0xF0,0xFA,0x10,0x23,0xF0,0x22,0x10,0x43,0xF0,0x78,0x00,0xCB,0xF0,0x48,0x20,0x4F,
0xF8,0x4A,0x20,0x79,0x20,0x48,0x20,0x00,0xE0,0x00,0x80,0x00,0x40,0xFB,0xF8,0x20,0x00,0x21,0x10,0x41,
0x10,0x7A,0xA8,0xC8,0x00,0x48,0x40,0x4B,0xF8,0x48,0x40,0x78,0x40,0x48,0x40,0x00,0x40,0x00,0x40,0x00,
0x80,0xFB,0xF8,0x22,0x48,0x22,0x48,0x43,0xF8,0x7A,0x48,0xCA,0x48,0x4B,0xF8,0x48,0xA0,0x49,0x20,0x7B,
0xF8,0x48,0x20,0x00,0x20,0x00,0x80,0x00,0x40,0xF7,0xF8,0x24,0x08,0x22,0x00,0x42,0x38,0x73,0xA8,0xD4,
0xA8,0x5A,0xA8,0x52,0xB8,0x51,0x20,0x71,0x28,0x52,0x28,0x04,0x18,0x01,0x40,0x01,0x40,0xF7,0xF0,0x25,
0x50,0x25,0x50,0x45,0x50,0x77,0xF0,0xD5,0x50,0x55,0x50,0x55,0x50,0x5F,0xF8,0x71,0x40,0x52,0x20,0x04,
0x10,0x01,0x20,0xF5,0x20,0x2F,0xF8,0x25,0x20,0x45,0xE0,0x74,0x00,0xD7,0xF0,0x50,0x80,0x57,0xF8,0x51,
0xC0,0x72,0xA0,0x54,0x90,0x08,0x88,0x00,0x80,0x00,0x40,0xF8,0x80,0x23,0xF0,0xFA,0x10,0x23,0xF0,0x3A,
0x10,0xC3,0xF0,0x00,0x00,0xFF,0xF8,0x10,0x00,0x3F,0xE0,0x50,0x20,0x9F,0xE0,0x10,0x20,0x02,0x10,0x01,
0x20,0xF0,0x00,0x27,0xF8,0x21,0x20,0x41,0x20,0x71,0x20,0xD5,0x28,0x53,0x28,0x53,0x30,0x51,0x20,0x71,
0x20,0x51,0x20,0x0F,0xF8,0x00,0x50,0x00,0x48,0xF7,0xF8,0x24,0x40,0x24,0x40,0x47,0x40,0x74,0x40,0xD7,
0x50,0x55,0x50,0x55,0x50,0x57,0x28,0x74,0x28,0x54,0x58,0x08,0x88,0x00,0x80,0x04,0x90,0xF4,0x90,0x27,
0xF0,0x21,0x00,0x41,0x00,0x77,0xF8,0xD1,0x40,0x52,0x48,0x53,0x50,0x52,0x40,0x74,0xA0,0x59,0x10,0x02,
0x08,0x00,0x80,0xF0,0x80,0x2F,0xF8,0x21,0xC0,0x42,0xA0,0x74,0x90,0xD8,0x88,0x57,0xF0,0x54,0x10,0x57,
0xF0,0x74,0x10,0x57,0xF0,0x00,0x00,0x0F,0xF8,0x07,0xF0,0xF4,0x10,0x27,0xF0,0x25,0x20,0x47,0xF0,0x75,
0x20,0xD5,0x20,0x57,0xF8,0x55,0x40,0x55,0x50,0x75,0x20,0x55,0xA0,0x09,0x10,0x02,0x10,0x01,0x20,0xF7,
0xF8,0x20,0x00,0x22,0x10,0x42,0x10,0x74,0x20,0xD5,0x28,0x5F,0x78,0x52,0x10,0x52,0x10,0x75,0x28,0x5F,
0x78,0x01,0x08,0x00,0x80,0x00,0x40,0xF7,0xF8,0x22,0x10,0x21,0x20,0x47,0xF8,0x74,0x88,0xD0,0x40,0x57,
0xF8,0x51,0x00,0x51,0xF0,0x71,0x10,0x52,0x10,0x04,0x60,0x7F,0xF0,0x04,0x00,0x0F,0xE0,0x18,0x20,0x68,
0x20,0x0F,0xE0,0x00,0x00,0xFD,0xF8,0x20,0x40,0x40,0x80,0xFD,0xF8,0x46,0x88,0x44,0x88,0x7C,0xF8,0x01,
0x08,0x00,0x90,0xFB,0xF8,0x20,0x40,0x21,0xF8,0x40,0x40,0x7B,0xF8,0xC8,0x80,0x49,0x00,0x49,0xF8,0x4A,
0x20,0x7C,0x20,0x48,0x20,0x03,0xF8,0x10,0x00,0x7C,0xF0,0x44,0x90,0x55,0x08,0xFC,0xF0,0x44,0x90,0x54,
0x60,0x8D,0x98,0x00,0x00,0xFF,0xF8,0x08,0x00,0x3F,0xE0,0xD0,0x20,0x1F,0xE0,0x00,0x80,0x00,0x80,0xF7,
0xF0,0x20,0x80,0x20,0x80,0x47,0xF8,0x71,0x00,0xD2,0x20,0x57,0xF0,0x50,0x00,0x57,0xF0,0x75,0x50,0x55,
0x50,0x0F,0xF8,0x02,0x00,0x7F,0xF8,0x48,0x40,0x5D,0xF0,0x48,0xE0,0x5D,0x58,0x68,0x40,0x7F,0xF8,0x48,
0x00,0x5F,0xF0,0x68,0x10,0x48,0x10,0x4F,0xF0,0x88,0x10,0x00,0x80,0x04,0x90,0xF2,0xA0,0x27,0xF8,0x21,
0xC0,0x42,0xA0,0x74,0x98,0xD2,0x20,0x53,0x70,0x55,0x20,0x5A,0xA0,0x72,0xF8,0x54,0x20,0x08,0x20,0x02,
0x20,0x02,0x20,0xF7,0xF0,0x22,0x20,0x2F,0xF8,0x40,0x80,0x77,0xF0,0xD4,0x90,0x57,0xF0,0x54,0x90,0x57,
0xF0,0x70,0x00,0x52,0x20,0x04,0x10,0x01,0x40,0x01,0x20,0xF2,0x00,0x23,0xF8,0x26,0x40,0x4B,0xF0,0x72,
0x40,0xD3,0xF0,0x52,0x40,0x53,0xF8,0x52,0x00,0x75,0x50,0x54,0xA8,0x08,0xA8,0x3F,0xE0,0x00,0x00,0x00,
0x00,0x00,0x00,0xFF,0xF8,0x02,0x00,0x12,0x40,0x12,0x20,0x22,0x10,0x42,0x08,0x82,0x08,0x02,0x00,0x0E,
0x00,0x21,0x00,0x11,0x00,0x01,0x00,0xFD,0x00,0x05,0x00,0x09,0x00,0x11,0x00,0x39,0x00,0x55,0x00,0x95,
0x00,0x11,0x00,0x11,0x08,0x11,0x08,0x10,0xF8,0x40,0x80,0x20,0x80,0x00,0x80,0xF0,0x80,0x10,0x80,0x27,
0xF0,0x20,0x80,0x70,0x80,0xA8,0x80,0x20,0x80,0x20,0x80,0x20,0x80,0x20,0x80,0x2F,0xF8,0x40,0x00,0x23,
0xF0,0x02,0x10,0xF2,0x10,0x12,0x10,0x22,0x10,0x23,0xF0,0x72,0x00,0xAA,0x00,0x22,0x00,0x22,0x00,0x22,
0x08,0x22,0x08,0x21,0xF8,0x20,0x00,0x10,0xF8,0x00,0x88,0xFC,0x90,0x04,0x90,0x08,0xA0,0x10,0x90,0x38,
0x88,0x54,0x88,0x94,0x88,0x10,0x88,0x10,0xB0,0x10,0x80,0x10,0x80,0x40,0x30,0x23,0xC0,0x02,0x00,0xF2,
0x00,0x12,0x00,0x23,0xF8,0x22,0x20,0x72,0x20,0xAA,0x20,0x22,0x20,0x22,0x20,0x24,0x20,0x24,0x20,0x28,
0x20,0x40,0x00,0x23,0xF0,0x02,0x10,0xF2,0x10,0x12,0x10,0x23,0xF0,0x22,0x10,0x72,0x10,0xAA,0x10,0x23,
0xF0,0x22,0x10,0x22,0x10,0x22,0x10,0x27,0xF8,0x40,0x00,0x23,0xF0,0x02,0x10,0xF2,0x10,0x12,0x10,0x22,
0x10,0x23,0xF0,0x71,0x20,0xA9,0x20,0x21,0x20,0x21,0x20,0x22,0x28,0x22,0x28,0x24,0x18,0x40,0x80,0x20,
0x80,0x07,0xF0,0xF4,0x90,0x14,0x90,0x24,0x90,0x27,0xF0,0x74,0x90,0xAC,0x90,0x24,0x90,0x27,0xF0,0x24,
0x90,0x20,0x80,0x20,0x80,0x02,0x00,0x22,0x20,0x22,0x20,0x3F,0xE0,0x42,0x10,0x42,0x10,0x7F,0xF0,0x00,
0x00,0x3F,0xE0,0x00,0x00,0xFF,0xF8,0x02,0x00,0x22,0x20,0x4E,0x10,0x40,0x00,0x23,0xF8,0x00,0x08,0xF0,
0x08,0x13,0xE8,0x20,0x08,0x20,0x08,0x73,0xE8,0xAA,0x28,0x22,0x28,0x23,0xE8,0x22,0x08,0x20,0x08,0x20,
0x38,0x44,0x10,0x22,0x20,0x00,0x00,0xF7,0xF0,0x10,0x80,0x20,0x80,0x37,0xF0,0x68,0x80,0xA0,0x80,0x2F,
0xF8,0x20,0x80,0x20,0x80,0x20,0x80,0x20,0x80,0xFF,0xF8,0x08,0x80,0x7F,0xF0,0x48,0x90,0x48,0x90,0x7F,
0xF0,0x00,0x00,0x3F,0xE0,0x00,0x00,0xFF,0xF8,0x02,0x00,0x22,0x20,0x42,0x10,0x8E,0x08,0x21,0x00,0x3D,
0xF0,0x45,0x10,0x94,0x90,0x48,0xA0,0x30,0x40,0x2F,0xA0,0xC0,0x18,0x00,0x00,0x7F,0xF0,0x02,0x00,0x22,
0x20,0x42,0x10,0x0E,0x00,0x40,0x80,0x20,0x80,0x07,0xF0,0xF0,0x80,0x13,0xE0,0x21,0x00,0x27,0xF8,0x71,
0x00,0xAA,0x20,0x23,0xF8,0x25,0x20,0x24,0xA0,0x28,0x20,0x20,0xE0,0x40,0x00,0x23,0xF0,0x02,0x10,0xF2,
0x10,0x13,0xF0,0x20,0x80,0x20,0x80,0x77,0xF8,0xAC,0x88,0x25,0x48,0x25,0x28,0x26,0x28,0x24,0x08,0x24,
0x38,0x02,0x00,0xFF,0xF8,0x00,0x00,0x3F,0xE0,0x20,0x20,0x2F,0xA0,0x28,0xA0,0x3F,0xE0,0x00,0x00,0x3F,
0xE0,0x00,0x00,0xFF,0xF8,0x22,0x20,0x4E,0x10,0x10,0x40,0x10,0x40,0xFD,0xF8,0x10,0x40,0x38,0xE0,0x55,
0x50,0x90,0x48,0x00,0x00,0x3F,0xE0,0x00,0x00,0xFF,0xF8,0x02,0x00,0x22,0x20,0x4E,0x10,0x40,0x00,0x27,
0xE0,0x00,0x20,0xF3,0xE0,0x10,0x20,0x27,0xF8,0x20,0x80,0x74,0x90,0xAA,0xA0,0x21,0xC0,0x22,0xA0,0x2C,
0x98,0x20,0x80,0x23,0x80,0x42,0x20,0x21,0x40,0x07,0xF0,0xF4,0x90,0x14,0x90,0x27,0xF0,0x24,0x90,0x74,
0x90,0xAF,0xF0,0x20,0x80,0x20,0x80,0x2F,0xF8,0x20,0x80,0x20,0x80,0x40,0x00,0x27,0xF0,0x00,0x00,0xF3,
0xE0,0x12,0x20,0x22,0x20,0x23,0xE0,0x70,0x00,0xAF,0xF0,0x24,0x90,0x27,0xF0,0x24,0x90,0x27,0xF0,0x24,
0x10,0x01,0xE0,0xFE,0x00,0x04,0x00,0x7F,0xC0,0x44,0x40,0x7F,0xC0,0x04,0x00,0xFF,0xE0,0x84,0x20,0x84,
0xA0,0xBF,0xA0,0x80,0x20,0x80,0x20,0x80,0xE0,0x04,0x00,0x02,0x00,0xFF,0xF8,0x00,0x00,0x28,0xA0,0x27,
0x20,0x28,0xA0,0x3F,0xE0,0x02,0x00,0x7F,0xF0,0x48,0x90,0x5F,0xD0,0x40,0x10,0x40,0x70,0x02,0x00,0x0D,
0x80,0x32,0x60,0xDF,0xD8,0x08,0x80,0x27,0x20,0x28,0xA0,0x3F,0xE0,0x02,0x00,0x7F,0xF0,0x48,0x90,0x5F,
0xD0,0x40,0x10,0x40,0x70,0x00,0xE0,0x3F,0x00,0x02,0x00,0x02,0x00,0x02,0x00,0xFF,0xF8,0x07,0x00,0x0A,
0x80,0x0A,0x80,0x12,0x40,0x22,0x20,0x42,0x10,0x82,0x08,0x02,0x00,0x01,0xE0,0x3E,0x00,0x02,0x00,0xFF,
0xF8,0x0A,0x80,0x32,0x60,0xC0,0x18,0x3F,0xC0,0x08,0x40,0x08,0xF0,0x08,0x10,0x10,0x10,0x20,0x10,0xC0,
0xE0,0x0C,0x40,0x70,0x40,0x10,0x40,0x10,0x40,0xFC,0x40,0x10,0x80,0x30,0x80,0x39,0x00,0x55,0x20,0x52,
0x10,0x92,0x10,0x17,0xF8,0x10,0x08,0x10,0x08,0x00,0xE0,0x3F,0x00,0x02,0x00,0xFF,0xF8,0x07,0x00,0x0A,
0x80,0x32,0x60,0xC0,0x18,0x0F,0x80,0x08,0x80,0x08,0x80,0x08,0x88,0x10,0x88,0xE0,0x78,0x0C,0x00,0x71,
0xF0,0x10,0x40,0x10,0x40,0xFC,0x40,0x10,0x40,0x33,0xF8,0x38,0x40,0x54,0x40,0x50,0x40,0x90,0x40,0x10,
0x40,0x10,0x40,0x10,0x40,0x00,0xE0,0x3F,0x00,0x02,0x00,0xFF,0xF8,0x02,0x00,0x3F,0xE0,0x02,0x20,0xFF,
0xF8,0x02,0x20,0x3F,0xE0,0x0A,0x80,0x32,0x60,0xC2,0x18,0x02,0x00,0x0C,0x40,0x70,0x40,0x10,0x40,0x11,
0x48,0xFD,0x48,0x11,0x48,0x32,0x50,0x38,0x40,0x54,0xA0,0x50,0xA0,0x90,0xA0,0x11,0x10,0x11,0x10,0x12,
0x08,0x00,0x40,0x18,0x40,0xE0,0x40,0x23,0xF8,0x22,0x48,0xFA,0x48,0x22,0x48,0x32,0x48,0x6B,0xF8,0x62,
0x48,0xA0,0x40,0x20,0x40,0x20,0x40,0x20,0x40,0x00,0x20,0x0D,0x20,0x70,0xA0,0x10,0xA0,0x12,0x20,0xFD,
0x20,0x11,0x20,0x30,0x38,0x3B,0xE0,0x54,0x20,0x90,0x20,0x10,0x20,0x10,0x20,0x10,0x20,0x0C,0x40,0x70,
0x40,0x10,0x40,0x11,0x50,0xFD,0x48,0x11,0x48,0x32,0x40,0x38,0x50,0x54,0x50,0x50,0x20,0x90,0x20,0x10,
0x40,0x10,0x80,0x11,0x00,0x00,0x80,0x18,0x40,0xE0,0x50,0x20,0x10,0x20,0x90,0xFA,0xA0,0x22,0xB0,0x32,
0xA8,0x6C,0xC8,0x60,0xC0,0xA0,0x90,0x21,0x90,0x22,0x70,0x24,0x00,0x1B,0xF0,0xE2,0x10,0x22,0x10,0x22,
0x10,0xFB,0xF0,0x22,0x10,0x32,0x10,0x6A,0x10,0x63,0xF0,0xA2,0x10,0x22,0x10,0x22,0x10,0x27,0xF8,0x10,
0x00,0xE7,0xF0,0x20,0x80,0x20,0x80,0xF4,0x90,0x22,0x90,0x22,0xA0,0x70,0x80,0x6F,0xF8,0xA0,0x80,0x20,
0x80,0x20,0x80,0x20,0x80,0x20,0x80,0x02,0x00,0x7F,0xF0,0x02,0x00,0x3F,0xE0,0x04,0x00,0xFF,0xF8,0x10,
0x40,0x23,0xA0,0xDE,0x18,0x02,0x00,0x7F,0xF0,0x0A,0x80,0x12,0x40,0x62,0x20,0x10,0x80,0xE0,0x80,0x20,
0x80,0x27,0xF0,0xF4,0x90,0x24,0x90,0x24,0x90,0x74,0x90,0x6F,0xF8,0xA1,0x40,0x21,0x40,0x22,0x20,0x24,
0x10,0x28,0x08,0x00,0x40,0x0D,0x40,0x71,0x40,0x11,0xF0,0x12,0x40,0xFC,0x40,0x10,0x40,0x33,0xF8,0x38,
0x40,0x54,0x40,0x90,0xA0,0x10,0xA0,0x11,0x10,0x12,0x08,0x1B,0xF0,0xE2,0x10,0x22,0x10,0x22,0x10,0xFA,
0x10,0x22,0x10,0x33,0xF0,0x68,0x00,0x60,0x00,0xA1,0x20,0x21,0x10,0x22,0x08,0x24,0x08,0x01,0x00,0x19,
0x00,0xE1,0x00,0x21,0xF8,0x22,0x08,0xFC,0x10,0x20,0x40,0x30,0x40,0x6A,0x50,0x62,0x48,0xA4,0x48,0x20,
0x40,0x20,0x40,0x21,0xC0,0x10,0x80,0xE0,0x80,0x2F,0xF8,0x20,0x80,0xF0,0x80,0x27,0xF0,0x20,0x00,0x70,
0x00,0x6F,0xF0,0xA4,0x10,0x24,0x10,0x24,0x10,0x27,0xF0,0x24,0x10,0x00,0x80,0x18,0x80,0xE1,0xE0,0x22,
0x20,0x25,0x40,0xF8,0x80,0x21,0x20,0x36,0x40,0x68,0xF8,0x61,0x10,0xA6,0xA0,0x20,0x40,0x21,0x80,0x26,
0x00,0x00,0x40,0x1A,0x48,0xE2,0x48,0x23,0xF8,0x20,0x80,0xF8,0x80,0x20,0xF8,0x31,0x08,0x6A,0x90,0x64,
0x50,0xA0,0x20,0x20,0x40,0x21,0x80,0x26,0x00,0x10,0x10,0xE3,0x20,0x20,0xC0,0x21,0x20,0xF2,0x90,0x27,
0xF8,0x21,0x00,0x72,0x40,0x6F,0xF8,0xAA,0x48,0x22,0x48,0x22,0x48,0x22,0x58,0x20,0x40,0x1B,0xF0,0xE2,
0x10,0x22,0x10,0x23,0xF0,0xF8,0x00,0x20,0x00,0x33,0xF0,0x68,0x80,0x60,0x80,0xA3,0xF0,0x20,0x80,0x20,
0x80,0x27,0xF8,0x00,0x40,0x1A,0x48,0xE1,0x50,0x20,0x40,0x23,0xF8,0xFA,0x08,0x22,0x08,0x33,0xF8,0x6A,
0x08,0x62,0x08,0xA3,0xF8,0x22,0x08,0x22,0x08,0x22,0x38,0x02,0x10,0x19,0x10,0xE1,0x20,0x23,0xF0,0x22,
0x10,0xFA,0x10,0x22,0x10,0x33,0xF0,0x69,0x20,0x61,0x20,0xA1,0x20,0x21,0x28,0x22,0x28,0x24,0x18,0x00,
0x40,0x18,0x80,0xE3,0xF8,0x22,0x48,0x22,0x48,0xFB,0xF8,0x22,0x48,0x32,0x48,0x6B,0xF8,0x60,0xA0,0xA1,
0x20,0x27,0xF8,0x20,0x20,0x20,0x20,0x01,0x40,0x19,0x20,0xE2,0x00,0x23,0xF8,0x26,0x40,0xFA,0x40,0x23,
0xF0,0x32,0x40,0x6A,0x40,0x63,0xF0,0xA2,0x40,0x22,0x40,0x23,0xF8,0x22,0x00,0x1B,0xF8,0xE2,0x48,0x22,
0x48,0x22,0xE8,0xFA,0x48,0x23,0xF8,0x32,0x08,0x6A,0xE8,0x62,0xA8,0xA2,0xA8,0x22,0xE8,0x22,0x08,0x24,
0x38,0x11,0x00,0xE1,0xE0,0x22,0x20,0x24,0x40,0xF3,0xF0,0x20,0x10,0x21,0xF0,0x70,0x10,0x6B,0xF0,0xA0,
0x80,0x20,0x50,0x25,0x48,0x25,0x28,0x28,0xE0,0x00,0x38,0x1B,0xC0,0xE0,0x88,0x22,0x48,0x21,0x10,0xF8,
0x80,0x23,0x38,0x32,0x08,0x6A,0x08,0x63,0xB8,0xA2,0x08,0x22,0x08,0x23,0xF8,0x22,0x08,0x10,0x80,0xE0,
0x40,0x27,0xF8,0x24,0x08,0xF0,0x00,0x27,0xF0,0x21,0x00,0x72,0x88,0x6D,0x50,0xA2,0xE0,0x25,0x50,0x22,
0x50,0x24,0x48,0x21,0x80,0x11,0x20,0xE7,0xF0,0x22,0x88,0x24,0x78,0xF2,0x20,0x23,0xC0,0x22,0x10,0x71,
0xF0,0x68,0x00,0xA3,0xF0,0x22,0x10,0x23,0xF0,0x22,0x10,0x23,0xF0,0x10,0x80,0xE7,0xF8,0x20,0x00,0x23,
0xF0,0xF2,0x10,0x23,0xF0,0x20,0x00,0x77,0xF8,0x6C,0x08,0xA5,0xE8,0x25,0x28,0x25,0xE8,0x24,0x08,0x24,
0x38,0x01,0x00,0x1B,0xF0,0xE2,0x10,0x23,0xF0,0x22,0x10,0xFB,0xF0,0x22,0x90,0x34,0xC8,0x68,0x80,0x63,
0x20,0xA0,0xC0,0x23,0x10,0x20,0x60,0x27,0x80,0x10,0x80,0xEF,0xF8,0x20,0x80,0x27,0xF0,0xF4,0x90,0x27,
0xF0,0x24,0x90,0x77,0xF0,0x68,0x88,0xAF,0xF8,0x21,0x08,0x20,0x90,0x2A,0x28,0x31,0xE0,0x04,0x00,0x02,
0x00,0x00,0x00,0xFF,0xF8,0x80,0x08,0x80,0x08,0x08,0x80,0x08,0x80,0x08,0x80,0x10,0x40,0x10,0x40,0x20,
0x20,0x40,0x10,0x80,0x08,0x04,0x00,0x02,0x00,0xFF,0xF8,0x88,0x88,0x90,0x48,0x24,0x20,0x04,0x00,0x7F,
0xC0,0x04,0x40,0x08,0x40,0x08,0x40,0x10,0x48,0x20,0x48,0x40,0x38,0x04,0x00,0x02,0x00,0xFF,0xF8,0x88,
0x88,0x90,0x48,0x24,0x20,0x04,0x00,0x7F,0xE0,0x04,0x20,0x08,0x20,0x08,0x20,0x10,0x20,0x20,0x20,0x40,
0xC0,0x04,0x00,0x02,0x00,0xFF,0xF8,0x88,0x88,0x90,0x48,0x20,0x20,0x00,0x00,0x3F,0xE0,0x02,0x00,0x02,
0x00,0x02,0x00,0x02,0x00,0x02,0x00,0xFF,0xF8,0x04,0x00,0x02,0x00,0xFF,0xF8,0x90,0x48,0x20,0x20,0x5F,
0xD0,0x00,0x80,0x20,0x80,0x3F,0xF0,0x04,0x80,0x08,0x80,0x10,0x80,0x20,0x80,0xC3,0x80,0x04,0x00,0x02,
0x00,0xFF,0xF8,0x88,0x88,0x90,0x48,0x22,0x20,0x02,0x80,0x02,0x40,0xFF,0xF8,0x02,0x00,0x05,0x00,0x08,
0x80,0x30,0x60,0xC0,0x18,0x04,0x00,0x02,0x00,0xFF,0xF8,0x90,0x48,0x20,0x20,0x20,0x00,0x23,0xF0,0x39,
0x10,0xE1,0x10,0x21,0x10,0x29,0x10,0x32,0x10,0x24,0x10,0x08,0x60,0x04,0x00,0x02,0x00,0xFF,0xF8,0x90,
0x48,0x24,0x20,0x08,0x00,0x1F,0xF0,0x28,0x00,0x4F,0xE0,0x08,0x00,0x0F,0xF0,0x08,0x00,0x08,0x00,0x08,
0x00,0x04,0x00,0x02,0x00,0xFF,0xF8,0x88,0x88,0x90,0x48,0x00,0x00,0x7B,0xF0,0x10,0x80,0x11,0x00,0x13,
0xF0,0x10,0x10,0x1C,0x10,0xE0,0x10,0x00,0x60,0x04,0x00,0x02,0x00,0xFF,0xF8,0x90,0x48,0x20,0x20,0x20,
0x00,0x3F,0xE0,0x42,0x00,0x02,0x00,0xFF,0xF8,0x02,0x00,0x22,0x20,0x22,0x20,0x3F,0xE0,0x04,0x00,0x02,
0x00,0xFF,0xF8,0x90,0x48,0x20,0x20,0x00,0x00,0x3F,0xE0,0x08,0x00,0x10,0x40,0x3F,0xE0,0x02,0x00,0x3F,
0xE0,0x02,0x00,0xFF,0xF8,0x02,0x00,0xFF,0xF8,0x90,0x48,0x22,0x20,0x12,0x00,0x1F,0xE0,0x22,0x00,0xFF,
0xF8,0x00,0x00,0x3F,0xE0,0x20,0x20,0x20,0x20,0x3F,0xE0,0x20,0x20,0x04,0x00,0x02,0x00,0xFF,0xF8,0x90,
0x48,0x24,0x20,0x08,0x00,0x7F,0xF0,0x44,0x10,0x4F,0xD0,0x54,0x90,0x43,0x10,0x5C,0x90,0x40,0x10,0x7F,
0xF0,0x02,0x00,0xFF,0xF8,0x90,0x48,0x20,0x20,0x7F,0xE0,0x08,0x20,0xFF,0xF8,0x08,0x20,0x7F,0xE0,0x10,
0x00,0x3F,0xE0,0x50,0x20,0x9F,0xE0,0x10,0x20,0x04,0x00,0x02,0x00,0xFF,0xF8,0x90,0x48,0x22,0x20,0x7F,
0xF0,0x22,0x20,0x3F,0xE0,0x02,0x00,0x7F,0xF0,0x42,0x10,0x7F,0xF0,0x42,0x10,0x02,0x00,0x04,0x00,0x02,
0x00,0xFF,0xF8,0x90,0x48,0x20,0x20,0x1F,0xC0,0x10,0x40,0x1F,0xC0,0x02,0x00,0x7F,0xF0,0x45,0x10,0x48,
0x90,0x50,0x10,0x40,0x70,0x02,0x00,0xFF,0xF8,0x90,0x48,0x20,0x20,0x7F,0xF0,0x40,0x10,0x7F,0xF0,0x41,
0x00,0x49,0x20,0x49,0x20,0x4F,0xE0,0x51,0x10,0x51,0x10,0x9F,0xF0,0x04,0x00,0x02,0x00,0xFF,0xF8,0x90,
0x48,0x20,0x20,0x11,0xF0,0x79,0x10,0x11,0x50,0x11,0x50,0xFD,0x50,0x11,0x50,0x28,0x60,0x24,0xA8,0x43,
0x18,0x04,0x00,0x02,0x00,0xFF,0xF8,0x90,0x48,0x21,0x20,0x79,0xF0,0x4B,0x10,0x50,0xE0,0x51,0x58,0x49,
0xF0,0x4A,0x40,0x71,0xF0,0x40,0x40,0x43,0xF8,0x04,0x00,0x02,0x00,0x00,0x00,0x7F,0xF0,0x00,0x00,0x00,
0x00,0x00,0x20,0x20,0x20,0x10,0x40,0x10,0x40,0x08,0x80,0x08,0x80,0x01,0x00,0xFF,0xF8,0x08,0x00,0x4B,
0xF0,0x49,0x10,0x48,0xA0,0x48,0x40,0x48,0xA0,0x4B,0x18,0x0C,0x00,0x02,0x00,0x7F,0xF0,0x00,0x00,0x10,
0x40,0x08,0x80,0xFF,0xF8,0x20,0x80,0x10,0x80,0x10,0x80,0xF8,0xF8,0x00,0x80,0x08,0x80,0x88,0x80,0x4B,
0xF0,0x52,0x10,0x52,0x10,0x02,0x10,0x1A,0x10,0xE3,0xF0,0x02,0x10,0x04,0x00,0x02,0x00,0x7F,0xF0,0x10,
0x40,0x08,0x80,0xFF,0xF8,0x00,0x00,0x3F,0xE0,0x20,0x20,0x20,0x20,0x3F,0xE0,0x08,0x80,0x10,0x88,0x60,
0x78,0x02,0x00,0x7F,0xF0,0x10,0x40,0x08,0x80,0xFF,0xF8,0x00,0x00,0x3F,0xE0,0x20,0x20,0x3F,0xE0,0x20,
0x20,0x3F,0xE0,0x08,0x80,0x10,0x88,0x60,0x78,0x02,0x00,0x7F,0xF0,0x10,0x40,0x08,0x80,0xFF,0xF8,0x00,
0x00,0x3F,0xE0,0x20,0x20,0x3F,0xE0,0x20,0x20,0x3F,0xE0,0x02,0x00,0xFF,0xF8,0x02,0x00,0x40,0x80,0x21,
0x00,0x22,0x20,0xF7,0xF0,0x00,0x10,0x12,0x20,0x94,0x10,0x99,0x08,0x91,0xE0,0xA2,0x20,0xA5,0x40,0x30,
0x80,0xC3,0x60,0x0C,0x18,0x02,0x00,0x7F,0xF0,0x10,0x40,0xFF,0xF8,0x00,0x00,0x3F,0xE0,0x22,0x20,0x3F,
0xE0,0x22,0x20,0x3F,0xE0,0x02,0x00,0x7F,0xF0,0x02,0x00,0xFF,0xF8,0x40,0x00,0x27,0xE0,0x24,0x20,0xF7,
0xE0,0x04,0x20,0x17,0xE0,0x92,0x00,0x97,0xF0,0x98,0x90,0xA5,0x50,0xA4,0x10,0x37,0xD0,0xC0,0x10,0x00,
0x60,0x20,0x40,0x12,0x48,0x12,0x48,0xFA,0x48,0x03,0xF8,0x08,0x00,0x8B,0xF8,0x48,0x80,0x53,0xF8,0x52,
0xA8,0x02,0xA8,0x1A,0xA8,0xE2,0xA8,0x02,0x18,0x20,0x80,0x20,0x80,0x20,0x80,0x3C,0xF8,0x51,0x20,0x52,
0x20,0x94,0x20,0x10,0x20,0x10,0x20,0x10,0x20,0x10,0x20,0x10,0x20,0x10,0x20,0x10,0xE0,0x20,0x80,0x3C,
0xF8,0x51,0x20,0x8A,0x10,0x00,0x00,0x7F,0xF0,0x02,0x00,0x02,0x00,0x02,0x00,0xFF,0xF8,0x02,0x00,0x02,
0x00,0x02,0x00,0x02,0x00,0x20,0x80,0x3C,0xF8,0x51,0x20,0x8A,0x10,0x00,0x00,0x7F,0xF0,0x42,0x10,0x42,
0x10,0x42,0x10,0x7F,0xF0,0x40,0x00,0x40,0x08,0x40,0x08,0x3F,0xF8,0x20,0x80,0x3C,0xF8,0x51,0x20,0x8A,
0x10,0x7F,0xE0,0x04,0x20,0x04,0x20,0xFF,0xF8,0x04,0x20,0x04,0x20,0x7F,0xE0,0x08,0x20,0x30,0x00,0xC0,
0x00,0x20,0x80,0x20,0x80,0x3C,0xF8,0x51,0x20,0x88,0x10,0x00,0xE0,0x3F,0x00,0x02,0x00,0x02,0x00,0xFF,
0xF8,0x05,0x00,0x08,0x80,0x30,0x60,0xC0,0x18,0x20,0x80,0x3C,0xF8,0x51,0x20,0x8A,0x10,0x01,0xE0,0x3E,
0x00,0x02,0x00,0x03,0xE0,0x3E,0x00,0x02,0x00,0x03,0xF0,0xFE,0x08,0x02,0x08,0x01,0xF8,0x20,0x80,0x3C,
0xF8,0x51,0x20,0x8A,0x10,0x02,0x00,0x22,0x00,0x3F,0xF0,0x42,0x00,0x82,0x00,0x3F,0xE0,0x02,0x00,0x02,
0x00,0x02,0x00,0xFF,0xF8,0x20,0x80,0x20,0x80,0x3C,0xF8,0x51,0x20,0x8A,0x10,0x02,0x00,0x7F,0xF0,0x42,
0x10,0x42,0x10,0x7F,0xF0,0x42,0x10,0x42,0x10,0x7F,0xF0,0x40,0x10,0x20,0x80,0x3C,0xF8,0x51,0x20,0x8A,
0x10,0x10,0x20,0x10,0x20,0x27,0xF8,0x20,0x20,0x62,0x20,0xA1,0x20,0x20,0x20,0x20,0x20,0x20,0x20,0x20,
0xE0,0x20,0x80,0x20,0x80,0x3C,0xF8,0x51,0x20,0x8A,0x10,0x02,0x00,0xFF,0xF8,0x07,0x00,0x0A,0x80,0x12,
0x40,0x22,0x20,0xDF,0xD8,0x02,0x00,0x02,0x00,0x20,0x80,0x3C,0xF8,0x51,0x20,0x8A,0x10,0x00,0x00,0x7F,
0xE0,0x02,0x20,0x7F,0xE0,0x42,0x00,0x7F,0xF0,0x0A,0x10,0x32,0x10,0xC2,0x60,0x02,0x00,0x20,0x80,0x7E,
0xF8,0x89,0x20,0x00,0x80,0x08,0x40,0x0B,0xF0,0x7C,0x00,0x08,0x00,0x07,0xF0,0xFC,0x20,0x02,0x40,0x01,
0x88,0x0E,0x68,0x70,0x18,0x20,0x80,0x3C,0xF8,0x51,0x20,0x8A,0x10,0x00,0x80,0x08,0x40,0x7F,0xF0,0x09,
0x00,0x09,0x20,0x11,0x40,0x11,0x80,0x23,0x08,0x4D,0x08,0x80,0xF8,0x20,0x80,0x3C,0xF8,0x51,0x20,0x8A,
0x10,0x02,0x00,0x3F,0xE0,0x02,0x00,0xFF,0xF8,0x00,0x80,0x7F,0xF0,0x00,0x80,0x10,0x80,0x08,0x80,0x03,
0x80,0x20,0x80,0x3C,0xF8,0x51,0x20,0x8A,0x10,0x78,0x80,0x48,0x80,0x4B,0xF0,0x78,0x90,0x48,0x90,0x48,
0x90,0x78,0x90,0x49,0x10,0x49,0x10,0x9A,0x60,0x20,0x80,0x3C,0xF8,0x51,0x20,0x8A,0x10,0x00,0x00,0x12,
0x40,0x12,0x20,0x22,0xF0,0x6F,0x00,0xA1,0x20,0x21,0x40,0x20,0x90,0x21,0x50,0x22,0x30,0x20,0x80,0x3C,
0xF8,0x51,0x20,0x8A,0x10,0x7F,0xF8,0x40,0x00,0x5F,0xF0,0x41,0x00,0x4F,0xE0,0x41,0x00,0x41,0x00,0x5F,
0xF0,0x40,0x00,0x7F,0xF8,0x20,0x80,0x3C,0xF8,0x51,0x20,0x8A,0x10,0x00,0x00,0x03,0xE0,0xFA,0x20,0x22,
0x20,0x23,0x20,0x22,0xA0,0x3A,0x20,0xE2,0x28,0x04,0x28,0x08,0x18,0x20,0x80,0x3C,0xF8,0x51,0x20,0x8A,
0x10,0x00,0x00,0x7F,0xF0,0x40,0x10,0x5F,0xD0,0x40,0x10,0x4F,0x90,0x48,0x90,0x4F,0x90,0x40,0x10,0x40,
0x70,0x20,0x80,0x3C,0xF8,0x51,0x20,0x8A,0x10,0x05,0x00,0x08,0x80,0x30,0x60,0xCF,0x98,0x00,0x00,0x3F,
0xE0,0x20,0x20,0x20,0x20,0x3F,0xE0,0x20,0x20,0x20,0x80,0x3C,0xF8,0x51,0x20,0x8A,0x10,0x02,0x00,0xFF,
0xF8,0x02,0x00,0x7F,0xF0,0x42,0x10,0x47,0x70,0x0A,0x80,0x32,0x60,0xC2,0x18,0x02,0x00,0x20,0x80,0x3C,
0xF8,0x51,0x20,0x8A,0x10,0x10,0x00,0x57,0xF0,0x50,0x80,0x57,0xF0,0x54,0x90,0x54,0x90,0x54,0x90,0x14,
0xB0,0x20,0x80,0x40,0x80,0x20,0x80,0x3C,0xF8,0x51,0x20,0x8A,0x10,0x1F,0x80,0x21,0x00,0x7F,0xE0,0x02,
0x20,0xFF,0xF8,0x02,0x20,0x3F,0xE0,0x02,0x20,0x02,0x00,0x0E,0x00,0x20,0x80,0x3C,0xF8,0x51,0x20,0x8A,
0x10,0x10,0x80,0x10,0x80,0x5B,0xF0,0x54,0x90,0x50,0x90,0x97,0xF8,0x11,0x40,0x11,0x40,0x12,0x20,0x14,
0x18,0x20,0x80,0x7E,0xF8,0x89,0x20,0x04,0x00,0x7F,0xF0,0x04,0x00,0x3F,0xE0,0x08,0x00,0xFF,0xF8,0x10,
0x40,0x2F,0xF0,0x44,0x40,0x82,0x40,0x00,0xC0,0x20,0x80,0x20,0x80,0x3C,0xF8,0x51,0x20,0x8A,0x10,0x05,
0x00,0x08,0x80,0x30,0x60,0xDF,0xD8,0x04,0x00,0x22,0x20,0x12,0x40,0x10,0x80,0x7F,0xF0,0x20,0x80,0x3C,
0xF8,0x51,0x20,0x8A,0x10,0x20,0x00,0x17,0xF8,0x40,0x08,0x4F,0xC8,0x48,0x48,0x4F,0xC8,0x48,0x48,0x4F,
0xC8,0x40,0x08,0x40,0x38,0x20,0x80,0x3C,0xF8,0x51,0x20,0x8A,0x10,0x20,0x00,0x27,0xF8,0xF4,0x40,0x25,
0xF0,0x35,0x50,0x25,0x50,0xE5,0x50,0x25,0x70,0x24,0x40,0xE7,0xF8,0x20,0x80,0x3C,0xF8,0x51,0x20,0x8A,
0x10,0x41,0x00,0x22,0x00,0x17,0xF0,0x84,0x10,0x44,0x10,0x17,0xF0,0x24,0x10,0x24,0x10,0x47,0xF0,0x44,
0x10,0x20,0x80,0x3C,0xF8,0x51,0x20,0x8A,0x10,0x10,0x40,0x7F,0xF0,0x10,0x40,0x1F,0xC0,0x10,0x40,0x1F,
0xC0,0x10,0x40,0xFF,0xF8,0x10,0x40,0x20,0x20,0x20,0x80,0x7E,0xF8,0x89,0x20,0x3F,0xE0,0x20,0x20,0x3F,
0xE0,0x20,0x20,0x3F,0xE0,0x20,0x20,0x3F,0xE0,0x08,0x80,0xFF,0xF8,0x10,0x80,0x20,0x80,0x20,0x80,0x7E,
0xF8,0x89,0x20,0x02,0x00,0xFF,0xF8,0x80,0x08,0x3F,0xC0,0x20,0x40,0x3F,0xC0,0x20,0x00,0x3F,0xE0,0x20,
0x20,0x3F,0xE0,0x20,0x20,0x20,0x80,0x3C,0xF8,0x51,0x20,0x8A,0x10,0x7F,0xF0,0x48,0x90,0x7F,0xF0,0x04,
0x00,0x0F,0xE0,0x18,0x40,0x64,0x80,0x03,0x00,0x0C,0x00,0xF0,0x00,0x20,0x80,0x3C,0xF8,0x51,0x20,0x8A,
0x10,0x3F,0xE0,0x02,0x20,0xFF,0xF8,0x02,0x20,0x3F,0xE0,0x02,0x00,0x42,0x10,0x4A,0x90,0x52,0x50,0x82,
0x10,0x20,0x80,0x7E,0xF8,0xA9,0x20,0x10,0x40,0xFF,0xF8,0x00,0x00,0x7E,0x90,0x42,0x90,0x7E,0x90,0x42,
0x90,0x7E,0x90,0x42,0x10,0x42,0x10,0x4E,0x70,0x20,0x80,0x3C,0xF8,0x51,0x20,0x8A,0x10,0x10,0x00,0x11,
0xF0,0xFD,0x10,0x11,0x10,0x31,0xF0,0x39,0x10,0x55,0xF0,0x91,0x10,0x11,0x10,0x11,0xF0,0x20,0x80,0x7E,
0xF8,0x89,0x20,0x0F,0xC0,0x10,0x40,0x1F,0x80,0x00,0x80,0xFF,0xF8,0x12,0x10,0x65,0x60,0x1B,0x80,0x65,
0x40,0x19,0x20,0xE3,0x18,0x20,0x80,0x3C,0xF8,0x55,0x20,0x8A,0x10,0x3F,0xF0,0x20,0x10,0x3F,0xF0,0x20,
0x00,0x3F,0xF0,0x32,0x90,0x5F,0xF0,0x52,0x90,0x92,0x90,0x10,0x30,0x20,0x80,0x7E,0xF8,0x89,0x20,0x22,
0x20,0x12,0x40,0x7F,0xF0,0x0A,0x80,0x72,0x70,0x04,0x00,0xFF,0xF8,0x08,0x40,0x18,0x80,0x07,0x00,0x78,
0xE0,0x21,0x00,0x7D,0xF8,0x92,0x40,0xFF,0xF8,0x00,0x00,0x1F,0xC0,0x10,0x40,0x1F,0xC0,0x00,0x00,0x7F,
0xF0,0x40,0x10,0x4F,0x90,0x48,0x90,0x4F,0xB0,0x20,0x80,0x7E,0xF8,0x89,0x20,0x3F,0xE0,0x20,0x20,0x3F,
0xE0,0x20,0x20,0x3F,0xE0,0x20,0x20,0x3F,0xE0,0x08,0x00,0xFF,0xF8,0x25,0x20,0xCF,0x98,0x20,0x80,0x3C,
0xF8,0x51,0x20,0x8A,0x10,0x09,0x00,0x49,0xF0,0x4A,0x40,0x4C,0x20,0x08,0x10,0x3F,0xE0,0x25,0x20,0x25,
0x20,0x25,0x20,0xFF,0xF8,0x20,0x80,0x7E,0xF8,0x89,0x20,0x02,0x00,0xFF,0xF8,0x08,0x80,0x27,0x20,0x28,
0xA0,0x3F,0xE0,0x02,0x00,0x7F,0xF0,0x48,0x90,0x5F,0xD0,0x40,0x30,0x21,0x00,0x7D,0xF8,0x92,0x40,0x47,
0xF0,0x2A,0x20,0x21,0xC0,0x0E,0xB8,0xE3,0xE0,0x20,0x80,0x27,0xF0,0x20,0x80,0x2F,0xF8,0x50,0x80,0x8F,
0xF8,0x20,0x80,0x7E,0xF8,0x89,0x20,0x21,0x00,0x11,0x00,0xFD,0xF8,0x22,0x80,0x20,0xF0,0x39,0x40,0x28,
0x40,0x2B,0xF8,0x48,0x40,0x48,0xA0,0x9B,0x18,0x20,0x80,0x7E,0xF8,0x89,0x20,0x08,0x80,0x3F,0xE0,0x08,
0x80,0xFF,0xF8,0x02,0x00,0x3F,0xE0,0x22,0x20,0x3F,0xE0,0x22,0x20,0x3F,0xE0,0x10,0x40,0x20,0x80,0x3C,
0xF8,0x51,0x20,0x8A,0x10,0x48,0x20,0xFD,0xF8,0x49,0x28,0x79,0x20,0x49,0xF0,0x79,0x90,0x49,0x50,0xFD,
0x20,0x4A,0x50,0x84,0x88,0x21,0x00,0x7D,0xF8,0x92,0xA0,0x0F,0xF8,0x40,0x80,0x27,0xF0,0x14,0x90,0x87,
0xF0,0x44,0x90,0x17,0xF0,0x24,0x90,0x2F,0xF8,0x42,0x20,0x41,0x60,0x20,0x80,0x7E,0xF8,0x89,0x20,0x21,
0x20,0xFB,0xF0,0x21,0x20,0x77,0xF8,0x20,0x00,0xFB,0xF0,0x22,0x10,0x73,0xF0,0xAA,0x10,0x23,0xF0,0x22,
0x10,0x02,0x00,0x22,0x20,0x12,0x20,0x12,0x40,0x02,0x00,0xFF,0xF8,0x02,0x00,0x07,0x00,0x0A,0x80,0x12,
0x40,0x22,0x20,0xC2,0x18,0x02,0x00,0x02,0x00,0x02,0x00,0x22,0x20,0x12,0x40,0xFF,0xF8,0x0A,0x80,0x12,
0x40,0x22,0x20,0xC0,0x10,0x02,0x00,0xFF,0xF8,0x05,0x00,0x08,0x80,0x30,0x60,0xC0,0x18,0x20,0x00,0x23,
0xF0,0xA8,0x10,0x70,0x20,0x20,0x40,0xF8,0x40,0x23,0xF8,0x60,0x40,0x70,0x40,0xA8,0x40,0xA0,0x40,0x20,
0x40,0x20,0x40,0x21,0xC0,0x20,0x20,0x21,0x20,0xA9,0x20,0x72,0x10,0x22,0x10,0xFC,0x08,0x23,0xF0,0x61,
0x10,0x71,0x10,0xA9,0x10,0xA1,0x10,0x22,0x10,0x22,0x10,0x24,0x60,0x20,0x80,0x20,0x40,0xA8,0x40,0x73,
0xF8,0x20,0x00,0xF8,0x10,0x22,0x10,0x62,0x10,0x71,0x10,0xA9,0x20,0xA1,0x20,0x20,0x20,0x20,0x40,0x27,
0xF8,0x10,0x20,0x10,0x20,0x94,0x40,0x59,0xF8,0x11,0x08,0xFD,0x08,0x11,0x08,0x39,0xF8,0x35,0x08,0x51,
0x08,0x51,0x08,0x91,0x08,0x11,0xF8,0x11,0x08,0x10,0x00,0x11,0xF0,0x95,0x10,0x59,0x10,0x11,0x10,0xFD,
0xF0,0x11,0x10,0x39,0x10,0x35,0x10,0x51,0xF0,0x51,0x10,0x91,0x10,0x11,0x10,0x13,0xF8,0x10,0x80,0x10,
0x80,0x94,0x80,0x58,0xF8,0x10,0x80,0xFC,0x80,0x10,0x80,0x3B,0xF0,0x36,0x10,0x52,0x10,0x52,0x10,0x92,
0x10,0x13,0xF0,0x12,0x10,0xFF,0xF8,0x08,0x80,0x7F,0xF0,0x48,0x90,0x48,0x90,0x7F,0xF0,0x00,0x00,0x22,
0x20,0x12,0x40,0xFF,0xF8,0x12,0x40,0x22,0x20,0xC2,0x18,0x08,0x00,0x3F,0xE0,0x20,0x20,0x2A,0xA0,0x3F,
0xE0,0x22,0x20,0x2A,0xA0,0x3F,0xE0,0x00,0x00,0xFF,0xF8,0x10,0x00,0x1F,0xE0,0x00,0x20,0x00,0xC0,0x02,
0x00,0xF2,0x78,0x1A,0x88,0x17,0x08,0xF2,0x78,0x82,0x40,0x8F,0xC0,0x82,0x40,0xF7,0x78,0x16,0x88,0x1A,
0x88,0x12,0x08,0x12,0x08,0x62,0x30,0x02,0x00,0x22,0x20,0x12,0x40,0x7F,0xF0,0x0A,0x80,0x12,0x40,0x28,
0xA0,0xC8,0x98,0x7F,0xF0,0x08,0x80,0x08,0x80,0xFF,0xF8,0x10,0x40,0x20,0x20,0x20,0x80,0x20,0x40,0xAB,
0xF0,0x72,0x10,0x22,0x10,0xFB,0xF0,0x22,0x10,0x62,0x10,0x73,0xF0,0xAA,0x48,0xA2,0x50,0x22,0x20,0x22,
0x90,0x23,0x08,0x4F,0xE0,0x21,0x20,0x85,0x30,0x45,0x28,0x09,0x28,0x22,0x20,0x44,0x20,0x88,0xC0,0x22,
0x20,0x12,0x40,0xFF,0xF8,0x12,0x40,0x22,0x20,0xC2,0x18,0x20,0x00,0x23,0xF8,0xA8,0x40,0x73,0xF8,0x22,
0x48,0xFA,0x48,0x23,0xF8,0x62,0x48,0x72,0x48,0xAB,0xF8,0xA1,0x40,0x20,0x80,0x21,0x60,0x26,0x18,0x20,
0x80,0x20,0x40,0xAB,0xF8,0x70,0x00,0x21,0x10,0xF9,0x10,0x22,0xA8,0x60,0x00,0x70,0x40,0xAB,0xF8,0xA0,
0x40,0x20,0x40,0x20,0x40,0x20,0x40,0x20,0x80,0x23,0xF0,0xA8,0x80,0x73,0xF0,0x20,0x80,0xF7,0xF8,0x20,
0x00,0x73,0xF0,0x6A,0x10,0xA3,0xF0,0xA2,0x10,0x23,0xF0,0x22,0x10,0x22,0x70,0x22,0x00,0x22,0x70,0xAA,
0x50,0x77,0x50,0x22,0x50,0xFA,0x70,0x27,0x50,0x65,0x50,0x75,0x70,0xAD,0x50,0xA5,0x50,0x27,0x50,0x24,
0x90,0x21,0x30,0x24,0x10,0x22,0x20,0xA8,0x00,0x77,0xF0,0x20,0x80,0xF8,0x80,0x27,0xF0,0x60,0x80,0x70,
0x80,0xAF,0xF8,0xA0,0x00,0x25,0x50,0x24,0xA8,0x28,0xA8,0x20,0x80,0x20,0x40,0xAB,0xF8,0x72,0x40,0x22,
0xF0,0xFA,0x50,0x23,0xF8,0x62,0x50,0x72,0xF0,0xAA,0x40,0xA2,0xF0,0x22,0x90,0x22,0x90,0x24,0xF0,0x24,
0x20,0x22,0xA0,0xAA,0xF0,0x71,0x20,0x20,0x20,0xF6,0xF8,0x22,0x00,0x72,0xF0,0x6A,0x90,0xA2,0x90,0xA2,
0x90,0x22,0xF0,0x23,0x00,0x24,0xF8,0x02,0x00,0x7F,0xF8,0x48,0x40,0x5D,0xF0,0x48,0xE0,0x5D,0x50,0x68,
0x40,0x41,0x00,0x49,0x20,0x45,0x40,0x5F,0xF0,0x43,0x80,0x45,0x60,0x99,0x18,0x21,0x20,0x27,0xF8,0xA9,
0x20,0x77,0xF8,0x25,0x28,0xF7,0xF8,0x25,0x28,0x77,0xF8,0x68,0x00,0xA3,0xF0,0xA2,0x10,0x23,0xF0,0x22,
0x10,0x23,0xF0,0x20,0x80,0x20,0x40,0xAF,0xF8,0x74,0x40,0x25,0xF0,0xFC,0x50,0x27,0xF8,0x64,0x50,0x75,
0xF0,0xAD,0x50,0xA4,0xE0,0x29,0x50,0x2A,0x48,0x30,0xC0,0x23,0xF8,0x20,0x40,0xAB,0xF8,0x72,0x48,0x21,
0x50,0xF8,0x40,0x23,0x58,0x60,0x00,0x73,0xF8,0xA8,0x40,0xA3,0xF8,0x22,0xA8,0x22,0xA8,0x22,0x18,0x03,
0xC0,0xFC,0x00,0x08,0x00,0x10,0x80,0x21,0x00,0x7E,0x00,0x08,0x80,0x30,0x40,0xFF,0xE0,0x04,0x20,0x24,
0x80,0x44,0x40,0x84,0x20,0x1C,0x00,0x02,0x00,0xFF,0xF8,0x10,0x40,0x0F,0x80,0x30,0x60,0xC8,0x18,0x10,
0x80,0x3F,0x00,0x04,0x20,0x7F,0xF0,0x02,0x10,0x22,0x40,0x42,0x20,0x8E,0x10,0x02,0x00,0x7F,0xF0,0x02,
0x00,0x3F,0xE0,0x02,0x00,0xFF,0xF8,0x10,0x80,0x3F,0x00,0x04,0x20,0x7F,0xF0,0x02,0x10,0x22,0x40,0x42,
0x20,0x8E,0x10,0x02,0x00,0x7F,0xF0,0x02,0x00,0x02,0x00,0xFF,0xF8,0x88,0x08,0x10,0x80,0x3F,0x00,0x04,
0x20,0x7F,0xF0,0x02,0x10,0x22,0x40,0x42,0x20,0x8E,0x10,0x17,0xE0,0x92,0x20,0x91,0x40,0x90,0x80,0x91,
0x40,0x12,0x30,0x08,0x00,0x11,0x00,0x7E,0x00,0x08,0x40,0xFF,0xE0,0x04,0x20,0x44,0x80,0x9C,0x40,0x11,
0x10,0x5D,0x20,0x51,0xC0,0x51,0x08,0x5D,0x08,0xE8,0xF8,0x10,0x80,0x3F,0x00,0x04,0x20,0x7F,0xF0,0x02,
0x10,0x22,0x40,0x42,0x20,0x8E,0x10,0x7F,0xF0,0x42,0x10,0x7F,0xF0,0x42,0x10,0x7F,0xF0,0x08,0x00,0x10,
0x80,0x3F,0x00,0x04,0x20,0x7F,0xF0,0x02,0x10,0x22,0x40,0x42,0x20,0x8E,0x10,0x10,0x00,0xFD,0xF0,0x25,
0x10,0x25,0x10,0x69,0x10,0x19,0xF0,0x64,0x00,0x08,0x80,0x3F,0x00,0x04,0x20,0x7F,0xF0,0x02,0x10,0x22,
0x40,0x4E,0x20,0x40,0x40,0x7E,0x40,0x80,0x78,0x7C,0x90,0x55,0x50,0xFE,0x20,0x54,0x50,0x7E,0x88,0x08,
0x80,0x1F,0x00,0x04,0x20,0x7F,0xF0,0x22,0x40,0x46,0x20,0x21,0x00,0x7D,0xF8,0x92,0x40,0x3F,0xE0,0x20,
0x20,0x3F,0xE0,0x20,0x20,0xFF,0xF8,0x28,0xA0,0x5F,0x10,0x84,0x28,0x7F,0xF0,0x22,0x40,0x46,0x20,0x20,
0x10,0x20,0x10,0x4A,0x10,0x4A,0x10,0xF2,0x10,0x12,0x10,0x22,0x30,0x42,0xD0,0xFB,0x10,0x02,0x10,0x00,
0x10,0x18,0x10,0xE0,0x10,0x00,0x10,0x20,0x00,0x20,0x00,0x4B,0xF0,0x48,0x80,0xF0,0x80,0x10,0x80,0x20,
0x80,0x40,0x80,0xF8,0x80,0x00,0x80,0x00,0x80,0x18,0x80,0xE0,0x80,0x07,0xF8,0x20,0x38,0x23,0xC0,0x48,
0x40,0x48,0x40,0xF0,0x40,0x10,0x40,0x23,0xF8,0x40,0x40,0xF8,0x40,0x00,0x40,0x00,0x40,0x18,0x40,0xE0,
0x40,0x00,0x40,0x21,0x00,0x21,0x00,0x49,0xF8,0x4A,0x08,0xF4,0x08,0x10,0x08,0x21,0x08,0x40,0x88,0xF8,
0x88,0x00,0x08,0x00,0x08,0x18,0x08,0xE0,0x08,0x00,0x30,0x20,0x00,0x27,0xE0,0x42,0x20,0x92,0x20,0xF2,
0x40,0x22,0x80,0x42,0xF0,0x82,0x10,0xF2,0x10,0x03,0x20,0x02,0xA0,0x34,0x40,0xC4,0xA0,0x09,0x18,0x20,
0x00,0x23,0xF0,0x48,0x10,0x48,0x10,0xF0,0x10,0x10,0x10,0x23,0xF0,0x42,0x00,0xFA,0x00,0x02,0x00,0x02,
0x00,0x1A,0x08,0xE2,0x08,0x01,0xF8,0x20,0x00,0x27,0xF8,0x40,0x88,0x90,0x88,0xF2,0x88,0x22,0x88,0x42,
0x88,0x84,0x88,0xF0,0x88,0x00,0x88,0x01,0x08,0x31,0x08,0xC2,0x08,0x04,0x30,0x20,0x80,0x20,0x80,0x47,
0xF8,0x90,0x80,0xF0,0x80,0x23,0xF0,0x40,0x80,0x80,0x80,0xF7,0xF8,0x00,0x88,0x00,0x88,0x30,0x88,0xC0,
0xB0,0x00,0x80,0x20,0x80,0x20,0x80,0x47,0xF8,0x90,0x80,0xF0,0x80,0x24,0x90,0x44,0x90,0x84,0x90,0xF7,
0xF0,0x00,0x80,0x00,0x80,0x30,0x88,0xC0,0x88,0x00,0x78,0x20,0x80,0x20,0x80,0x48,0x80,0x4A,0xA0,0xF2,
0x90,0x12,0x88,0x24,0x88,0x40,0x80,0xF8,0x90,0x00,0x10,0x00,0x20,0x18,0x40,0xE1,0x80,0x06,0x00,0x20,
0x00,0x27,0xF8,0x44,0x08,0x94,0x28,0xF5,0x28,0x24,0xA8,0x44,0x48,0x84,0x48,0xF4,0xA8,0x05,0x28,0x06,
0x08,0x34,0x08,0xC4,0x08,0x04,0x38,0x20,0x80,0x20,0x80,0x40,0x80,0x97,0xF0,0xF4,0x90,0x24,0x90,0x44,
0x90,0x85,0x50,0xF6,0x30,0x04,0x10,0x04,0x10,0x34,0x10,0xC4,0x10,0x04,0x70,0x21,0x20,0x21,0x20,0x49,
0x20,0x49,0x20,0xF1,0x20,0x11,0x20,0x21,0x20,0x41,0x20,0xF1,0x20,0x02,0xA0,0x32,0x50,0xC4,0x50,0x08,
0x90,0x11,0x08,0x20,0x80,0x20,0x80,0x41,0x40,0x91,0x40,0xF2,0x20,0x24,0x10,0x4A,0x08,0x82,0x20,0xF2,
0x40,0x03,0x80,0x02,0x00,0x32,0x10,0xC2,0x10,0x01,0xF0,0x20,0x40,0x22,0x40,0x42,0x20,0x94,0x20,0xF4,
0x10,0x28,0x08,0x47,0xE0,0x82,0x20,0xF2,0x20,0x02,0x20,0x02,0x20,0x34,0x20,0xC4,0x20,0x08,0xC0,0x20,
0x00,0x20,0x70,0x4B,0xC0,0x4A,0x40,0xF2,0x40,0x12,0x40,0x23,0xF8,0x42,0x40,0xFA,0x40,0x02,0x40,0x02,
0x20,0x1A,0xA8,0xE3,0x18,0x02,0x08,0x21,0x00,0x20,0x80,0x40,0x80,0x97,0xF8,0xF2,0x20,0x22,0x20,0x42,
0x20,0x82,0x20,0xF1,0x40,0x01,0x40,0x00,0x80,0x31,0x40,0xC2,0x20,0x0C,0x18,0x20,0x80,0x20,0x40,0x48,
0x00,0x4B,0xF8,0xF1,0x00,0x11,0x00,0x21,0xF0,0x41,0x10,0xF9,0x10,0x01,0x10,0x01,0x10,0x1A,0x10,0xE2,
0x10,0x04,0x60,0x20,0x00,0x27,0xF0,0x49,0x10,0x49,0x10,0xF1,0x10,0x11,0x10,0x21,0x10,0x47,0xF0,0xFA,
0x10,0x02,0x10,0x02,0x10,0x1A,0x10,0xE2,0x10,0x0F,0xF8,0x20,0xA0,0x20,0x90,0x48,0x80,0x48,0xF0,0xF3,
0x80,0x10,0x80,0x20,0xB8,0x43,0xC0,0xF8,0x90,0x00,0xA0,0x00,0x48,0x18,0xA8,0xE3,0x18,0x00,0x08,0x20,
0x80,0x20,0x80,0x47,0xF0,0x91,0x00,0xF1,0x00,0x27,0xC0,0x42,0x40,0x84,0x40,0xF7,0xF8,0x00,0x40,0x02,
0x50,0x32,0x48,0xC4,0x48,0x01,0xC0,0x20,0x00,0x23,0xF0,0x4A,0x10,0x4A,0x10,0xF2,0x10,0x13,0xF0,0x22,
0x10,0x42,0x10,0xFA,0x10,0x03,0xF0,0x02,0x10,0x1A,0x10,0xE2,0x10,0x07,0xF8,0x20,0x80,0x20,0x80,0x47,
0xF0,0x94,0x90,0xF4,0x90,0x24,0x90,0x47,0xF0,0x84,0x90,0xF4,0x90,0x04,0x90,0x07,0xF0,0x34,0x90,0xC0,
0x80,0x00,0x80,0x20,0x00,0x23,0xF8,0x4A,0x48,0x4A,0x48,0xF2,0x48,0x12,0x48,0x23,0xF8,0x42,0x48,0xFA,
0x48,0x02,0x48,0x02,0x48,0x1A,0x48,0xE3,0xF8,0x02,0x08,0x20,0x00,0x23,0xF0,0x4A,0x10,0x4A,0x10,0xF2,
0x10,0x12,0x10,0x22,0x10,0x43,0xF0,0xF8,0x00,0x00,0x00,0x01,0x20,0x19,0x10,0xE2,0x08,0x04,0x08,0x21,
0x00,0x21,0x00,0x41,0xE0,0x92,0x20,0xF5,0x40,0x20,0x80,0x41,0x40,0x82,0x20,0xF4,0x18,0x01,0x80,0x00,
0x60,0x33,0x00,0xC0,0xC0,0x00,0x20,0x20,0x80,0x24,0x90,0x42,0x90,0x92,0xA0,0xF0,0x80,0x27,0xF0,0x40,
0x80,0x80,0x80,0xF0,0x80,0x0F,0xF8,0x00,0x80,0x30,0x80,0xC0,0x80,0x00,0x80,0x20,0x00,0x23,0xF8,0x49,
0x08,0x49,0x08,0xF1,0x08,0x12,0x08,0x24,0x30,0x40,0x00,0xFB,0xF8,0x02,0x08,0x02,0x08,0x1A,0x08,0xE3,
0xF8,0x02,0x08,0x20,0x00,0x23,0xF0,0x49,0x10,0x48,0xA0,0xF0,0x40,0x10,0xA0,0x23,0x18,0x40,0x40,0xF9,
0xF0,0x00,0x40,0x00,0x40,0x1B,0xF8,0xE0,0x40,0x00,0x40,0x20,0x00,0x23,0xF0,0x48,0x20,0x48,0x40,0xF0,
0xA0,0x11,0x10,0x22,0x08,0x44,0x00,0xFB,0xF0,0x00,0x40,0x00,0x40,0x18,0x40,0xE0,0x40,0x07,0xF8,0x22,
0x00,0x22,0x78,0x4F,0x48,0x52,0x48,0xF2,0x48,0x27,0x50,0x42,0x50,0xF2,0x48,0x0F,0x48,0x02,0x48,0x32,
0x48,0xC2,0x70,0x04,0x40,0x08,0x40,0x20,0x50,0x20,0x48,0x40,0x40,0x97,0xF8,0xF0,0x40,0x22,0x48,0x42,
0x48,0x87,0x50,0xF2,0x50,0x02,0x20,0x02,0x28,0x32,0x68,0xC4,0x98,0x01,0x08,0x20,0x80,0x20,0x80,0x4F,
0xF8,0x90,0x80,0xF0,0x80,0x27,0xF0,0x40,0x00,0x80,0x00,0xF7,0xF0,0x04,0x10,0x04,0x10,0x34,0x10,0xC7,
0xF0,0x04,0x10,0x21,0x00,0x21,0x00,0x41,0x70,0x97,0x80,0xF0,0xA0,0x20,0x48,0x41,0xA8,0x86,0x18,0xF0,
0x00,0x07,0xF0,0x01,0x40,0x31,0x40,0xC2,0x48,0x0C,0x38,0x20,0x80,0x20,0x80,0x41,0x40,0x92,0x20,0xF4,
0x10,0x2B,0xE8,0x40,0x00,0x80,0x00,0xF7,0xF0,0x01,0x00,0x02,0x40,0x34,0x20,0xC7,0xF0,0x00,0x10,0x20,
0x80,0x20,0x80,0x41,0x40,0x92,0x20,0xF4,0x10,0x2B,0xE8,0x40,0x00,0x80,0x00,0xF7,0xF0,0x04,0x10,0x04,
0x10,0x34,0x10,0xC7,0xF0,0x04,0x10,0x21,0x00,0x21,0x00,0x4B,0xF8,0x4C,0x08,0xF3,0xE8,0x12,0x28,0x22,
0x28,0x43,0xE8,0xFA,0x28,0x02,0x28,0x03,0xE8,0x1A,0x08,0xE0,0x08,0x00,0x30,0x21,0x00,0x21,0x00,0x41,
0xE0,0x92,0x20,0xF5,0x40,0x20,0x80,0x41,0x40,0x82,0x20,0xF4,0x18,0x03,0xE0,0x02,0x20,0x32,0x20,0xC3,
0xE0,0x02,0x20,0x21,0x00,0x21,0x00,0x49,0xF0,0x4A,0x10,0xF4,0x20,0x13,0xF8,0x22,0x48,0x42,0x48,0xFA,
0x48,0x03,0xF8,0x02,0x00,0x1A,0x08,0xE2,0x08,0x01,0xF8,0x20,0x80,0x20,0x40,0x4B,0xF8,0x48,0x00,0xF0,
0xA0,0x11,0x10,0x22,0x08,0x41,0x10,0xF9,0x10,0x00,0xA0,0x00,0x40,0x18,0xA0,0xE1,0x10,0x02,0x08,0x21,
0x00,0x20,0x80,0x40,0x00,0x97,0xF8,0xF1,0x00,0x21,0x20,0x42,0x10,0x87,0xF0,0xF1,0x50,0x01,0x40,0x02,
0x40,0x32,0x48,0xC4,0x48,0x08,0x38,0x20,0x00,0x21,0xF0,0x49,0x10,0x49,0x10,0xF1,0xF0,0x10,0x00,0x23,
0xF8,0x42,0x08,0xFB,0xF8,0x02,0x08,0x03,0xF8,0x1A,0x08,0xE2,0x08,0x02,0x38,0x20,0x60,0x23,0x80,0x40,
0x80,0x97,0xF0,0xF1,0xC0,0x22,0xA0,0x44,0x98,0x80,0x00,0xF7,0xE0,0x01,0x20,0x01,0x70,0x32,0x10,0xC2,
0x10,0x04,0x60,0x20,0x70,0x27,0x80,0x41,0x10,0x94,0x90,0xF2,0x20,0x20,0x80,0x40,0x80,0x87,0xF8,0xF1,
0x20,0x02,0x20,0x03,0x40,0x30,0xC0,0xC1,0x20,0x06,0x10,0x21,0x00,0x21,0xF0,0x49,0x10,0x4A,0xA0,0xF4,
0x40,0x10,0xA0,0x23,0x58,0x40,0x40,0xFB,0xF8,0x00,0x40,0x02,0x50,0x1A,0x48,0xE4,0x48,0x01,0xC0,0x20,
0x20,0x22,0x20,0x4A,0xA8,0x4A,0x70,0xF2,0x20,0x12,0xF8,0x22,0x20,0x42,0x70,0xFA,0xA8,0x03,0x28,0x02,
0x20,0x1A,0x20,0xE2,0x00,0x03,0xF8,0x20,0x80,0x27,0xF0,0x40,0x80,0x97,0xF0,0xF0,0x80,0x2F,0xF8,0x40,
0x00,0x87,0xF0,0xF4,0x10,0x04,0x90,0x04,0x90,0x31,0x40,0xC2,0x20,0x04,0x10,0x20,0x80,0x20,0x90,0x4B,
0xF0,0x48,0xA0,0xF0,0xA0,0x13,0xF8,0x20,0x80,0x41,0x00,0xFB,0xF0,0x06,0x10,0x03,0xF0,0x1A,0x10,0xE3,
0xF0,0x02,0x10,0x20,0x80,0x20,0x80,0x43,0xF0,0x90,0x80,0xF7,0xF8,0x22,0x08,0x41,0x50,0x84,0x40,0xF2,
0x40,0x07,0xF8,0x00,0x80,0x31,0x20,0xC2,0x10,0x04,0x10,0x20,0x80,0x20,0x80,0x40,0xF8,0x90,0x80,0xF7,
0xF0,0x24,0x10,0x47,0xF0,0x84,0x10,0xF7,0xF0,0x00,0x80,0x0F,0xF8,0x30,0x80,0xC0,0x80,0x00,0x80,0x20,
0x00,0x23,0xE0,0x42,0x20,0x92,0x20,0xF3,0xE0,0x20,0x80,0x47,0xF0,0x84,0x90,0xF7,0xF0,0x04,0x90,0x07,
0xF0,0x34,0x88,0xC0,0x88,0x00,0x78,0x21,0x40,0x21,0x20,0x4A,0x00,0x4B,0xF8,0xF6,0x40,0x1A,0x40,0x23,
0xF0,0x42,0x40,0xFA,0x40,0x03,0xF0,0x02,0x40,0x1A,0x40,0xE3,0xF8,0x02,0x00,0x20,0x40,0x20,0x80,0x49,
0xF0,0x49,0x10,0xF1,0xF0,0x11,0x10,0x21,0xF0,0x40,0x40,0xFB,0xF8,0x02,0x48,0x02,0x48,0x1A,0x48,0xE2,
0x58,0x00,0x40,0x20,0x00,0x27,0x70,0x45,0x50,0x95,0x50,0xF5,0x50,0x27,0x70,0x45,0x50,0x85,0x50,0xF7,
0x70,0x05,0x50,0x05,0x50,0x35,0x50,0xC5,0x50,0x0B,0xB0,0x20,0x00,0x23,0xF8,0x4A,0x48,0x4A,0x48,0xF2,
0xE8,0x12,0x48,0x23,0xF8,0x42,0x08,0xFA,0xE8,0x02,0xA8,0x02,0xA8,0x1A,0xE8,0xE2,0x08,0x04,0x38,0x20,
0x80,0x20,0x40,0x47,0xF8,0x94,0x08,0xF0,0x00,0x23,0xF0,0x40,0x00,0x80,0x00,0xF7,0xF8,0x00,0x40,0x02,
0x50,0x34,0x48,0xC8,0x48,0x01,0xC0,0x20,0x80,0x20,0x40,0x47,0xF8,0x94,0x08,0xF0,0x00,0x20,0x00,0x47,
0xF8,0x80,0x80,0xF4,0x80,0x04,0xF0,0x04,0x80,0x34,0x80,0xCA,0x80,0x11,0xF8,0x20,0x00,0x27,0xE0,0x40,
0x20,0x53,0xE0,0xF0,0x20,0x27,0xF8,0x40,0x80,0xF4,0x90,0x02,0xA0,0x01,0xC0,0x32,0xA0,0xCC,0x98,0x00,
0x80,0x03,0x80,0x20,0x00,0x27,0x70,0x41,0x10,0x95,0x50,0xF2,0x20,0x25,0x50,0x48,0x90,0x80,0x00,0xF7,
0x70,0x01,0x50,0x05,0x50,0x32,0x20,0xC5,0x50,0x08,0x88,0x20,0x50,0x20,0x48,0x47,0xF8,0x94,0x40,0xF4,
0x40,0x27,0x40,0x44,0x40,0x87,0x50,0xF5,0x50,0x05,0x50,0x07,0x28,0x34,0x28,0xC4,0x58,0x08,0x88,0x20,
0x00,0x27,0xF8,0x40,0x80,0x91,0x00,0xF7,0xF8,0x25,0x28,0x45,0x28,0x85,0xE8,0xF5,0x28,0x05,0xE8,0x05,
0x28,0x35,0x28,0xC7,0xF8,0x04,0x08,0x21,0x40,0x25,0x40,0x45,0x78,0x95,0xA0,0xF5,0x10,0x20,0x00,0x47,
0xF0,0x84,0x10,0xF4,0x90,0x04,0x90,0x05,0x50,0x31,0x40,0xC2,0x48,0x04,0x38,0x20,0x00,0x23,0xF0,0x4A,
0x10,0x4B,0xF0,0xF0,0x00,0x17,0xF8,0x22,0x10,0x43,0xF0,0xFA,0x10,0x03,0xF0,0x02,0x10,0x1A,0x78,0xE7,
0x90,0x00,0x10,0x21,0x00,0x26,0x70,0x44,0x50,0x54,0x50,0xF7,0x50,0x24,0x88,0x44,0x00,0xF7,0x70,0x04,
0x50,0x04,0x50,0x37,0x20,0xCC,0x20,0x04,0x50,0x04,0x88,0x20,0x38,0x2F,0xC0,0x45,0x10,0x92,0xA0,0xF7,
0xF0,0x21,0x00,0x4F,0xF8,0x81,0x00,0xF3,0xF0,0x02,0x90,0x04,0xA0,0x34,0x40,0xC8,0xA0,0x03,0x18,0x21,
0x00,0x20,0x80,0x47,0xF0,0x92,0x20,0xF1,0x40,0x2F,0xF8,0x48,0x08,0x80,0x80,0xF7,0xF0,0x04,0x90,0x04,
0x90,0x34,0xB0,0xC0,0x80,0x00,0x80,0x20,0x80,0x24,0x90,0x42,0xA0,0x97,0xF8,0xF2,0xA0,0x24,0x90,0x40,
0x08,0x80,0x80,0xF7,0xF8,0x01,0x20,0x03,0x20,0x30,0xC0,0xC1,0x20,0x06,0x10,0x20,0x80,0x20,0x40,0x4B,
0xF8,0x4A,0x08,0xF2,0x08,0x13,0xF8,0x22,0x00,0x43,0xF8,0xFA,0xA8,0x06,0xA8,0x03,0xF8,0x1A,0xA8,0xE2,
0xA8,0x02,0x18,0x21,0x00,0x21,0xE0,0x42,0x20,0x93,0xC0,0xF0,0x40,0x2F,0xF8,0x41,0x00,0x82,0x88,0xF5,
0x50,0x02,0xE0,0x05,0x50,0x32,0x50,0xC4,0x48,0x01,0x80,0x20,0xA0,0x27,0xF8,0x40,0x80,0x97,0xF0,0xF4,
0x90,0x27,0xF0,0x44,0x90,0x87,0xF0,0xF4,0x90,0x00,0x20,0x07,0xF8,0x32,0x20,0xC1,0x20,0x00,0x60,0x28,
0x80,0x24,0xF0,0x45,0x90,0x90,0x60,0xF1,0x98,0x2C,0x40,0x45,0xF0,0x84,0x40,0xF5,0xF0,0x04,0x40,0x07,
0xF8,0x34,0x40,0xC6,0x40,0x09,0xF8,0x20,0x40,0x27,0xF8,0x44,0x00,0x95,0xF0,0xF5,0x50,0x25,0x50,0x45,
0xF0,0x85,0x50,0xF5,0x50,0x05,0xF0,0x04,0x40,0x39,0xF0,0xC8,0x40,0x13,0xF8,0x20,0x80,0x20,0x40,0x47,
0xF8,0x94,0x08,0xF0,0x70,0x23,0x80,0x42,0x00,0x83,0xF0,0xF2,0x20,0x02,0x20,0x07,0xF8,0x30,0x00,0xC2,
0x20,0x04,0x10,0x20,0x00,0x2F,0xF8,0x48,0x88,0x9A,0xA8,0xFA,0xA8,0x2A,0xA8,0x45,0x50,0x88,0x88,0xF1,
0x00,0x0F,0xF8,0x02,0x20,0x36,0x40,0xC1,0xC0,0x0E,0x38,0x20,0x80,0x20,0x40,0x47,0xF8,0x94,0x08,0xF1,
0x00,0x21,0xF8,0x42,0x20,0x82,0x40,0xF6,0xF8,0x0A,0x88,0x02,0xF8,0x32,0x88,0xC2,0xF8,0x02,0x88,0x20,
0x80,0x27,0xF0,0x40,0x80,0x95,0x50,0xF2,0x20,0x27,0xF0,0x4A,0x28,0x83,0xE0,0xF2,0x20,0x03,0xE0,0x00,
0x80,0x34,0x90,0xC8,0x88,0x01,0x80,0x22,0x20,0x21,0x40,0x4F,0xF8,0x90,0x80,0xF7,0xF0,0x20,0x80,0x4F,
0xF8,0x84,0x90,0xF2,0xA0,0x0F,0xF8,0x00,0x00,0x37,0xF0,0xC4,0x10,0x07,0xF0,0x20,0x00,0x2F,0xF8,0x40,
0x00,0x97,0xF0,0xF4,0x90,0x27,0xF0,0x44,0x90,0x8F,0xF8,0xF0,0x00,0x07,0xF0,0x04,0x90,0x37,0xF0,0xC4,
0x90,0x0F,0xF8,0x22,0x40,0x27,0x40,0x45,0x40,0x97,0x78,0xF5,0x90,0x27,0x50,0x42,0x50,0x8F,0x50,0xF4,
0x50,0x07,0x20,0x05,0x20,0x35,0x50,0xC5,0x50,0x0B,0x88,0x20,0x00,0x20,0x00,0x3D,0xF0,0x50,0x40,0x90,
0x40,0x10,0x40,0xFE,0x40,0x10,0x40,0x10,0x40,0x54,0x40,0x54,0x40,0x54,0x40,0x5C,0x40,0x65,0xF8,0x40,
0x80,0x40,0x80,0x78,0x80,0xA3,0xF0,0x20,0x90,0x20,0x90,0xF8,0x90,0x23,0xF8,0x20,0x80,0xA9,0x40,0xA9,
0x40,0xBA,0x20,0xCA,0x10,0x04,0x08,0x42,0x20,0x47,0xF8,0x7A,0x20,0xA7,0x70,0x25,0x50,0x27,0x70,0xF9,
0x40,0x23,0xF0,0x26,0x40,0xAB,0xF0,0xAA,0x40,0xAB,0xF0,0xBA,0x40,0xCB,0xF8,0xFF,0xF0,0x80,0x10,0x84,
0x50,0xA6,0x50,0x95,0x50,0x88,0x90,0x88,0x90,0x95,0x50,0x95,0x50,0xA2,0x10,0xC4,0x10,0x80,0x10,0x80,
0x70,0xFF,0xF8,0x88,0x88,0x90,0x48,0x20,0x20,0x00,0x00,0x3F,0xE0,0x02,0x00,0x02,0x00,0xFF,0xF8,0x02,
0x00,0x02,0x00,0x02,0x00,0x02,0x00,0x7F,0xF8,0x44,0x88,0x44,0x88,0x44,0x88,0x7F,0xF8,0x04,0x00,0x08,
0x00,0x1F,0xF0,0x68,0x10,0x04,0x20,0x02,0x40,0x01,0x80,0x0E,0x00,0xF0,0x00,0x7F,0xF0,0x48,0x90,0x48,
0x90,0x7F,0xF0,0x20,0x00,0x10,0x10,0x01,0x10,0xE1,0x10,0x21,0x10,0x21,0x10,0x21,0x10,0x28,0x10,0x30,
0x10,0x20,0x70,0x7F,0xF0,0x48,0x90,0x48,0x90,0x7F,0xF0,0x02,0x00,0x02,0x00,0x3F,0xE0,0x02,0x00,0x02,
0x00,0xFF,0xF8,0x08,0x00,0x10,0x40,0x3F,0xE0,0x00,0x20,0x7F,0xF0,0x48,0x90,0x7F,0xF0,0x02,0x00,0x03,
0xF0,0x02,0x00,0x3F,0xE0,0x20,0x20,0x3F,0xE0,0x20,0x20,0x3F,0xE0,0x02,0x00,0xFF,0xF8,0x02,0x00,0x7F,
0xF0,0x48,0x90,0x48,0x90,0x7F,0xF0,0x00,0x00,0x08,0x80,0xF8,0xF8,0x08,0x80,0x08,0x80,0x78,0xF0,0x08,
0x80,0x08,0x80,0xF8,0xF8,0x08,0x80,0x7F,0xF0,0x48,0x90,0x48,0x90,0x7F,0xF0,0x02,0x00,0x7F,0xF0,0x02,
0x00,0x3F,0xE0,0x20,0x20,0x20,0x20,0x22,0x20,0x22,0x20,0x22,0x20,0xFF,0xF8,0x7F,0xF0,0x48,0x90,0x48,
0x90,0x7F,0xF0,0x04,0x00,0x1F,0xA0,0x04,0x40,0xFF,0xF8,0x03,0x00,0x1F,0xE0,0xF0,0x20,0x1F,0xE0,0x10,
0x20,0x1F,0xE0,0x10,0x40,0x08,0x40,0x08,0x80,0x7F,0xF0,0x02,0x00,0x02,0x00,0x3F,0xE0,0x02,0x00,0x02,
0x00,0xFF,0xF8,0x02,0x00,0x02,0x00,0x02,0x00,0x02,0x00,0x10,0x40,0x08,0x40,0x08,0x80,0x7F,0xF0,0x02,
0x00,0x3F,0xE0,0x02,0x00,0xFF,0xF8,0x05,0x00,0x05,0x00,0x09,0x00,0x11,0x08,0x21,0x08,0xC0,0xF8,0x10,
0x40,0x08,0x80,0x7F,0xF0,0x02,0x00,0x3F,0xE0,0x02,0x00,0xFF,0xF8,0x00,0x00,0x02,0x00,0x7F,0xF0,0x05,
0x00,0x08,0x80,0x30,0x60,0xC0,0x18,0x10,0x40,0x08,0x40,0x08,0x80,0x7F,0xF0,0x02,0x00,0x02,0x00,0x3F,
0xE0,0x02,0x00,0x02,0x00,0xFF,0xF8,0x00,0x00,0x49,0x10,0x44,0x88,0x84,0x88,0x88,0x80,0x50,0x80,0x01,
0x40,0xFA,0x20,0x25,0x10,0x28,0x88,0xF8,0x00,0x27,0xF0,0x20,0x10,0xF8,0x20,0x22,0x40,0x21,0x80,0x40,
0x80,0x80,0x40,0x10,0x40,0x08,0x80,0x7F,0xF0,0x02,0x00,0x3F,0xE0,0x04,0x00,0xFF,0xF8,0x08,0x00,0x1F,
0xE0,0x22,0x20,0xCF,0xE0,0x04,0x20,0x04,0x20,0x7F,0xF8,0x10,0x40,0x08,0x80,0x7F,0xF0,0x02,0x00,0x3F,
0xF0,0x02,0x00,0xFF,0xF8,0x00,0x00,0x42,0x00,0x27,0xF0,0x08,0x90,0x21,0x40,0x42,0x20,0x8C,0x18,0x01,
0x10,0xFC,0x90,0x24,0xA0,0x25,0xF0,0xFE,0x40,0x24,0x40,0x25,0xF0,0xFC,0x40,0x40,0x40,0x7D,0xF8,0xC4,
0x40,0x44,0x40,0x7C,0x40,0x44,0x40,0x08,0x80,0x3F,0xE0,0x02,0x00,0xFF,0xF8,0x50,0x50,0x85,0x08,0x7F,
0xF0,0x02,0x00,0x3F,0xE0,0x02,0x00,0xFF,0xF8,0x08,0x80,0x30,0x60,0xC0,0x18,0xFD,0xF8,0x04,0x08,0x44,
0x88,0x24,0x48,0x24,0x48,0x0C,0x18,0x14,0x28,0x24,0x48,0xC5,0x88,0x04,0x08,0x04,0x08,0x04,0x08,0x18,
0x30,0x08,0x80,0x10,0x40,0x24,0x20,0xC4,0x18,0x08,0x80,0x1F,0xC0,0x00,0x00,0x7D,0xF0,0x04,0x10,0x45,
0x10,0x2C,0xB0,0x14,0x50,0x65,0x90,0x0C,0x30,0x20,0x00,0x23,0xB8,0xF8,0x88,0x20,0x88,0x22,0xA8,0xF9,
0x98,0x48,0x88,0x49,0x98,0x52,0xA8,0x50,0x88,0x20,0x88,0x21,0x98,0x50,0x00,0x8F,0xF8,0xFD,0xF8,0x44,
0x88,0x24,0x48,0x1C,0x38,0xE5,0xC8,0x00,0x00,0x04,0x00,0x02,0x00,0x7F,0xF0,0x00,0x00,0x10,0x40,0x08,
0x40,0x08,0x80,0xFF,0xF8,0x88,0x00,0x53,0xB8,0x00,0x88,0xF8,0x88,0x22,0xA8,0x21,0x98,0xF8,0x88,0x20,
0x88,0x21,0x98,0xFA,0xA8,0x24,0x88,0x20,0x88,0x40,0x88,0x81,0x98,0x40,0x00,0x47,0x70,0xF1,0x10,0x41,
0x10,0x55,0x50,0x2B,0x30,0xD9,0x10,0x03,0x30,0xFD,0x50,0x51,0x10,0x51,0x10,0x53,0x30,0x50,0x08,0x8F,
0xF8,0xFD,0xF8,0x44,0x88,0x34,0x68,0xC5,0x88,0x12,0x00,0x11,0x00,0x3F,0xF8,0x61,0x00,0xBF,0xF0,0x21,
0x00,0x3F,0xF0,0x21,0x00,0x3F,0xF8,0x20,0x00,0xFD,0xF8,0x44,0x88,0x34,0x68,0xC5,0x88,0x04,0x00,0x02,
0x00,0x7F,0xF0,0x10,0x40,0x28,0xA0,0x45,0x10,0x02,0x00,0xFF,0xF8,0x02,0x00,0x02,0x00,0x10,0x00,0x09,
0xD8,0x7E,0x48,0x42,0x48,0x43,0x68,0x7E,0xD8,0x40,0x48,0x7F,0x48,0x55,0xD8,0x55,0x68,0x7F,0x48,0xD5,
0x48,0x55,0x48,0x43,0xD8,0x20,0x40,0x20,0xA0,0xF9,0x10,0x22,0x08,0xF8,0x00,0x8B,0xB8,0xF8,0x88,0x8A,
0xA8,0xF9,0x98,0x20,0x88,0xF9,0x98,0x22,0xA8,0x20,0x88,0x21,0x98,0x10,0x00,0x21,0xD8,0x7C,0x48,0x44,
0x48,0x7D,0x68,0x44,0xD8,0x7C,0x48,0x10,0x48,0xFE,0xD8,0x29,0x68,0x54,0x48,0xBA,0x48,0x10,0x48,0x10,
0xD8,0x0C,0x00,0x70,0xD8,0x92,0x48,0x54,0x48,0xFF,0x68,0x54,0xD8,0x92,0x48,0x00,0x48,0x7C,0xD8,0x55,
0x68,0x7C,0x48,0x54,0x48,0x7C,0x48,0x44,0xD8,0xFD,0xF8,0x44,0x88,0x34,0x68,0xC5,0x88,0x3F,0xE0,0x22,
0x20,0x3F,0xE0,0x22,0x20,0x3F,0xE0,0x10,0x40,0x7F,0xF0,0x10,0x40,0xFF,0xF8,0x20,0x20,0x23,0xB8,0x28,
0x88,0xAA,0xA8,0x71,0x98,0x22,0xA8,0xF9,0x40,0x53,0xF8,0x56,0x20,0x53,0xF8,0x52,0x20,0x53,0xF8,0x5A,
0x20,0x53,0xF8,0x82,0x00,0x04,0x00,0x04,0x10,0x3F,0xA0,0x04,0x40,0x04,0x80,0xFF,0xF8,0x02,0x00,0x04,
0x20,0x08,0xC0,0x3B,0x00,0xCC,0x00,0x08,0x10,0x08,0x10,0x07,0xF0,0x04,0x00,0x04,0x10,0x3F,0xA0,0x04,
0x40,0xFF,0xF8,0x03,0x00,0x0C,0x00,0x3F,0xF0,0xD0,0x00,0x1F,0xE0,0x00,0x20,0x00,0x20,0x00,0x20,0x00,
0xC0,0x04,0x00,0x04,0x10,0x3F,0xA0,0x04,0x40,0x04,0x80,0xFF,0xF8,0x04,0x00,0x1F,0xE0,0x30,0x20,0xD0,
0x20,0x1F,0xE0,0x10,0x20,0x10,0x20,0x1F,0xE0,0xFF,0xF8,0x02,0x00,0x04,0x00,0x7F,0xF0,0x48,0x90,0x48,
0x90,0x48,0x90,0x48,0x90,0x48,0x90,0x48,0x90,0x48,0x90,0x48,0x90,0x40,0x30,0xFF,0xF8,0x04,0x00,0x7F,
0xF0,0x49,0x10,0x49,0x10,0x40,0x70,0x04,0x00,0xFF,0xF8,0x08,0x40,0x18,0x80,0x07,0x00,0x18,0xE0,0xE0,
0x10,0x00,0x10,0xFE,0x10,0x10,0x10,0x20,0xF8,0xFE,0x10,0xAA,0x10,0xAA,0x90,0xAA,0x50,0xAA,0x50,0xAA,
0x10,0xAA,0x10,0xAA,0x10,0x82,0x10,0x8E,0x70,0x21,0x20,0x21,0x20,0x21,0x20,0xFB,0xF0,0x21,0x20,0x71,
0x20,0x21,0x20,0xFB,0xF8,0x21,0x20,0x71,0x20,0x69,0x20,0xA2,0x20,0x22,0x20,0x24,0x20,0x10,0x30,0x11,
0xC0,0x10,0x80,0xFC,0x80,0x10,0xB0,0x7D,0xC0,0x10,0x80,0xFC,0x80,0x30,0xB8,0x3B,0xC0,0x54,0x80,0x50,
0x88,0x90,0x88,0x10,0x78,0x20,0x00,0x23,0xF0,0xF8,0x00,0x20,0x00,0x70,0x00,0x27,0xF8,0x20,0x80,0xF8,
0x80,0x20,0x80,0x71,0x00,0x69,0x10,0xA2,0x08,0x27,0xF8,0x20,0x08,0x20,0x00,0x23,0xF0,0xFA,0x90,0x22,
0x90,0x72,0x90,0x22,0x90,0x22,0x90,0xFB,0xF0,0x22,0x00,0x72,0x00,0x6A,0x00,0xA2,0x08,0x22,0x08,0x21,
0xF8,0x20,0x80,0x20,0x40,0xFB,0xF8,0x21,0x10,0x70,0xA0,0x23,0xF8,0x22,0x08,0xF8,0x40,0x23,0xF8,0x70,
0x80,0x68,0xF0,0xA1,0x10,0x21,0x10,0x22,0x60,0xFF,0xF8,0x20,0x20,0x20,0x20,0x3F,0xE0,0x20,0x20,0x20,
0x20,0x3F,0xE0,0x20,0x20,0x20,0x20,0x21,0xF8,0xFE,0x20,0x00,0x20,0x00,0x20,0xFE,0xF8,0x44,0x88,0x44,
0x90,0x7C,0x90,0x44,0xA0,0x44,0x90,0x7C,0x88,0x44,0x88,0x44,0x88,0x47,0x88,0xFC,0xB0,0x04,0x80,0x04,
0x80,0x10,0x40,0x10,0x40,0x28,0xA0,0x45,0x10,0x00,0x00,0xFF,0xF8,0x20,0x20,0x3F,0xE0,0x20,0x20,0x3F,
0xE0,0x20,0x20,0x21,0xF8,0xFE,0x20,0x00,0x20,0x00,0x20,0xFC,0x20,0x48,0x20,0x48,0x20,0x79,0x20,0x49,
0x38,0x49,0x20,0x79,0x20,0x49,0x20,0x49,0x20,0x5D,0x20,0xE9,0x20,0x09,0x20,0x0B,0xF8,0x00,0x80,0xFC,
0x80,0x48,0x80,0x4B,0xF0,0x7A,0x90,0x4A,0x90,0x48,0x80,0x79,0x40,0x49,0x40,0x49,0x40,0x5E,0x40,0xEA,
0x48,0x0C,0x48,0x08,0x38,0x00,0x40,0xFC,0x40,0x48,0x40,0x49,0x48,0x79,0x48,0x49,0x48,0x4A,0x50,0x78,
0x40,0x48,0xA0,0x48,0xA0,0x5C,0xA0,0xE9,0x10,0x09,0x10,0x0A,0x08,0xFF,0xF8,0x10,0x40,0x1F,0xC0,0x10,
0x40,0x1F,0xC0,0x10,0x40,0xFF,0xF8,0x00,0x40,0x7D,0xF0,0x05,0x10,0x28,0xA0,0x10,0x40,0x28,0xA0,0xC5,
0x18,0x00,0x40,0xFC,0x40,0x48,0xA0,0x48,0xA0,0x79,0x50,0x4A,0x48,0x48,0x00,0x79,0xF0,0x48,0x10,0x48,
0x20,0x5C,0xA0,0xE8,0x40,0x08,0x20,0x08,0x20,0x00,0x80,0xFB,0x38,0x52,0xA8,0x52,0xA8,0x72,0xA8,0x52,
0xA8,0x52,0xA8,0x72,0xA8,0x52,0xA8,0x53,0xA8,0x5A,0xB8,0xF0,0xA0,0x11,0x20,0x12,0x20,0x04,0x40,0x7F,
0xF0,0x0A,0x80,0x13,0x10,0x6D,0xF0,0x00,0x00,0xFF,0xF8,0x10,0x40,0x1F,0xC0,0x10,0x40,0x1F,0xC0,0x10,
0x40,0xFF,0xF8,0x00,0x40,0xFD,0xF0,0x49,0x10,0x49,0x10,0x79,0x10,0x49,0x10,0x49,0x10,0x79,0x10,0x49,
0xF0,0x48,0x00,0x5C,0x00,0xE9,0x10,0x09,0x08,0x0A,0x08,0x01,0x10,0xFC,0xA0,0x48,0x00,0x49,0xF0,0x78,
0x40,0x48,0x40,0x48,0x40,0x7B,0xF8,0x48,0x40,0x48,0x40,0x5C,0xA0,0xE8,0xA0,0x09,0x10,0x0A,0x08,0x00,
0x40,0xFB,0xF8,0x52,0x48,0x53,0xF8,0x72,0x48,0x53,0xF8,0x50,0x00,0x77,0xF8,0x51,0x00,0x51,0xF8,0x58,
0x08,0xF0,0x08,0x10,0x08,0x10,0x30,0xFC,0x00,0x49,0xF0,0x79,0x10,0x48,0xA0,0x78,0x40,0x4E,0xA0,0xF9,
0x10,0x09,0xE0,0x7E,0x00,0x13,0x10,0x62,0xA0,0x0A,0x40,0x32,0x20,0xC2,0x18,0x02,0x10,0xFD,0x10,0x49,
0x20,0x4B,0xF0,0x7A,0x10,0x4A,0x10,0x4A,0x10,0x7B,0xF0,0x48,0x80,0x48,0x50,0x5D,0x48,0xEB,0x08,0x0D,
0x20,0x08,0xE0,0x02,0x00,0x02,0x00,0x3F,0xE0,0x02,0x20,0xFF,0xF8,0x02,0x20,0x3F,0xE0,0x02,0x00,0x22,
0x10,0x2A,0x90,0x2A,0x50,0x52,0x50,0x42,0x10,0x82,0x10,0x40,0x40,0x58,0x40,0x61,0xF0,0x44,0x50,0x3F,
0xF8,0x40,0x50,0x7D,0xF0,0x90,0x40,0x11,0xF0,0xFC,0x40,0x13,0xF8,0x28,0x40,0x44,0x40,0x80,0x40,0x00,
0x40,0x7C,0x40,0x41,0xF0,0x40,0x50,0x7B,0xF8,0x40,0x50,0x79,0xF0,0x40,0x40,0x41,0xF0,0xFC,0x40,0x23,
0xF8,0x48,0x40,0xFC,0x40,0x04,0x40,0x10,0x80,0x7C,0xF8,0x45,0x50,0x7C,0x20,0x40,0xD8,0x82,0x00,0x3F,
0xE0,0x02,0x20,0xFF,0xF8,0x02,0x20,0x3F,0xE0,0x02,0x00,0xFF,0xF8,0x02,0x00,0x04,0x00,0x04,0x00,0xFF,
0xF0,0x84,0x10,0x8A,0x10,0x91,0x10,0xA4,0x90,0x84,0x10,0x8A,0x10,0x91,0x10,0xA0,0x90,0x80,0x10,0x80,
0x10,0x80,0x70,0x00,0x80,0x78,0x80,0x48,0x80,0x4B,0xF8,0x48,0x88,0x78,0x88,0x48,0x88,0x48,0x88,0x78,
0x88,0x48,0x88,0x49,0x08,0x49,0x08,0x4A,0x08,0x9C,0x30,0x79,0xE0,0x49,0x20,0x49,0x20,0x49,0x20,0x79,
0x20,0x49,0x20,0x49,0x20,0x79,0x20,0x49,0x20,0x49,0x20,0x49,0x28,0x4A,0x28,0x9C,0x18,0x04,0x00,0x84,
0x20,0x44,0x40,0x24,0x80,0xFF,0xE0,0x80,0x20,0x80,0x20,0xFF,0xE0,0x80,0x20,0x80,0x20,0xFF,0xE0,0x80,
0x20,0x80,0x20,0x80,0xE0,0x00,0x20,0x78,0x20,0x48,0x20,0x4B,0xF8,0x48,0x20,0x78,0x20,0x4A,0x20,0x49,
0x20,0x79,0x20,0x48,0x20,0x48,0x20,0x48,0x20,0x48,0x20,0x98,0xE0,0x00,0x40,0x78,0x40,0x48,0x40,0x48,
0x40,0x48,0x40,0x79,0xF0,0x48,0x40,0x48,0x40,0x78,0x40,0x48,0x40,0x48,0x40,0x48,0x40,0x48,0x40,0x9B,
0xF8,0x79,0xF0,0x48,0x40,0x48,0x40,0x48,0x40,0x78,0x40,0x48,0x40,0x48,0x40,0x78,0x40,0x48,0x40,0x48,
0x40,0x48,0x40,0x48,0x40,0x9B,0xF8,0x79,0xF0,0x48,0x40,0x48,0x40,0x48,0x40,0x78,0x40,0x4B,0xF8,0x48,
0x40,0x78,0x40,0x48,0x40,0x48,0x40,0x48,0x40,0x48,0x40,0x98,0x40,0x7B,0xF0,0x48,0x20,0x48,0xC0,0x49,
0x00,0x7B,0xF8,0x48,0xA8,0x48,0xA8,0x79,0x28,0x4A,0x48,0x48,0x88,0x49,0x08,0x4A,0x08,0x98,0x30,0x79,
0xE0,0x49,0x20,0x49,0x20,0x49,0x20,0x7A,0x18,0x4C,0x00,0x4B,0xF0,0x79,0x10,0x49,0x20,0x48,0xA0,0x48,
0x40,0x48,0xA0,0x9B,0x18,0x00,0x40,0x78,0x40,0x48,0x40,0x4B,0xF8,0x48,0x40,0x78,0x40,0x4B,0xF0,0x49,
0x10,0x79,0x10,0x48,0xA0,0x48,0x40,0x48,0xA0,0x49,0x10,0x9E,0x08,0x00,0x40,0x78,0x40,0x48,0x40,0x49,
0xF0,0x48,0x40,0x78,0x40,0x48,0x40,0x4B,0xF8,0x78,0x40,0x48,0x40,0x48,0xA0,0x48,0xA0,0x49,0x10,0x9A,
0x08,0x7B,0xF0,0x4A,0x90,0x4A,0x90,0x4A,0x90,0x7A,0x90,0x4A,0x90,0x4B,0xF0,0x7A,0x00,0x4A,0x00,0x4A,
0x00,0x4A,0x08,0x4A,0x08,0x99,0xF8,0x02,0x00,0x01,0x00,0x3F,0xF8,0x20,0x08,0x3F,0xF8,0x20,0x00,0x2F,
0xF8,0x28,0x08,0x2F,0xF8,0x28,0x08,0x2F,0xF8,0x48,0x08,0x48,0x08,0x88,0x38,0x00,0x80,0x78,0x40,0x48,
0x00,0x4B,0xF8,0x49,0x00,0x79,0x00,0x49,0xF0,0x49,0x10,0x79,0x10,0x49,0x10,0x49,0x10,0x4A,0x10,0x4A,
0x10,0x9C,0x60,0x00,0x80,0x78,0x40,0x48,0x00,0x4B,0xF8,0x48,0x00,0x78,0x00,0x49,0xE0,0x49,0x20,0x79,
0x20,0x49,0x20,0x49,0x20,0x4A,0x28,0x4A,0x28,0x9C,0x18,0x02,0x00,0x12,0x00,0x13,0xE0,0x12,0x00,0xFF,
0xF8,0x00,0x00,0x3F,0xE0,0x20,0x20,0x3F,0xE0,0x20,0x20,0x3F,0xE0,0x20,0x20,0x20,0x20,0x20,0xE0,0x04,
0x00,0x02,0x00,0xFF,0xF8,0x10,0x00,0x20,0x20,0x7F,0xF0,0x00,0x10,0x3F,0xE0,0x20,0x20,0x3F,0xE0,0x20,
0x20,0x3F,0xE0,0x20,0x20,0x20,0xE0,0x30,0x20,0x08,0xC0,0x07,0x00,0x38,0xE0,0x48,0x10,0xFF,0xF8,0x10,
0x00,0x3F,0xE0,0x50,0x20,0x9F,0xE0,0x10,0x20,0x1F,0xE0,0x10,0x20,0x10,0xE0,0x00,0x40,0x78,0x40,0x4B,
0xF8,0x48,0x40,0x48,0x40,0x7B,0xF8,0x4A,0x48,0x4A,0x48,0x7A,0x48,0x4A,0x48,0x4A,0x48,0x4A,0x58,0x48,
0x40,0x98,0x40,0x17,0xE0,0x92,0x20,0x91,0x40,0x90,0x80,0x91,0x40,0x12,0x30,0x7F,0xC0,0x40,0x40,0x7F,
0xC0,0x40,0x40,0x7F,0xC0,0x40,0x40,0x40,0x40,0x41,0xC0,0x00,0x40,0x78,0x40,0x48,0x40,0x4B,0xF8,0x4A,
0x48,0x7A,0x48,0x4A,0x48,0x4A,0x48,0x7B,0xF8,0x4A,0x48,0x48,0x40,0x48,0x40,0x48,0x40,0x98,0x40,0x01,
0x00,0x79,0x10,0x49,0x10,0x49,0x20,0x49,0x40,0x79,0x00,0x4B,0xF8,0x49,0x40,0x79,0x40,0x49,0x20,0x49,
0x20,0x49,0x50,0x49,0x88,0x99,0x00,0x01,0x00,0x79,0x00,0x49,0x00,0x4B,0xE0,0x49,0x20,0x79,0x20,0x49,
0x20,0x4B,0x30,0x7D,0x28,0x49,0x28,0x49,0x20,0x4A,0x20,0x4A,0x20,0x9C,0xC0,0xFF,0xE0,0x84,0x20,0xFF,
0xE0,0x84,0x20,0xFF,0xE0,0x00,0x00,0x7F,0xC0,0x40,0x40,0x7F,0xC0,0x40,0x40,0x7F,0xC0,0x40,0x40,0x41,
0xC0,0x79,0xF0,0x49,0x10,0x49,0x10,0x49,0x10,0x79,0xF0,0x49,0x10,0x49,0x10,0x79,0x10,0x49,0x10,0x49,
0xF0,0x48,0x00,0x48,0x00,0x9B,0xF8,0x08,0x80,0x78,0xB0,0x08,0xC0,0x18,0x88,0xE8,0x78,0x00,0x00,0x3F,
0xE0,0x20,0x20,0x3F,0xE0,0x20,0x20,0x3F,0xE0,0x20,0x20,0x20,0x20,0x20,0xE0,0x00,0x80,0x78,0x80,0x49,
0x00,0x49,0x20,0x4A,0x10,0x7F,0xF8,0x48,0x08,0x48,0x00,0x7B,0xF0,0x4A,0x10,0x4A,0x10,0x4A,0x10,0x4B,
0xF0,0x9A,0x10,0x00,0x40,0x7A,0x48,0x49,0x48,0x49,0x50,0x48,0x40,0x79,0xF0,0x48,0x40,0x48,0x40,0x78,
0x40,0x4B,0xF8,0x48,0x40,0x48,0x40,0x48,0x40,0x98,0x40,0x7B,0xF8,0x48,0x20,0x48,0x20,0x48,0x40,0x78,
0x40,0x48,0xD0,0x49,0x48,0x7A,0x48,0x48,0x40,0x48,0x40,0x48,0x40,0x48,0x00,0x9B,0xF8,0x00,0x40,0x78,
0x40,0x4A,0x40,0x4A,0x40,0x4B,0xF8,0x7A,0x40,0x4C,0x40,0x48,0x40,0x7B,0xF0,0x48,0x40,0x48,0x40,0x48,
0x40,0x48,0x40,0x9B,0xF8,0x01,0x00,0x79,0x00,0x4B,0xF0,0x4A,0x10,0x4C,0x10,0x7B,0xD0,0x4A,0x50,0x4A,
0x50,0x7B,0xD0,0x4A,0x10,0x4A,0x60,0x4A,0x08,0x4A,0x08,0x99,0xF8,0x10,0x00,0x10,0xF8,0x10,0x88,0xFE,
0x88,0x10,0x88,0x10,0xF8,0x10,0x88,0x7C,0x88,0x44,0xF8,0x44,0x88,0x44,0x88,0x7D,0x08,0x41,0x08,0x02,
0x38,0x01,0x00,0x79,0x20,0x49,0x10,0x49,0x00,0x4F,0xF8,0x79,0x40,0x49,0x40,0x49,0x50,0x79,0x50,0x49,
0x60,0x4A,0x40,0x4A,0xC8,0x4D,0x48,0x98,0x38,0x00,0x80,0x78,0x80,0x4F,0xF8,0x49,0x20,0x4A,0x10,0x7D,
0xE8,0x48,0x00,0x4F,0xF8,0x7A,0x00,0x4B,0xF0,0x48,0x10,0x48,0x10,0x48,0x10,0x98,0x60,0x00,0x80,0x70,
0x80,0x57,0xF8,0x50,0x80,0x57,0xF0,0x70,0x90,0x57,0xF0,0x54,0x80,0x77,0xF8,0x50,0x88,0x50,0xB0,0x51,
0x40,0x52,0x20,0xB4,0x18,0x00,0x80,0x78,0x80,0x48,0xF0,0x49,0x10,0x4A,0xA0,0x78,0x40,0x48,0xA0,0x4B,
0x18,0x78,0x00,0x49,0xF0,0x49,0x10,0x49,0x10,0x49,0xF0,0x99,0x10,0x00,0x80,0x78,0x40,0x4B,0xF8,0x48,
0x00,0x48,0xA0,0x79,0x10,0x4A,0x08,0x49,0x10,0x79,0x10,0x48,0xA0,0x48,0x40,0x48,0xA0,0x49,0x10,0x9A,
0x08,0x01,0x00,0x79,0x00,0x49,0xF8,0x4A,0x08,0x4C,0x08,0x79,0x48,0x4A,0xA8,0x4A,0xA8,0x7B,0x68,0x4A,
0x28,0x4B,0xE8,0x48,0x08,0x48,0x08,0x98,0x30,0x00,0x80,0x78,0x40,0x4B,0xF8,0x4A,0x08,0x48,0x80,0x78,
0x80,0x4B,0xF8,0x48,0x90,0x78,0x90,0x49,0x20,0x48,0xA0,0x48,0x40,0x48,0xA0,0x9B,0x10,0x10,0x80,0x20,
0x98,0x44,0xE0,0xFE,0x88,0x02,0x88,0x00,0x78,0x7C,0x00,0x44,0x88,0x7C,0x90,0x44,0xE0,0x7C,0x80,0x44,
0x88,0x44,0x88,0x4C,0x78,0x02,0x00,0x7A,0x30,0x4B,0xC0,0x4A,0x08,0x4A,0x08,0x79,0xF8,0x48,0x00,0x4B,
0xF0,0x7A,0x10,0x4A,0x10,0x4B,0xF0,0x4A,0x10,0x4A,0x10,0x9B,0xF0,0x01,0x00,0x79,0xF0,0x4A,0x10,0x4C,
0x20,0x4B,0xF8,0x7A,0x00,0x4A,0xF0,0x4A,0x90,0x7A,0x90,0x4A,0x90,0x4A,0xB0,0x4A,0x88,0x4C,0x88,0x98,
0x78,0x00,0x40,0x78,0x20,0x48,0x00,0x4B,0xC0,0x48,0x48,0x78,0x50,0x4B,0x60,0x49,0x60,0x79,0x50,0x4A,
0x50,0x4A,0x50,0x4C,0x48,0x48,0x40,0x99,0xC0,0x42,0x10,0x22,0x20,0x12,0x40,0x25,0x20,0x48,0x90,0x30,
0x60,0xDF,0xD8,0x10,0x40,0x1F,0xC0,0x10,0x40,0x1F,0xC0,0x10,0x40,0x10,0x40,0x11,0xC0,0x00,0x80,0x78,
0x40,0x4B,0xF8,0x4A,0x00,0x4A,0x40,0x7A,0x40,0x4A,0x40,0x4B,0xF0,0x7A,0x40,0x4A,0x40,0x4A,0x40,0x4A,
0x40,0x4C,0x40,0x9B,0xF8,0x00,0x80,0x78,0x40,0x4B,0xF8,0x49,0x20,0x49,0x40,0x78,0x80,0x49,0x60,0x4E,
0x18,0x79,0x20,0x49,0x20,0x49,0x20,0x49,0x20,0x4A,0x20,0x9C,0x20,0x01,0x00,0x70,0x80,0x50,0x80,0x57,
0xF8,0x50,0x20,0x72,0x20,0x55,0x48,0x54,0x88,0x75,0x48,0x56,0x28,0x54,0x28,0x54,0x08,0x57,0xF8,0xB0,
0x08,0x00,0x40,0x78,0x40,0x4B,0xF8,0x4A,0x48,0x4A,0x88,0x78,0x80,0x49,0x48,0x49,0x48,0x7B,0x50,0x4D,
0x20,0x49,0x20,0x49,0x10,0x49,0x88,0x99,0x00,0x00,0x40,0x78,0x40,0x4B,0xF8,0x48,0x40,0x4B,0xF8,0x7A,
0x08,0x49,0xF0,0x48,0x20,0x78,0x40,0x4B,0xF8,0x48,0x40,0x48,0x40,0x48,0x40,0x99,0xC0,0x02,0x00,0x72,
0x78,0x52,0x48,0x57,0x48,0x52,0x48,0x72,0x48,0x5F,0xC8,0x52,0x48,0x72,0x48,0x54,0x48,0x55,0x58,0x57,
0x40,0x50,0x40,0xB0,0x40,0x00,0x50,0x78,0x48,0x4B,0xF8,0x48,0x40,0x4B,0xF8,0x7A,0x48,0x4A,0x48,0x4B,
0xF8,0x7A,0x48,0x4A,0x48,0x4B,0xF8,0x4A,0x48,0x4A,0x48,0x9A,0x18,0x02,0x10,0x79,0x10,0x49,0x20,0x4B,
0xF0,0x4A,0x10,0x7A,0x10,0x4A,0x10,0x4B,0xF0,0x79,0x20,0x49,0x20,0x49,0x20,0x49,0x28,0x4A,0x28,0x9C,
0x18,0x00,0x80,0x70,0x80,0x51,0x40,0x52,0x20,0x54,0x10,0x7B,0xE8,0x50,0x00,0x51,0x10,0x70,0x90,0x54,
0x90,0x52,0x20,0x52,0x20,0x50,0x40,0xB7,0xF8,0x00,0x40,0x78,0x80,0x4B,0xF8,0x4A,0x48,0x4A,0x48,0x7B,
0xF8,0x4A,0x48,0x4A,0x48,0x7B,0xF8,0x48,0xA0,0x49,0x20,0x4B,0xF8,0x48,0x20,0x98,0x20,0x01,0x40,0x71,
0x40,0x57,0xF0,0x55,0x50,0x55,0x50,0x75,0x50,0x57,0xF0,0x55,0x50,0x75,0x50,0x55,0x50,0x5F,0xF8,0x51,
0x40,0x52,0x20,0xB4,0x10,0x01,0x20,0x79,0x20,0x4B,0xF0,0x49,0x20,0x49,0x20,0x7B,0xF8,0x48,0x00,0x4B,
0xF0,0x7A,0x10,0x4A,0x10,0x4B,0xF0,0x4A,0x10,0x4A,0x10,0x9B,0xF0,0x00,0x80,0x70,0x40,0x57,0xF8,0x51,
0x40,0x51,0x40,0x72,0x78,0x52,0x48,0x56,0xA8,0x7A,0xD0,0x53,0x50,0x52,0x20,0x52,0x20,0x52,0x50,0xB2,
0x88,0x01,0x00,0x7F,0xF8,0x44,0x10,0x4B,0xF8,0x59,0x10,0x68,0x90,0x48,0x30,0x40,0x80,0x4F,0xF8,0x49,
0x48,0x4A,0x28,0x48,0x88,0x49,0x48,0x88,0x18,0x01,0x00,0x70,0x80,0x57,0xF8,0x54,0x90,0x54,0x90,0x75,
0x10,0x57,0x78,0x55,0x10,0x75,0x90,0x55,0x50,0x55,0x10,0x55,0x10,0x55,0x10,0xB9,0x70,0x00,0x80,0x78,
0x40,0x4B,0xF8,0x4A,0x08,0x48,0xA0,0x79,0x10,0x4A,0x08,0x48,0x00,0x79,0xF0,0x48,0x40,0x48,0x40,0x48,
0x40,0x48,0x40,0x9B,0xF8,0x00,0x80,0x70,0x40,0x57,0xF8,0x54,0x08,0x52,0x00,0x72,0x38,0x53,0xA8,0x54,
0xA8,0x7A,0xA8,0x52,0xB8,0x51,0x20,0x51,0x28,0x52,0x28,0xB4,0x18,0x79,0xF0,0x49,0x10,0x49,0xF0,0x49,
0x10,0x79,0xF0,0x48,0x40,0x49,0x40,0x79,0xF8,0x4A,0x40,0x49,0xF0,0x48,0x40,0x48,0x40,0x9B,0xF8,0x7B,
0xF0,0x4A,0x90,0x4A,0x90,0x4B,0xF0,0x7A,0x90,0x4A,0x90,0x4B,0xF0,0x78,0x80,0x48,0x40,0x4A,0x50,0x4D,
0x08,0x49,0x28,0x98,0xE0,0x7B,0xF8,0x48,0xA0,0x4B,0xF8,0x4A,0xA8,0x7A,0xA8,0x4B,0xF8,0x48,0x40,0x7B,
0xF8,0x48,0x90,0x49,0xA0,0x48,0x60,0x48,0x90,0x9B,0x08,0x01,0x00,0x79,0xF8,0x4A,0x00,0x4D,0xF0,0x49,
0x10,0x79,0xF0,0x49,0x10,0x49,0xF0,0x78,0x80,0x49,0xF0,0x4A,0xA0,0x48,0x40,0x48,0xA0,0x9B,0x18,0x00,
0x80,0x71,0x00,0x57,0xF0,0x54,0x10,0x57,0xF0,0x74,0x10,0x57,0xF0,0x50,0x88,0x76,0xD0,0x52,0xA0,0x52,
0xA0,0x54,0x90,0x58,0x88,0xB3,0x80,0x00,0x20,0x70,0x28,0x57,0xF8,0x50,0x20,0x57,0xA0,0x70,0x20,0x57,
0xA0,0x50,0x20,0x77,0xA0,0x54,0xA8,0x54,0xA8,0x51,0x28,0x52,0x98,0xB4,0x48,0x04,0x90,0x72,0xA0,0x57,
0xF0,0x51,0x00,0x5F,0xF8,0x72,0x20,0x57,0xD0,0x58,0x48,0x72,0x40,0x53,0xF0,0x50,0x10,0x57,0x90,0x50,
0x10,0xB0,0x60,0x78,0xF0,0x4C,0x90,0x4A,0xF0,0x4A,0x90,0x78,0xF0,0x48,0xC8,0x4E,0xA8,0x7A,0x90,0x4A,
0x90,0x4A,0xC8,0x4A,0x88,0x4D,0x00,0x98,0xF8,0x00,0x80,0x78,0x40,0x4B,0xF8,0x49,0x10,0x48,0xA0,0x7B,
0xF8,0x4A,0x08,0x48,0x40,0x7B,0xF8,0x48,0x80,0x48,0xF0,0x49,0x10,0x49,0x10,0x9A,0x60,0x00,0xA0,0x77,
0xF8,0x50,0x80,0x57,0xF0,0x54,0x90,0x77,0xF0,0x54,0x90,0x57,0xF0,0x74,0x90,0x50,0x20,0x57,0xF8,0x52,
0x20,0x51,0x20,0xB0,0x60,0x02,0x00,0xFF,0xF8,0x10,0x40,0x1F,0xC0,0x00,0x00,0xFF,0xF8,0x90,0x48,0x3F,
0xE0,0x20,0x20,0x3F,0xE0,0x20,0x20,0x3F,0xE0,0x20,0x20,0x20,0xE0,0x77,0xF8,0x51,0x20,0x57,0xF8,0x55,
0x28,0x77,0xF8,0x50,0x00,0x53,0xF0,0x70,0x00,0x57,0xF8,0x50,0x40,0x52,0x50,0x54,0x48,0xB9,0xC8,0x00,
0x40,0x7A,0x48,0x49,0x50,0x4B,0xF8,0x4A,0x08,0x79,0xF0,0x49,0x10,0x49,0x10,0x79,0xF0,0x48,0x40,0x49,
0xF0,0x48,0x40,0x48,0x40,0x9B,0xF8,0x00,0xA0,0x78,0xA0,0x4B,0xF8,0x48,0xA0,0x49,0xF0,0x79,0x10,0x49,
0xF0,0x49,0x10,0x79,0xF0,0x48,0x40,0x4B,0xF8,0x48,0xA0,0x49,0x10,0x9A,0x08,0x00,0x80,0x70,0x80,0x5F,
0xF8,0x52,0xA0,0x54,0x90,0x79,0x48,0x52,0x20,0x54,0x90,0x78,0x88,0x54,0x90,0x52,0xA0,0x54,0x90,0x58,
0x88,0xB3,0x80,0x01,0x08,0x71,0x08,0x5F,0x90,0x51,0x20,0x57,0x88,0x70,0x08,0x57,0x90,0x54,0xA0,0x77,
0x80,0x50,0x88,0x55,0x08,0x53,0x90,0x5E,0x20,0xB0,0x40,0x01,0x10,0x78,0xA0,0x4F,0xF8,0x48,0x40,0x4B,
0xF8,0x78,0x40,0x4F,0xF8,0x4A,0x48,0x79,0x50,0x4F,0xF8,0x48,0x00,0x4B,0xF8,0x4A,0x08,0x9B,0xF8,0x7E,
0xF0,0x42,0x90,0x7E,0x88,0x55,0x00,0x7E,0xF0,0x54,0x50,0x7E,0x20,0x94,0x50,0x22,0x00,0x7F,0xF0,0x40,
0x10,0x7F,0xF0,0x40,0x10,0x40,0x70,0x7C,0x40,0x45,0xF0,0x7C,0xA0,0x43,0xF8,0x7C,0x40,0xC5,0xF0,0x7C,
0x40,0x3F,0xE0,0x20,0x20,0x3F,0xE0,0x20,0x20,0x3F,0xE0,0x20,0x20,0x20,0xE0,0x01,0x00,0x70,0x80,0x5F,
0xF8,0x52,0x20,0x52,0x20,0x75,0x50,0x5F,0x78,0x52,0xD0,0x75,0x78,0x5F,0x50,0x52,0x78,0x52,0x50,0x54,
0x78,0xB8,0x40,0x00,0x80,0x77,0xF0,0x52,0x20,0x5F,0xF8,0x50,0x00,0x77,0xF0,0x54,0x10,0x57,0xF0,0x74,
0x10,0x57,0xF0,0x51,0x00,0x50,0x90,0x5A,0x28,0xB1,0xE0,0x79,0xF0,0x49,0x10,0x49,0xF0,0x48,0x00,0x7B,
0xB8,0x4A,0xA8,0x4B,0xB8,0x78,0x40,0x4B,0xF8,0x48,0xE0,0x49,0x50,0x4A,0x48,0x98,0x40,0xFF,0xF0,0x82,
0x00,0x82,0x00,0x82,0x00,0xFF,0xE0,0x80,0x20,0x80,0x20,0x80,0x20,0xFF,0xE0,0x82,0x00,0x82,0x00,0x82,
0x00,0xFF,0xF0,0x08,0x00,0x10,0x00,0xFF,0xE0,0x80,0x20,0x80,0x20,0xFF,0xE0,0x80,0x20,0x80,0x20,0xFF,
0xE0,0x80,0x20,0x80,0x20,0x80,0x20,0xFF,0xE0,0x80,0x20,0x08,0x00,0x10,0x00,0x3F,0xE0,0x20,0x20,0x3F,
0xE0,0x20,0x20,0x3F,0xE0,0x20,0x20,0x3F,0xE0,0x02,0x10,0xFF,0xF8,0x08,0x80,0x30,0x60,0xC0,0x18,0x7F,
0xF0,0x04,0x00,0x08,0x80,0x10,0x40,0x3F,0xE0,0x00,0x20,0x02,0x00,0x02,0x00,0x7F,0xF0,0x02,0x00,0x02,
0x00,0x02,0x00,0xFF,0xF8,0x00,0x80,0xFE,0x80,0x10,0x80,0x24,0xF8,0x43,0x10,0xFE,0x90,0x12,0x90,0x10,
0x90,0xFE,0xA0,0x10,0xA0,0x10,0x40,0x1E,0xA0,0xF1,0x10,0x02,0x08,0x00,0x40,0xFB,0xF8,0x20,0x40,0x41,
0xF0,0x50,0x80,0xFF,0xF8,0x29,0x10,0x22,0x68,0xFD,0xC0,0x20,0x40,0x23,0xF8,0x39,0x50,0xE2,0x48,0x00,
0x40,0x10,0x00,0xE1,0xE0,0x80,0x20,0x80,0x20,0x80,0x20,0x80,0x20,0xF1,0xE0,0x80,0x20,0x80,0x20,0x80,
0x20,0x80,0x20,0xFF,0xE0,0x80,0x20,0x03,0xF8,0xFC,0x00,0x04,0x10,0x42,0x10,0x22,0x20,0x28,0x40,0x71,
0xF0,0x40,0x10,0x40,0x10,0x7D,0xF0,0x40,0x10,0x40,0x10,0x7F,0xF0,0x40,0x10,0x7C,0xF0,0x40,0x10,0x7D,
0xF0,0x40,0x10,0x7F,0xF0,0x22,0x20,0x3F,0xE0,0x22,0x20,0x3F,0xE0,0x04,0x00,0x7F,0xF0,0x08,0x10,0x30,
0x10,0xC0,0x60,0x12,0x00,0x62,0x70,0x4F,0x90,0x44,0x10,0x7A,0x70,0x4F,0x90,0x42,0x10,0x72,0x70,0x4F,
0x90,0x42,0x10,0xFF,0xF8,0x20,0x20,0x40,0x10,0x80,0x08,0x01,0xE0,0x3E,0x00,0x02,0x00,0x02,0x00,0xFF,
0xF8,0x02,0x00,0x02,0x00,0x02,0x00,0x3F,0xE0,0x20,0x20,0x20,0x20,0x20,0x20,0x3F,0xE0,0x20,0x20,0x02,
0x00,0x05,0x00,0x08,0x80,0x30,0x60,0xDF,0xD8,0x02,0x00,0x02,0x00,0xFF,0xF8,0x02,0x00,0x02,0x00,0x3F,
0xE0,0x20,0x20,0x20,0x20,0x3F,0xE0,0x10,0x00,0x11,0xF0,0x28,0x10,0x44,0xA0,0xB8,0x40,0x13,0xF8,0x7C,
0x48,0x10,0x50,0x10,0x40,0x7C,0x40,0x44,0x40,0x44,0x40,0x7C,0x40,0x45,0xC0,0x1B,0xF0,0xE0,0x80,0x20,
0x80,0x27,0xF8,0xF9,0x40,0x22,0x20,0x24,0x90,0xF8,0x88,0x8A,0xD0,0x8C,0xA8,0x88,0xA8,0xF8,0x80,0x8B,
0x80,0x03,0xF8,0xFC,0x10,0x42,0x20,0x20,0x40,0xFF,0xF8,0x80,0x08,0xA0,0x48,0x3C,0x40,0x25,0xF0,0x44,
0x40,0xAA,0x40,0x13,0xF8,0x20,0x40,0x40,0x40,0x20,0x00,0x3F,0xF0,0x55,0x40,0x95,0x40,0x7F,0xF0,0x15,
0x40,0xFF,0xF8,0x20,0x40,0x3D,0xF0,0x44,0x40,0xAA,0x40,0x13,0xF8,0x20,0x40,0xC0,0x40,0x04,0x00,0x08,
0x00,0x3F,0xE0,0x20,0x20,0x24,0x20,0x22,0x20,0x22,0x20,0xFF,0xF8,0x24,0x20,0x22,0x20,0x22,0x20,0x20,
0x20,0x40,0x20,0x80,0xE0,0x10,0x80,0x20,0x40,0x78,0x00,0x4B,0xF8,0x68,0x00,0x58,0x00,0x49,0xE0,0xF9,
0x20,0x49,0x20,0x69,0x20,0x59,0x20,0x4A,0x28,0x4A,0x28,0x9C,0x18,0x10,0x00,0x21,0xE0,0x79,0x20,0x49,
0x20,0x69,0x20,0x5A,0x18,0x4C,0x00,0xFB,0xF0,0x49,0x10,0x69,0x20,0x58,0xA0,0x48,0x40,0x48,0xA0,0x9B,
0x18,0x20,0x00,0x7D,0xF0,0x45,0x10,0x65,0x10,0x55,0x50,0x55,0x50,0xFD,0x50,0x45,0x50,0x65,0x50,0x54,
0x40,0x54,0xA0,0x44,0xA0,0x45,0x28,0x9E,0x18,0x10,0x40,0x20,0x40,0x7C,0xA0,0x44,0xA0,0x65,0x10,0x56,
0x08,0x45,0xF0,0xFD,0x10,0x45,0x10,0x65,0x10,0x55,0x60,0x45,0x08,0x45,0x08,0x9C,0xF8,0x10,0x80,0x20,
0x40,0x7B,0xF8,0x4A,0x08,0x68,0x00,0x59,0x00,0x49,0x08,0xF9,0x30,0x49,0xC0,0x69,0x00,0x59,0x00,0x49,
0x08,0x49,0x08,0x98,0xF8,0x10,0x40,0x20,0x40,0x7C,0x80,0x45,0xF8,0x65,0x08,0x55,0x08,0x45,0x08,0xFD,
0xF8,0x45,0x08,0x65,0x08,0x55,0x08,0x45,0x08,0x45,0xF8,0x9D,0x08,0x20,0x40,0x7C,0x20,0x45,0xF8,0x64,
0x40,0x54,0x40,0x54,0x90,0xFC,0x90,0x45,0xF0,0x64,0x20,0x54,0x20,0x54,0x40,0x44,0x90,0x45,0xF8,0x9C,
0x08,0x10,0x00,0x21,0xE0,0x79,0x20,0x49,0x20,0x69,0x20,0x59,0x20,0x4A,0x18,0xFC,0x00,0x4B,0xF0,0x6A,
0x10,0x5A,0x10,0x4A,0x10,0x4B,0xF0,0x9A,0x10,0x10,0x08,0x23,0xB0,0x78,0x90,0x49,0x10,0x69,0x10,0x5A,
0x38,0x4B,0x90,0xF8,0x90,0x48,0x90,0x6A,0x90,0x5A,0xB8,0x49,0x00,0x4A,0x80,0x9C,0x78,0x10,0x40,0x21,
0x40,0x7A,0x58,0x4A,0x48,0x6B,0x58,0x5A,0x48,0x4B,0xF8,0xF8,0x40,0x4B,0xF0,0x69,0x10,0x58,0xA0,0x48,
0x40,0x48,0xA0,0x9B,0x18,0x08,0x00,0x04,0x00,0xFF,0xC0,0x80,0x40,0x80,0x40,0xFF,0xC0,0x80,0x40,0x80,
0x40,0xFF,0xC0,0x88,0x20,0x84,0x40,0x92,0x80,0xA1,0x80,0xC0,0x70,0x01,0xF0,0xFD,0x10,0x05,0x10,0x05,
0xF0,0x49,0x10,0x29,0x10,0x11,0xF0,0x19,0x48,0x29,0x50,0x25,0x20,0x45,0x60,0x81,0x90,0x01,0x08,0x10,
0x00,0x10,0x00,0x3F,0xE0,0x40,0x40,0x80,0x80,0x7F,0xF0,0x42,0x10,0x42,0x10,0x42,0x10,0x7F,0xF0,0x40,
0x00,0x40,0x08,0x40,0x08,0x3F,0xF8,0x21,0x00,0x21,0x00,0x21,0xE0,0xFA,0x20,0x24,0x40,0x23,0xF0,0xFA,
0x90,0x22,0x90,0x22,0x90,0xFB,0xF0,0x22,0x00,0x22,0x08,0x22,0x08,0x21,0xF8,0x10,0x40,0x10,0x40,0xFF,
0xF8,0x10,0x40,0x00,0x00,0x7F,0xE0,0x00,0xC0,0x03,0x00,0x04,0x00,0x08,0x00,0x10,0x08,0x20,0x08,0x20,
0x08,0x1F,0xF8,0x08,0x80,0x08,0x80,0xFF,0xF8,0x08,0x80,0x08,0x80,0x00,0x00,0x10,0x40,0x08,0x80,0x05,
0x00,0x02,0x00,0x05,0x00,0x08,0x80,0x30,0x60,0xC0,0x18,0x10,0x40,0x10,0x40,0xFF,0xF8,0x10,0x40,0x10,
0x40,0x00,0x00,0x7F,0xF0,0x04,0x10,0x04,0x10,0x04,0x10,0x04,0x10,0x04,0x60,0x04,0x00,0x04,0x00,0x10,
0x40,0x10,0x40,0xFF,0xF8,0x10,0x40,0x00,0x00,0x3F,0xE0,0x02,0x00,0x02,0x00,0x02,0x00,0xFF,0xF8,0x02,
0x00,0x02,0x00,0x02,0x00,0x0E,0x00,0x08,0x80,0x08,0x80,0xFF,0xF8,0x08,0x80,0x20,0x00,0x3F,0xF0,0x40,
0x10,0x80,0x10,0x08,0x10,0x04,0x10,0x04,0x10,0x00,0x10,0x00,0x20,0x00,0xC0,0x10,0x40,0x10,0x40,0xFF,
0xF8,0x10,0x40,0x02,0x00,0x01,0x00,0xFF,0xF8,0x20,0x00,0x20,0x00,0x20,0x00,0x20,0x00,0x20,0x00,0x20,
0x00,0x3F,0xF0,0x10,0x40,0x10,0x40,0xFF,0xF8,0x10,0x40,0x02,0x00,0x02,0x00,0x7F,0xF0,0x02,0x00,0x02,
0x00,0xFF,0xF8,0x05,0x00,0x08,0x80,0x30,0x60,0xC0,0x18,0x08,0x80,0x08,0x80,0xFF,0xF8,0x08,0x80,0x00,
0x00,0x7F,0xF0,0x02,0x00,0x02,0x00,0xFF,0xF8,0x05,0x00,0x05,0x00,0x09,0x00,0x31,0x08,0xC0,0xF8,0x10,
0x40,0x10,0x40,0xFF,0xF8,0x10,0x40,0x04,0x00,0x02,0x00,0x7F,0xF0,0x00,0x60,0x01,0x80,0x06,0x00,0x18,
0x00,0x20,0x00,0x50,0x00,0x8F,0xF8,0x10,0x40,0xFF,0xF8,0x10,0x40,0x02,0x00,0x05,0x00,0x08,0x80,0x30,
0x60,0xC0,0x18,0x10,0x40,0x10,0x40,0x10,0x40,0x10,0x40,0x20,0x40,0x40,0x40,0x10,0x40,0xFF,0xF8,0x10,
0x40,0x04,0x00,0x02,0x00,0x7F,0xF0,0x40,0x10,0x40,0x10,0x7F,0xF0,0x40,0x10,0x40,0x00,0x40,0x00,0x40,
0x00,0x80,0x00,0x10,0x40,0x10,0x40,0xFF,0xF8,0x10,0x40,0x08,0x80,0x10,0x40,0x20,0x20,0x40,0x10,0xBF,
0xC8,0x08,0x40,0x08,0x40,0x10,0x40,0x20,0x40,0xC1,0x80,0x10,0x40,0x10,0x40,0xFF,0xF8,0x10,0x40,0x00,
0x00,0x7F,0xF0,0x42,0x10,0x42,0x10,0x42,0x10,0x7F,0xF0,0x40,0x00,0x40,0x08,0x40,0x08,0x3F,0xF8,0x10,
0x40,0x10,0x40,0xFF,0xF8,0x10,0x40,0x10,0x40,0x02,0x00,0x01,0x00,0x09,0x00,0x08,0x10,0x48,0x08,0x48,
0x08,0x48,0x48,0x88,0x40,0x07,0xC0,0x10,0x40,0x10,0x40,0xFF,0xF8,0x10,0x40,0x08,0x80,0x08,0x80,0x10,
0x90,0x30,0xA0,0x50,0xC0,0x91,0x80,0x16,0x80,0x10,0x88,0x10,0x88,0x10,0x78,0x10,0x40,0xFF,0xF8,0x10,
0x40,0x04,0x00,0x02,0x00,0xFF,0xF8,0x08,0x00,0x08,0x00,0x0F,0xE0,0x10,0x20,0x10,0x20,0x20,0x20,0x40,
0x20,0x80,0xC0,0x10,0x40,0x10,0x40,0xFF,0xF8,0x10,0x40,0x00,0xE0,0x3F,0x00,0x20,0x00,0x20,0x00,0x3F,
0xF8,0x20,0x40,0x20,0x40,0x40,0x40,0x40,0x40,0x80,0x40,0x08,0x80,0x08,0x80,0xFF,0xF8,0x08,0x80,0x00,
0x00,0x7F,0xF0,0x10,0x80,0x10,0x80,0x3F,0xF8,0x04,0x80,0x08,0x80,0x30,0x80,0xC0,0x80,0x03,0x80,0x08,
0x80,0x08,0x80,0xFF,0xF8,0x08,0x80,0x02,0x00,0x7F,0xF0,0x02,0x00,0x3F,0xE0,0x02,0x00,0x7F,0xF0,0x02,
0x10,0x02,0x10,0x02,0x60,0x02,0x00,0x10,0x40,0x10,0x40,0xFF,0xF8,0x12,0x40,0x05,0x00,0x08,0x80,0x30,
0x60,0xC0,0x18,0x1F,0xC0,0x10,0x40,0x10,0x40,0x11,0x90,0x10,0x10,0x0F,0xF0,0x10,0x40,0x10,0x40,0xFF,
0xF8,0x10,0x40,0x04,0x00,0x04,0x00,0x7F,0xC0,0x04,0x40,0x44,0x50,0x48,0x48,0x88,0x48,0x10,0x40,0x20,
0x40,0x41,0x80,0x08,0x80,0x08,0x80,0xFF,0xF8,0x08,0x80,0x20,0x00,0x3D,0xF0,0x25,0x10,0x45,0x10,0x65,
0x10,0x99,0x60,0x09,0x00,0x11,0x08,0x21,0x08,0xC0,0xF8,0x10,0x40,0xFF,0xF8,0x10,0x40,0x08,0x00,0x10,
0x40,0x20,0x20,0x7F,0xF0,0x00,0x10,0x00,0x00,0x3F,0xE0,0x20,0x20,0x20,0x20,0x3F,0xE0,0x20,0x20,0x10,
0x40,0x10,0x40,0xFF,0xF8,0x10,0x40,0x00,0x00,0x7F,0xF0,0x42,0x10,0x42,0x10,0x7F,0xF0,0x42,0x10,0x42,
0x10,0x42,0x10,0x7F,0xF0,0x40,0x10,0x10,0x40,0x10,0x40,0xFF,0xF8,0x10,0x40,0x00,0x00,0xFF,0xF8,0x00,
0x20,0x3F,0x20,0x21,0x20,0x21,0x20,0x21,0x20,0x3F,0x20,0x20,0x20,0x00,0xE0,0x08,0x80,0xFF,0xF8,0x08,
0x80,0x10,0x00,0x3F,0xF0,0x40,0x10,0xBF,0x90,0x20,0x90,0x20,0x90,0x3F,0x90,0x20,0x10,0x20,0x60,0x20,
0x08,0x1F,0xF8,0x08,0x80,0xFF,0xF8,0x08,0x80,0x20,0x00,0x3F,0xF0,0x40,0x10,0x80,0x10,0x3F,0x90,0x20,
0x90,0x20,0x90,0x20,0x90,0x3F,0x90,0x20,0x10,0x00,0x60,0x10,0x40,0x10,0x40,0xFF,0xF8,0x14,0x40,0x04,
0x00,0xFF,0xF8,0x08,0x00,0x10,0x00,0x3F,0xE0,0xD0,0x20,0x10,0x20,0x10,0x20,0x1F,0xE0,0x10,0x20,0x10,
0x40,0xFF,0xF8,0x10,0x40,0x02,0x00,0x02,0x00,0xFF,0xF8,0x02,0x00,0x02,0x00,0x3F,0xE0,0x20,0x20,0x20,
0x20,0x20,0x20,0x3F,0xE0,0x20,0x20,0x10,0x40,0x10,0x40,0xFF,0xF8,0x14,0x40,0x04,0x00,0x07,0xF8,0x04,
0x00,0x04,0x00,0x7F,0xE0,0x40,0x20,0x40,0x20,0x40,0x20,0x7F,0xE0,0x40,0x20,0x10,0x40,0x10,0x40,0xFF,
0xF8,0x10,0x40,0x12,0x40,0x02,0x00,0xFF,0xF8,0x07,0x00,0x0A,0x80,0x12,0x40,0x22,0x20,0xDF,0xD8,0x02,
0x00,0x02,0x00,0x08,0x80,0x08,0x80,0xFF,0xF8,0x08,0x80,0x02,0x00,0x3F,0xE0,0x22,0x20,0x22,0x20,0x22,
0x20,0xFF,0xF8,0x05,0x00,0x08,0x80,0x30,0x60,0xC0,0x18,0x10,0x40,0x10,0x40,0xFF,0xF8,0x10,0x40,0x00,
0x00,0x7F,0xF0,0x02,0x00,0x22,0x20,0x12,0x40,0x02,0x00,0xFF,0xF8,0x02,0x00,0x02,0x00,0x02,0x00,0x10,
0x40,0x10,0x40,0xFF,0xF8,0x10,0x40,0x02,0x00,0x42,0x10,0x42,0x10,0x7F,0xF0,0x02,0x00,0x82,0x08,0x82,
0x08,0x82,0x08,0xFF,0xF8,0x00,0x08,0x08,0x80,0x08,0x80,0xFF,0xF8,0x08,0x80,0x01,0x20,0x3F,0xF0,0x21,
0x00,0x21,0x10,0x20,0x90,0x20,0xA0,0x20,0x48,0x40,0xA8,0x41,0x18,0x86,0x08,0x10,0x40,0x10,0x40,0xFF,
0xF8,0x10,0x40,0x20,0x00,0x13,0xF0,0x02,0x10,0x42,0x10,0x22,0x10,0x02,0x60,0x0A,0x00,0x12,0x08,0x22,
0x08,0x41,0xF8,0x10,0x40,0x10,0x40,0xFF,0xF8,0x10,0x40,0x00,0x00,0x20,0x00,0xFD,0xF0,0x25,0x10,0x25,
0x10,0x25,0x10,0x25,0x10,0x45,0x10,0x45,0xF0,0x99,0x10,0x08,0x80,0x08,0x80,0xFF,0xF8,0x08,0x80,0x00,
0x00,0x7F,0xE0,0x0C,0x80,0x03,0x00,0xFF,0xF8,0x05,0x10,0x09,0x20,0x31,0x00,0xC1,0x00,0x07,0x00,0x10,
0x40,0xFF,0xF8,0x10,0x40,0x02,0x00,0x02,0x00,0xFF,0xF8,0x02,0x00,0x02,0x00,0x7F,0xF0,0x07,0x00,0x0A,
0x80,0x32,0x60,0xC2,0x18,0x02,0x00,0x08,0x80,0xFF,0xF8,0x08,0x80,0x00,0x00,0x3F,0xC0,0x00,0x80,0x03,
0x00,0x1C,0xE0,0xE0,0x18,0x00,0x00,0x3F,0xE0,0x02,0x00,0x02,0x00,0xFF,0xF8,0x10,0x40,0x10,0x40,0xFF,
0xF8,0x10,0x40,0x02,0x00,0x02,0x00,0x3F,0xE0,0x22,0x20,0x22,0x20,0x3F,0xE0,0x02,0x00,0x02,0x10,0xFF,
0xF8,0x00,0x08,0x10,0x40,0x10,0x40,0xFF,0xF8,0x10,0x40,0x01,0x00,0x41,0x00,0x21,0xF0,0x02,0x10,0x14,
0xA0,0x10,0x80,0x20,0x80,0x21,0x40,0x42,0x20,0x4C,0x18,0x08,0x80,0x08,0x80,0xFF,0xF8,0x08,0x80,0x21,
0x00,0x10,0x80,0x00,0x00,0x8F,0xF8,0x42,0x00,0x12,0x00,0x22,0x00,0x22,0x00,0x42,0x00,0x43,0xF0,0x10,
0x40,0xFF,0xF8,0x14,0x40,0x04,0x00,0xFF,0xF8,0x08,0x00,0x10,0x80,0x30,0x80,0x57,0xF0,0x90,0x80,0x10,
0x80,0x10,0x80,0x1F,0xF8,0x10,0x00,0x08,0x80,0x08,0x80,0xFF,0xF8,0x08,0x80,0x7F,0xF0,0x40,0x10,0x42,
0x10,0x5F,0xD0,0x45,0x10,0x48,0x90,0x50,0x50,0x40,0x10,0x7F,0xF0,0x40,0x10,0x10,0x40,0x10,0x40,0xFF,
0xF8,0x12,0x40,0x05,0x00,0x08,0x80,0x32,0x60,0xC2,0x18,0x3F,0xE0,0x02,0x00,0x12,0x40,0x22,0x20,0x42,
0x10,0x0E,0x00,0x10,0x40,0xFF,0xF8,0x10,0x40,0x00,0x00,0xFF,0xF8,0x20,0x20,0x3F,0xE0,0x20,0x20,0x3F,
0xE0,0x20,0x20,0x21,0xF8,0xFE,0x20,0x00,0x20,0x00,0x20,0x08,0x80,0x08,0x80,0xFF,0xF8,0x08,0x80,0x20,
0x00,0x20,0x00,0xFD,0xF0,0x25,0x10,0x25,0x10,0x49,0x10,0x29,0x10,0x11,0x10,0x29,0xF0,0xC5,0x10,0x24,
0x08,0x24,0x08,0xFF,0x08,0x24,0x48,0x00,0x48,0x7E,0x48,0x24,0x48,0x24,0x48,0xFF,0x48,0x24,0x48,0x24,
0x08,0x24,0x08,0x44,0x08,0x84,0x38,0x08,0x80,0xFF,0xF8,0x08,0x80,0x00,0x00,0x3F,0xE0,0x20,0x20,0x3F,
0xE0,0x20,0x20,0x3F,0xE0,0x02,0x00,0xFF,0xF8,0x02,0x00,0x02,0x00,0x02,0x00,0x08,0x80,0x08,0x80,0xFF,
0xF8,0x08,0x80,0x04,0x00,0xFF,0xF8,0x08,0x00,0x13,0xF0,0x30,0x20,0xD0,0x40,0x17,0xF8,0x10,0x40,0x10,
0x40,0x11,0xC0,0x10,0x40,0x10,0x40,0xFF,0xF8,0x10,0x40,0x04,0x00,0xFF,0xF8,0x20,0x00,0x20,0x00,0x3F,
0xE0,0x00,0x00,0x12,0x40,0x12,0x40,0x22,0x48,0x42,0x38,0x08,0x80,0x08,0x80,0xFF,0xF8,0x08,0x80,0x04,
0x00,0x7F,0xE0,0x08,0x20,0x10,0x20,0x60,0xC0,0x20,0x40,0xFD,0xF8,0x24,0x48,0x44,0x88,0x99,0x30,0x10,
0x40,0x10,0x40,0xFF,0xF8,0x10,0x40,0x02,0x00,0x7F,0xF0,0x02,0x00,0x22,0x20,0x12,0x40,0xFF,0xF8,0x05,
0x00,0x08,0x80,0x30,0x60,0xC0,0x18,0x08,0x80,0x08,0x80,0xFF,0xF8,0x08,0x80,0x00,0x00,0x27,0xE0,0x10,
0xC0,0x81,0x00,0x43,0xF0,0x11,0x50,0x22,0x50,0x2C,0x90,0x41,0x10,0x46,0x60,0x10,0x40,0xFF,0xF8,0x10,
0x40,0x00,0x00,0xFF,0xF8,0x80,0x08,0x02,0x00,0x02,0x00,0xFF,0xF8,0x07,0x00,0x0A,0x80,0x32,0x60,0xC2,
0x18,0x02,0x00,0x10,0x40,0xFF,0xF8,0x10,0x40,0x00,0x00,0xFF,0xF8,0x84,0x08,0x7F,0xF0,0x08,0x00,0x12,
0x00,0x3F,0xE0,0x02,0x00,0xFF,0xF8,0x02,0x00,0x02,0x00,0x10,0x40,0xFF,0xF8,0x10,0x40,0x00,0x00,0xFF,
0xF8,0x82,0x08,0x12,0x20,0x12,0x20,0x22,0x40,0x42,0x00,0x05,0x00,0x08,0x80,0x30,0x60,0xC0,0x18,0x10,
0x40,0xFF,0xF8,0x10,0x40,0x00,0x00,0x7D,0xF8,0x45,0x08,0x49,0x08,0x51,0xF8,0x49,0x08,0x45,0xF8,0x45,
0x08,0x5A,0x08,0x42,0x08,0x44,0x38,0x08,0x80,0x08,0x80,0xFF,0xF8,0x08,0x80,0x21,0x00,0x21,0x00,0x49,
0xF0,0xF2,0x10,0x24,0x10,0x41,0x10,0xF8,0x90,0x00,0x10,0x18,0x10,0xE0,0x60,0x10,0x40,0xFF,0xF8,0x10,
0x40,0x00,0x00,0x17,0xF8,0x20,0x10,0x60,0x10,0xA7,0xD0,0x24,0x50,0x24,0x50,0x27,0xD0,0x24,0x10,0x20,
0x10,0x20,0x70,0x10,0x40,0xFF,0xF8,0x10,0x40,0x02,0x20,0xFF,0xF8,0x02,0x00,0x7F,0xF0,0x42,0x10,0x7F,
0xF0,0x42,0x10,0x7F,0xF0,0x42,0x10,0x42,0x10,0x40,0x70,0x08,0x80,0x08,0x80,0xFF,0xF8,0x08,0x80,0x0C,
0x10,0x70,0x90,0x10,0x90,0xFE,0x90,0x10,0x90,0x38,0x90,0x54,0x90,0x92,0x10,0x10,0x10,0x10,0x70,0x10,
0x40,0x10,0x40,0xFF,0xF8,0x10,0x40,0x20,0x80,0x10,0x80,0x02,0xA0,0x82,0x90,0x42,0x90,0x14,0x80,0x20,
0x20,0x20,0xC0,0x43,0x00,0x4C,0x00,0x08,0x80,0xFF,0xF8,0x08,0x80,0x00,0x00,0x3F,0xE0,0x20,0x20,0x3F,
0xE0,0x20,0x20,0x3F,0xE0,0x02,0x00,0xFF,0xF8,0x05,0x00,0x18,0xC0,0xE0,0x38,0x10,0x40,0xFF,0xF8,0x10,
0x40,0x02,0x00,0x7F,0xF0,0x02,0x00,0x22,0x20,0x12,0x40,0xFF,0xF8,0x0A,0x80,0x12,0x40,0x22,0x20,0xC2,
0x18,0x02,0x00,0x08,0x80,0xFF,0xF8,0x08,0x80,0x41,0x00,0x2F,0xF0,0x22,0x00,0x04,0x80,0xEF,0xF0,0x20,
0x80,0x20,0x80,0x2F,0xF8,0x20,0x80,0x50,0x80,0x8F,0xF8,0x08,0x80,0xFF,0xF8,0x08,0x80,0x00,0x00,0x50,
0xA0,0x20,0x90,0x50,0x80,0x97,0xF8,0x30,0x80,0x51,0x40,0x91,0x40,0x12,0x20,0x14,0x10,0x68,0x08,0x10,
0x40,0xFF,0xF8,0x10,0x40,0x00,0x00,0xFF,0xF8,0x80,0x08,0x00,0x00,0x7F,0xF0,0x02,0x00,0x02,0x00,0x3F,
0xE0,0x02,0x40,0x02,0x20,0xFF,0xF8,0x10,0x40,0xFF,0xF8,0x10,0x40,0x00,0x00,0xFF,0xF8,0x84,0x08,0x3F,
0xC0,0x28,0x40,0x25,0xC0,0x20,0x00,0x3F,0xF0,0x00,0x10,0xFF,0x90,0x00,0x30,0x08,0x80,0xFF,0xF8,0x08,
0x80,0x02,0x20,0xFF,0xF8,0x05,0x00,0x08,0x80,0x30,0x60,0xC8,0x98,0x08,0x80,0x7F,0xF0,0x08,0x80,0x10,
0x80,0x20,0x80,0x08,0x80,0xFF,0xF8,0x08,0x80,0x20,0x40,0x20,0x40,0xFD,0xF8,0x24,0x40,0x24,0x40,0x49,
0xF0,0x29,0x10,0x11,0x10,0x29,0x10,0xC5,0xF0,0x01,0x10,0x08,0x80,0xFF,0xF8,0x08,0x80,0x20,0x00,0x3F,
0xF0,0x44,0x10,0xA4,0x90,0x15,0x10,0x7F,0xD0,0x0E,0x10,0x15,0x10,0x24,0x90,0x44,0x20,0x04,0xC0,0x10,
0x40,0xFF,0xF8,0x10,0x40,0x7F,0xF0,0x41,0x90,0x4E,0x10,0x42,0x10,0x5F,0xD0,0x47,0x10,0x4A,0x90,0x52,
0x50,0x42,0x10,0x7F,0xF0,0x40,0x10,0x08,0x80,0x08,0x80,0xFF,0xF8,0x08,0x80,0x40,0x00,0x2F,0xF8,0x00,
0x20,0x87,0xA0,0x44,0xA0,0x14,0xA0,0x27,0xA0,0x24,0x20,0x40,0x20,0x40,0xE0,0x10,0x40,0xFF,0xF8,0x10,
0x40,0x00,0xF0,0x7F,0x20,0x24,0x20,0x12,0x40,0x02,0x00,0xFF,0xF8,0x07,0x00,0x0A,0x80,0x32,0x60,0xC2,
0x18,0x02,0x00,0x08,0x80,0xFF,0xF8,0x08,0x80,0x00,0x00,0x40,0x40,0x27,0xF8,0x14,0x48,0x84,0x40,0x45,
0xF0,0x15,0x10,0x24,0xA0,0x28,0x40,0x48,0xA0,0x53,0x18,0x10,0x40,0xFF,0xF8,0x10,0x40,0x02,0x00,0x7F,
0xF0,0x10,0x40,0x08,0x80,0xFF,0xF8,0x00,0x00,0x3F,0xE0,0x20,0x20,0x20,0x20,0x3F,0xE0,0x20,0x20,0x08,
0x80,0xFF,0xF8,0x08,0x80,0x02,0x00,0x3F,0xE0,0x02,0x00,0xFF,0xF8,0x24,0x20,0x4F,0xD0,0x98,0x48,0x24,
0x80,0x03,0x00,0x1C,0xC0,0xE0,0x38,0x10,0x40,0x10,0x40,0xFF,0xF8,0x10,0x40,0x08,0x80,0xF8,0xF8,0x08,
0x80,0x08,0x80,0x78,0xF0,0x08,0x80,0x08,0x80,0xF8,0xF8,0x08,0x80,0x08,0x80,0x08,0x80,0xFF,0xF8,0x28,
0x80,0x3F,0xF0,0x50,0x10,0x9F,0x90,0x24,0x10,0x44,0x10,0xFF,0xD0,0x04,0x10,0x24,0x90,0x3F,0x90,0x00,
0x20,0x00,0xC0,0x08,0x80,0xFF,0xF8,0x08,0x80,0x00,0x00,0x7D,0xF0,0x45,0x10,0x45,0x10,0x7D,0xF0,0x45,
0x10,0x45,0xF0,0x7D,0x10,0x41,0x10,0x02,0x10,0x04,0x70,0x08,0x80,0xFF,0xF8,0x08,0x80,0x40,0x00,0x27,
0xF0,0x10,0x80,0x84,0x90,0x42,0xA0,0x10,0x80,0x2F,0xF8,0x20,0x80,0x40,0x80,0x40,0x80,0x00,0x80,0x08,
0x80,0xFF,0xF8,0x08,0x80,0x3F,0xE0,0x02,0x00,0xFF,0xF8,0x0A,0x80,0x72,0x70,0x04,0x00,0xFF,0xF8,0x08,
0x40,0x18,0x80,0x07,0x00,0x78,0xE0,0x08,0x80,0xFF,0xF8,0x08,0x80,0x00,0x00,0x7F,0xF0,0x48,0x90,0x7F,
0xF0,0x04,0x00,0x0F,0xE0,0x18,0x40,0x64,0x80,0x03,0x00,0x0C,0x00,0xF0,0x00,0x10,0x40,0xFF,0xF8,0x10,
0x40,0x00,0x00,0xFF,0xF8,0x82,0x08,0x02,0x00,0x3F,0xE0,0x22,0x20,0x22,0x20,0x3F,0xE0,0x02,0x00,0x02,
0x10,0xFF,0xF8,0x10,0x40,0xFF,0xF8,0x10,0x40,0x00,0x00,0xFF,0xF8,0x80,0x08,0x3F,0xE0,0x20,0x20,0x3F,
0xE0,0x00,0x00,0x7F,0xF0,0x40,0x10,0x40,0x10,0x7F,0xF0,0x08,0x80,0xFF,0xF8,0x08,0x80,0x02,0x00,0x3F,
0xE0,0x02,0x20,0xFF,0xF8,0x02,0x20,0x3F,0xE0,0x02,0x00,0x42,0x10,0x4A,0x90,0x52,0x50,0x82,0x10,0x08,
0x80,0xFF,0xF8,0x08,0x80,0x00,0x40,0x78,0x20,0x4B,0xF8,0x49,0x10,0x50,0xA0,0x53,0xF8,0x4A,0x00,0x4A,
0x00,0x72,0x00,0x42,0x00,0x44,0x00,0x08,0x80,0xFF,0xF8,0x08,0x80,0x01,0x00,0x41,0xE0,0x22,0x20,0x15,
0x40,0x80,0x80,0x43,0x60,0x1C,0x18,0x23,0xE0,0x22,0x20,0x43,0xE0,0x42,0x20,0x08,0x80,0xFF,0xF8,0x08,
0x80,0x02,0x20,0x3F,0xC0,0x02,0x80,0xFF,0xF8,0x02,0x00,0x1F,0xE0,0x30,0x20,0xDF,0xE0,0x10,0x20,0x1F,
0xE0,0x10,0x20,0x08,0x80,0xFF,0xF8,0x08,0x80,0x3F,0xE0,0x20,0x20,0x3F,0xE0,0x20,0x20,0x3F,0xE0,0x10,
0x00,0x3F,0xF0,0x46,0x10,0xA9,0x10,0x3F,0x90,0x00,0x30,0x08,0x80,0xFF,0xF8,0x28,0x80,0x3F,0xF0,0x44,
0x90,0xBF,0xD0,0x04,0x10,0x3F,0x90,0x24,0x90,0x3F,0x90,0x24,0x90,0x3F,0x90,0x24,0x90,0x25,0xB0,0x10,
0x40,0xFF,0xF8,0x10,0x40,0x3F,0xE0,0x02,0x00,0xFF,0xF8,0x22,0x20,0x3F,0xE0,0x22,0x20,0x3F,0xE0,0x02,
0x00,0x7F,0xF0,0x02,0x00,0xFF,0xF8,0x08,0x80,0xFF,0xF8,0x08,0x80,0x00,0x00,0x11,0xF0,0xFD,0x10,0x11,
0x10,0x11,0xF0,0x7D,0x10,0x45,0xF0,0x45,0x10,0x7D,0x10,0x42,0x10,0x04,0x70,0x08,0x80,0xFF,0xF8,0x08,
0x80,0x7F,0xF0,0x11,0x00,0x3D,0x20,0x45,0xC0,0xA9,0x10,0x10,0xF0,0x60,0x00,0x08,0x80,0xFF,0xF8,0x10,
0x80,0x60,0x80,0x08,0x80,0xFF,0xF8,0x08,0x80,0x10,0x00,0x1F,0xE0,0x25,0x20,0x59,0x20,0x16,0x20,0x25,
0x20,0x08,0x60,0x04,0x00,0x52,0x10,0x50,0x48,0x8F,0xC8,0x10,0x40,0xFF,0xF8,0x10,0x40,0x01,0x20,0x7D,
0x40,0x04,0x90,0x28,0x60,0x10,0x20,0x2F,0x98,0xC2,0x00,0x3F,0xE0,0x04,0x80,0x08,0x40,0x30,0x20,0x10,
0x40,0xFF,0xF8,0x14,0x40,0x02,0x00,0x7F,0xF0,0x10,0x40,0x08,0x80,0xFF,0xF8,0x82,0x08,0xBF,0xE8,0x22,
0x20,0x22,0x20,0x22,0xE0,0x02,0x00,0x10,0x40,0xFF,0xF8,0x10,0x40,0x00,0x00,0x11,0x00,0x93,0xF0,0x55,
0x20,0x50,0xC0,0x13,0x20,0x3C,0x20,0x57,0xF8,0x92,0x20,0x11,0x20,0x10,0x60,0x08,0x80,0xFF,0xF8,0x08,
0x80,0x7F,0xF0,0x40,0x10,0x1F,0xC0,0x00,0x00,0x7F,0xF0,0x14,0x00,0x66,0x10,0x19,0xA0,0x67,0x60,0x19,
0x18,0x63,0x00,0x10,0x40,0x10,0x40,0xFF,0xF8,0x10,0x40,0x00,0x00,0x79,0xF0,0x00,0x00,0xFD,0xF8,0x10,
0x40,0x59,0x50,0x55,0x48,0x96,0x48,0x10,0x40,0x71,0xC0,0x08,0x80,0xFF,0xF8,0x08,0x80,0x00,0x00,0x40,
0x90,0x2F,0xF8,0x00,0x80,0x87,0xF0,0x44,0x90,0x17,0xF0,0x24,0x90,0x27,0xF0,0x44,0x90,0x44,0xB0,0x08,
0x80,0xFF,0xF8,0x08,0x80,0x3F,0xC0,0x00,0x80,0x7D,0x10,0x09,0xA0,0x31,0x60,0xC7,0x18,0x00,0x00,0x3F,
0xE0,0x00,0x00,0x48,0x90,0x84,0x48,0x08,0x80,0xFF,0xF8,0x0A,0x80,0xFF,0xF8,0x10,0x40,0x3F,0x80,0x06,
0x20,0x7F,0xF0,0x00,0x00,0x7F,0xF0,0x42,0x10,0x7F,0xF0,0x42,0x10,0x7F,0xF0,0x10,0x40,0xFF,0xF8,0x14,
0x40,0x02,0x00,0xFF,0xF8,0x88,0x88,0x92,0x48,0x25,0x20,0x08,0x80,0x3F,0xE0,0xD0,0x58,0x10,0x40,0x1F,
0xC0,0x10,0x40,0x10,0x40,0xFF,0xF8,0x12,0x40,0x7F,0xF0,0x00,0x00,0x1F,0xC0,0x10,0x40,0xFF,0xF8,0x10,
0x40,0x1F,0xC0,0x09,0x10,0x38,0xA0,0xCC,0x60,0x08,0x18,0x10,0x40,0xFF,0xF8,0x12,0x40,0x04,0x00,0x7F,
0xF0,0x48,0x90,0x47,0x10,0x48,0x90,0x7F,0xF0,0x41,0x00,0x7D,0x30,0x41,0xC0,0x4D,0x08,0x70,0xF8,0x10,
0x40,0xFF,0xF8,0x10,0x40,0x00,0x00,0x09,0x00,0x49,0xF0,0x4A,0x40,0x4C,0x20,0x08,0x10,0x3F,0xE0,0x25,
0x20,0x25,0x20,0x25,0x20,0xFF,0xF8,0x08,0x80,0xFF,0xF8,0x08,0x80,0x20,0x10,0x7E,0x50,0x84,0x50,0x7F,
0x50,0x49,0x50,0x7F,0x50,0x49,0x50,0x7F,0x50,0x00,0x10,0x0F,0x10,0xF0,0x70,0x08,0x80,0xFF,0xF8,0x0A,
0x80,0x47,0xF0,0x2A,0x20,0x21,0xC0,0x0E,0xB8,0xE3,0xE0,0x20,0x80,0x27,0xF0,0x20,0x80,0x2F,0xF8,0x50,
0x80,0x8F,0xF8,0x10,0x40,0xFF,0xF8,0x10,0x40,0x00,0x00,0x7F,0xF0,0x48,0x90,0x7F,0xF0,0x02,0x40,0x7F,
0xF8,0x42,0x20,0x61,0x40,0x50,0x88,0x43,0x68,0x8C,0x18,0x08,0x80,0xFF,0xF8,0x08,0x80,0x1F,0xC0,0x14,
0x40,0x12,0x40,0x7F,0xF0,0x48,0x90,0x7F,0xF0,0x00,0x00,0x3F,0xE0,0x10,0x40,0x0F,0x80,0xF0,0x78,0x10,
0x40,0xFF,0xF8,0x12,0x40,0x01,0x00,0x7F,0xF8,0x48,0x20,0x48,0x20,0x7F,0xF8,0x48,0x20,0x48,0x20,0x4F,
0xE0,0x40,0x00,0x54,0x90,0x92,0x48,0x08,0x80,0xFF,0xF8,0x08,0x80,0x00,0x00,0x7E,0x10,0x42,0x10,0x7E,
0xF8,0x40,0x10,0x5C,0x90,0x40,0x50,0x7E,0x50,0x48,0x10,0xAA,0x10,0x59,0x70,0x08,0x80,0xFF,0xF8,0x28,
0x80,0x3D,0xF0,0x45,0x10,0xA8,0xA0,0x50,0x40,0x2F,0xA0,0x40,0x18,0xBF,0xE0,0x02,0x00,0x12,0x40,0x22,
0x20,0x4E,0x10,0x08,0x80,0xFF,0xF8,0x08,0x80,0x7F,0xF0,0x02,0x00,0x23,0xF0,0x22,0x00,0xFF,0xF8,0x10,
0x00,0x1F,0xF0,0x20,0x00,0x3F,0xF0,0x00,0x10,0x55,0x70,0x08,0x80,0xFF,0xF8,0x08,0x80,0x00,0x40,0xFB,
0xF0,0x10,0x80,0x21,0x20,0xBB,0xF0,0xA0,0x10,0xA2,0xA0,0xA2,0xA0,0xBA,0xA0,0xC4,0xA8,0x08,0x18,0x08,
0x80,0xFF,0xF8,0x0A,0x80,0x7F,0xF0,0x12,0x40,0xFF,0xF8,0x00,0x00,0x7F,0xF0,0x40,0x10,0x4F,0x90,0x48,
0x90,0x4F,0x90,0x40,0x10,0x7F,0xF0,0x08,0x80,0xFF,0xF8,0x08,0x80,0x47,0xF0,0x24,0x10,0x07,0xF0,0xE4,
0x10,0x27,0xF0,0x22,0x00,0x27,0xF8,0x28,0x88,0x35,0x48,0x27,0xE8,0x00,0x30,0x08,0x80,0x08,0x80,0xFF,
0xF8,0x08,0x80,0x10,0x40,0x92,0x40,0x54,0x78,0xFE,0x90,0x92,0x50,0xBA,0x50,0xD6,0x50,0x92,0x20,0x92,
0x50,0x86,0x88,0x10,0x40,0xFF,0xF8,0x10,0x40,0x02,0x00,0x11,0x00,0x3F,0xF8,0x61,0x00,0xBF,0xF0,0x21,
0x00,0x3F,0xF0,0x21,0x00,0x3F,0xF8,0x48,0x90,0x84,0x48,0x10,0x40,0x10,0x40,0xFF,0xF8,0x10,0x40,0x04,
0x00,0x52,0x20,0x50,0x90,0x8F,0x90,0x20,0x40,0x10,0x20,0x25,0x80,0xA2,0x90,0xAA,0xA8,0x18,0x60,0x08,
0x80,0xFF,0xF8,0x08,0x80,0x00,0x00,0x23,0xE0,0x22,0x20,0x4B,0xE0,0xF2,0x20,0x23,0xE0,0x40,0x00,0xF7,
0xF0,0x05,0x50,0x35,0x50,0xCF,0xF8,0x10,0x40,0xFF,0xF8,0x10,0x40,0x3F,0xE0,0x02,0x00,0xFF,0xF8,0x82,
0x08,0x3A,0xE0,0x00,0x00,0x7F,0xF0,0x42,0x10,0x7F,0xF0,0x42,0x10,0x7F,0xF0,0x08,0x80,0xFF,0xF8,0x08,
0xA0,0x07,0xF8,0x40,0x80,0x27,0xF0,0x14,0x90,0x87,0xF0,0x44,0x90,0x17,0xF0,0x24,0x90,0x2F,0xF8,0x42,
0x20,0x41,0x60,0x10,0x40,0xFF,0xF8,0x10,0x40,0x04,0x00,0x55,0x40,0x5F,0x40,0xA0,0x78,0x2E,0x90,0x40,
0x50,0xCE,0x50,0x4A,0x50,0x4B,0x20,0x4A,0x50,0x50,0x88,0x08,0x80,0xFF,0xF8,0x08,0x80,0x20,0x40,0x7B,
0xF8,0x49,0x10,0x48,0xA0,0x7B,0xF8,0x40,0x40,0x7C,0x40,0x47,0xF8,0x44,0x40,0x7C,0x40,0x44,0x40,0x08,
0x80,0xFF,0xF8,0x28,0x80,0x10,0x18,0x7C,0xE0,0x44,0x80,0x28,0x80,0xFE,0xF8,0x10,0x90,0x7C,0x90,0x10,
0x90,0x54,0x90,0x93,0x10,0x32,0x10,0x10,0x40,0xFF,0xF8,0x10,0x40,0x7F,0xF0,0x48,0x90,0x7F,0xF0,0x04,
0x00,0x3F,0xD0,0x04,0x20,0xFF,0xF8,0x03,0x00,0x1F,0xE0,0xF2,0x20,0x1F,0xE0,0x08,0x80,0xFF,0xF8,0x08,
0x80,0x21,0x20,0xFB,0xF0,0x21,0x20,0x77,0xF8,0x20,0x00,0xFB,0xF0,0x22,0x10,0x73,0xF0,0xAA,0x10,0x23,
0xF0,0x22,0x10,0x08,0x80,0xFF,0xF8,0x08,0x90,0x00,0x48,0x1F,0xF8,0x50,0x40,0x57,0xD0,0x75,0x50,0x17,
0xD0,0xF4,0xD0,0x57,0xA0,0x95,0x28,0x27,0xD8,0x40,0x88,0x10,0x40,0xFF,0xF8,0x10,0x40,0x20,0x40,0xD4,
0x80,0x4B,0xF0,0x32,0x10,0xD3,0xF0,0x2A,0x10,0x4B,0xF0,0x99,0x20,0x29,0x20,0xCA,0x28,0x34,0x18,0x08,
0x80,0xFF,0xF8,0x08,0x80,0x23,0xF0,0xFA,0x90,0x23,0xF0,0x72,0x90,0x23,0xF0,0xF8,0x80,0x27,0xF8,0x74,
0xA8,0xAD,0xE8,0x24,0x28,0x24,0x18,0x08,0x80,0xFF,0xF8,0x08,0x80,0x7A,0x48,0x49,0x50,0x4B,0xF8,0x78,
0x80,0x4F,0xF8,0x49,0x10,0x7A,0x48,0x4D,0x50,0x48,0xE0,0x49,0x50,0x98,0xC0,0x08,0x80,0xFF,0xF8,0x08,
0xA0,0x03,0xC0,0x44,0x90,0x22,0xA0,0x0F,0xF8,0x82,0xA0,0x44,0x10,0x1F,0xF8,0x24,0x90,0x27,0xF0,0x44,
0x90,0x47,0xF0,0x10,0x40,0xFF,0xF8,0x10,0x40,0x43,0xE0,0x22,0x20,0x13,0xE0,0x80,0x00,0x47,0x70,0x05,
0x50,0x17,0x70,0x20,0x80,0x2F,0xF8,0x42,0xA0,0x4C,0x98,0x10,0x40,0xFF,0xF8,0x12,0x40,0x7F,0xF8,0x48,
0x40,0x5D,0xF0,0x48,0xE0,0x5D,0x58,0x68,0x40,0x5F,0xF0,0x48,0x00,0x5F,0xE0,0xA8,0x20,0x0F,0xE0,0x08,
0x80,0xFF,0xF8,0x08,0x80,0x01,0x40,0xF9,0x20,0x23,0xF8,0xFE,0x40,0xAB,0xF0,0xDA,0x40,0x8B,0xF0,0xFA,
0x40,0x8B,0xF8,0xF8,0x00,0x8A,0xA8,0x02,0x00,0x03,0xE0,0x02,0x00,0x3F,0xF8,0x22,0x08,0x23,0xC0,0x2E,
0x10,0x21,0xF0,0x20,0x00,0x27,0xC0,0x24,0x40,0x44,0x40,0x48,0x48,0x90,0x38,0x02,0x00,0x03,0xE0,0x02,
0x00,0x3F,0xF8,0x22,0x08,0x23,0xC0,0x2E,0x10,0x21,0xF0,0x22,0x00,0x2F,0xF0,0x22,0x10,0x44,0x10,0x48,
0x10,0x90,0x60,0x02,0x00,0x03,0xE0,0x02,0x00,0x3F,0xF8,0x22,0x08,0x23,0xC0,0x2E,0x10,0x21,0xF0,0x20,
0x00,0x27,0xF0,0x24,0x00,0x5F,0xF8,0x44,0x00,0x87,0xF0,0x02,0x00,0x03,0xE0,0x02,0x00,0x3F,0xF8,0x22,
0x08,0x23,0xC0,0x2E,0x10,0x21,0xF0,0x20,0x00,0x21,0x00,0x20,0x90,0x4A,0x88,0x4A,0x28,0x91,0xE0,0x02,
0x00,0x03,0xE0,0x02,0x00,0x3F,0xF8,0x22,0x08,0x23,0xC0,0x2E,0x10,0x21,0xF0,0x20,0x00,0x22,0x40,0x2A,
0x50,0x46,0x60,0x42,0x40,0x9F,0xF8,0x02,0x00,0x03,0xF0,0x02,0x00,0x3F,0xF8,0x22,0x08,0x2F,0xE0,0x22,
0x10,0x27,0xF0,0x24,0x20,0x2F,0xF0,0x21,0x00,0x5F,0xF8,0x42,0x40,0x9C,0x38,0x02,0x00,0x02,0x00,0x02,
0x00,0x7F,0xF0,0x42,0x10,0x42,0x10,0x42,0x10,0x42,0x10,0x7F,0xF0,0x02,0x00,0x02,0x20,0x02,0x10,0xFF,
0xF8,0x00,0x08,0x7F,0xC0,0x00,0x40,0x07,0x40,0x78,0x40,0x08,0x40,0x7F,0x40,0x49,0x40,0x49,0x40,0x7F,
0x40,0x08,0x20,0x09,0x28,0xFF,0x98,0x00,0x88,0x10,0x00,0x10,0x00,0x11,0xF0,0x7C,0x40,0x54,0x40,0x54,
0x40,0x54,0x40,0x54,0x40,0x7C,0x40,0x10,0x40,0x14,0x40,0x1C,0x40,0xE4,0x40,0x03,0xF8,0x3F,0xE0,0x20,
0x20,0x20,0x20,0x3F,0xE0,0x02,0x00,0x02,0x00,0x7F,0xF0,0x42,0x10,0x42,0x10,0x7F,0xF0,0x02,0x00,0x02,
0x10,0xFF,0xF8,0x00,0x08,0x20,0x00,0x27,0xF8,0x20,0x80,0xF8,0x80,0xA8,0x80,0xA8,0xA0,0xA8,0x90,0xA8,
0x88,0xF8,0x88,0x20,0x80,0x28,0x80,0x3C,0x80,0xE4,0x80,0x00,0x80,0x20,0x40,0x20,0x40,0x38,0x40,0x4B,
0xF8,0x52,0x48,0x82,0x48,0x22,0x48,0x22,0x48,0x23,0xF8,0x20,0x40,0x20,0x50,0x28,0x48,0x37,0xF8,0x20,
0x08,0x10,0x80,0x10,0x40,0x10,0x50,0x7D,0x10,0x55,0x10,0x55,0x10,0x55,0x10,0x54,0xA0,0x7C,0xA0,0x10,
0x40,0x14,0x40,0x1C,0xA0,0xE5,0x10,0x02,0x08,0x20,0x00,0x27,0xE0,0x20,0x20,0xFA,0x20,0xAA,0x20,0xAA,
0x20,0xAB,0xF8,0xA8,0x08,0xF8,0x08,0x27,0xE8,0x28,0x08,0x3C,0x08,0xE4,0x08,0x00,0x30,0x20,0x80,0x20,
0x40,0x20,0x40,0xFB,0xF8,0xA9,0x10,0xA9,0x10,0xA9,0x10,0xA9,0x10,0xF8,0xA0,0x20,0xA0,0x28,0x40,0x38,
0xA0,0xE9,0x10,0x06,0x08,0x20,0x40,0x20,0x40,0x20,0x40,0xFB,0xF8,0xA8,0x40,0xA8,0x40,0xA9,0xF0,0xA8,
0x40,0xF8,0x40,0x23,0xF8,0x28,0x40,0x3C,0x40,0xE4,0x40,0x00,0x40,0x20,0x10,0x23,0xD0,0x20,0x50,0xF8,
0x50,0xAB,0xD0,0xAA,0x10,0xAA,0x10,0xAA,0x10,0xFB,0xD0,0x20,0x50,0x28,0x50,0x38,0x50,0xE8,0x50,0x01,
0x90,0x3F,0xE0,0x02,0x00,0xFF,0xF8,0x05,0x00,0x08,0x80,0x32,0x60,0xC2,0x18,0x3F,0xE0,0x22,0x20,0x22,
0x20,0x3F,0xE0,0x02,0x10,0xFF,0xF8,0x00,0x08,0x20,0x00,0x23,0xF0,0x20,0x20,0xF9,0x20,0xA9,0x20,0xAA,
0x20,0xAB,0xF8,0xA8,0x60,0xF8,0xA0,0x20,0xA0,0x29,0x20,0x3A,0x20,0xEC,0x20,0x00,0xE0,0x20,0x20,0x20,
0xA0,0x20,0xA0,0xF8,0xA0,0xA9,0x10,0xA9,0x10,0xAA,0x48,0xA8,0x40,0xF8,0x40,0x20,0x80,0x28,0x90,0x39,
0x08,0xEB,0xF8,0x00,0x08,0x7F,0xE0,0x12,0x40,0x08,0x80,0x07,0x00,0x18,0xC0,0xE0,0x38,0x02,0x00,0x3F,
0xE0,0x22,0x20,0x22,0x20,0x3F,0xE0,0x02,0x00,0x02,0x10,0xFF,0xF8,0x20,0x20,0x21,0x20,0x20,0xA0,0xF8,
0xA0,0xAA,0x20,0xA9,0x20,0xA9,0x20,0xA8,0x38,0xFB,0xE0,0x20,0x20,0x28,0x20,0x3C,0x20,0xE4,0x20,0x00,
0x20,0x20,0x00,0x20,0x30,0x23,0xC0,0xFA,0x00,0xAA,0x00,0xAA,0x00,0xAB,0xF8,0xAA,0x20,0xFA,0x20,0x22,
0x20,0x2A,0x20,0x3A,0x20,0xEA,0x20,0x07,0xF8,0x20,0x80,0x20,0x40,0x20,0x00,0xFB,0xF8,0xA8,0x40,0xA8,
0x40,0xA8,0x40,0xA8,0x40,0xF9,0xF0,0x20,0x40,0x28,0x40,0x38,0x40,0xE8,0x40,0x03,0xF8,0x20,0x00,0x23,
0xF0,0x22,0x10,0xFA,0x10,0xAA,0x10,0xAB,0xF0,0xAA,0x10,0xAA,0x10,0xFA,0x10,0x23,0xF0,0x2A,0x10,0x3A,
0x10,0xEA,0x10,0x07,0xF8,0x20,0x80,0x20,0x40,0x23,0xF8,0xFA,0x08,0xA8,0x00,0xA9,0x00,0xA9,0x08,0xA9,
0x30,0xF9,0xC0,0x21,0x00,0x29,0x00,0x3D,0x08,0xE5,0x08,0x00,0xF8,0x02,0x00,0x02,0x00,0x3F,0xE0,0x22,
0x20,0x3F,0xE0,0x02,0x10,0xFF,0xF8,0x00,0x08,0x3F,0xE0,0x25,0x20,0x25,0x20,0x25,0x20,0x25,0x20,0xFF,
0xF8,0xFF,0xF8,0x02,0x10,0x12,0x00,0x13,0xE0,0x2A,0x00,0x47,0xF8,0x82,0x00,0x3F,0xE0,0x22,0x20,0x3F,
0xE0,0x02,0x10,0xFF,0xF8,0x00,0x08,0x20,0x00,0x23,0xF8,0x22,0x08,0xFA,0x08,0xAA,0xE8,0xAA,0xA8,0xAA,
0xA8,0xAA,0xA8,0xFA,0xA8,0x22,0xE8,0x2A,0x08,0x3A,0x08,0xEB,0xF8,0x02,0x08,0x20,0x40,0x20,0x40,0x23,
0xF0,0xF8,0x40,0xA8,0x40,0xAB,0xF8,0xA8,0x00,0xA8,0x40,0xF8,0x40,0x23,0xF0,0x28,0x40,0x38,0x40,0xE8,
0x40,0x03,0xF8,0x20,0x40,0x21,0x40,0x21,0x40,0xF9,0xF0,0xAA,0x40,0xA8,0x40,0xAB,0xF8,0xA8,0x40,0xF8,
0xE0,0x20,0xE0,0x29,0x50,0x39,0x50,0xEA,0x48,0x00,0x40,0x20,0x40,0x20,0x40,0x20,0xA0,0xF9,0x10,0xAA,
0x08,0xA9,0xF0,0xA8,0x00,0xA8,0x00,0xF9,0xF0,0x21,0x10,0x29,0x10,0x3D,0x10,0xE5,0xF0,0x01,0x10,0x04,
0x00,0x02,0x00,0xFF,0xF8,0x28,0xA0,0x48,0x90,0x88,0x88,0x02,0x00,0x3F,0xE0,0x22,0x20,0x22,0x20,0x3F,
0xE0,0x02,0x00,0x02,0x10,0xFF,0xF8,0x21,0x00,0xFB,0xE0,0x21,0x20,0x3B,0x20,0xE1,0x28,0x22,0x98,0x64,
0x08,0x02,0x00,0x3F,0xE0,0x22,0x20,0x3F,0xE0,0x02,0x10,0xFF,0xF8,0x00,0x08,0x20,0x00,0x23,0xF8,0x20,
0x90,0xF8,0x60,0xAB,0xF8,0xAA,0x48,0xAA,0x48,0xAB,0xF8,0xFA,0x48,0x22,0x48,0x2B,0xF8,0x3A,0x48,0xEA,
0x48,0x02,0x18,0x20,0x20,0x20,0xB0,0x23,0x28,0xF9,0x20,0xA9,0x20,0xAB,0xF8,0xA9,0x20,0xA9,0x28,0xF9,
0xA8,0x23,0x30,0x29,0x60,0x39,0xA8,0xE9,0x18,0x03,0x08,0x7F,0xF0,0x48,0x90,0x48,0x90,0x7F,0xF0,0x10,
0x00,0x3F,0xF0,0x44,0x10,0xBF,0x90,0x24,0x90,0x24,0x90,0x3F,0x90,0x04,0x90,0x7F,0xD0,0x00,0x60,0x21,
0x00,0x21,0xF0,0x22,0x10,0xFD,0x20,0xA8,0xC0,0xAB,0x38,0xA8,0x40,0xA9,0xF0,0xF8,0x40,0x21,0xF0,0x28,
0x40,0x3B,0xF8,0xE8,0x40,0x00,0x40,0x23,0xF0,0x22,0x10,0x22,0x10,0xFB,0xF0,0xA8,0x00,0xA8,0x00,0xAB,
0xF0,0xA8,0x40,0xF8,0x40,0x23,0xF8,0x28,0x40,0x38,0xA0,0xE9,0x10,0x02,0x08,0x20,0x00,0x27,0x08,0x21,
0x70,0xFA,0x10,0xAA,0x10,0xAC,0x58,0xAF,0x50,0xA9,0x50,0xF9,0x50,0x21,0x50,0x2D,0x78,0x3A,0x00,0xED,
0x80,0x08,0x78,0x20,0x08,0x23,0xB0,0x20,0x90,0xF9,0x10,0xA9,0x10,0xAA,0x38,0xAB,0x90,0xA8,0x90,0xF8,
0x90,0x22,0x90,0x2A,0xB8,0x39,0x00,0xEA,0x80,0x04,0x78,0x22,0x10,0x21,0x10,0x21,0x20,0xFB,0xF0,0xAA,
0x10,0xAA,0x10,0xAA,0x10,0xAB,0xF0,0xF9,0x20,0x21,0x20,0x29,0x20,0x39,0x28,0xEA,0x28,0x04,0x18,0x20,
0x00,0x21,0xF0,0x21,0x10,0xF9,0x10,0xA9,0xF0,0xA8,0x40,0xA8,0x40,0xAB,0xF8,0xFA,0x48,0x22,0xA8,0x2B,
0x18,0x3A,0x08,0xEA,0x08,0x02,0x38,0x22,0x00,0x22,0x00,0x23,0xB8,0xFD,0x28,0xA9,0x28,0xA9,0x28,0xA9,
0x28,0xAF,0xA8,0xF9,0x28,0x21,0x28,0x29,0x28,0x3A,0xB8,0xEA,0xA8,0x04,0x00,0x02,0x00,0xFF,0xF8,0x84,
0x08,0x52,0x50,0x50,0x88,0x97,0x08,0x18,0x20,0xEF,0xE0,0x02,0x00,0x3F,0xE0,0x22,0x20,0x3F,0xE0,0x02,
0x10,0xFF,0xF8,0x21,0x20,0x21,0x20,0x23,0xF0,0xF9,0x20,0xA9,0x20,0xAF,0xF8,0xA8,0x00,0xAB,0xF0,0xFA,
0x10,0x22,0x10,0x2B,0xF0,0x3A,0x10,0xEA,0x10,0x03,0xF0,0x20,0x40,0x23,0xF0,0x20,0x40,0xFB,0xF0,0xA8,
0x40,0xAB,0xF8,0xA8,0x00,0xAB,0xF0,0xFA,0x10,0x23,0xF0,0x2A,0x10,0x3B,0xF0,0xEA,0x10,0x02,0x70,0x20,
0x00,0x21,0xF0,0x21,0x10,0xF9,0x10,0xA9,0xF0,0xA8,0x40,0xAB,0xF8,0xAA,0x48,0xFB,0xF8,0x22,0x48,0x2B,
0xF8,0x3A,0x40,0xE8,0x48,0x00,0x38,0x21,0x10,0x20,0xA0,0x23,0xF8,0xFA,0x48,0xAA,0x48,0xAB,0xF8,0xAA,
0x48,0xAA,0x48,0xFB,0xF8,0x20,0x40,0x28,0x40,0x3B,0xF8,0xE8,0x40,0x00,0x40,0x20,0x10,0x21,0x90,0x27,
0x50,0xF9,0x30,0xA9,0x10,0xAF,0xD0,0xA9,0x30,0xAB,0x10,0xFB,0x98,0x25,0x70,0x2D,0x10,0x39,0x10,0xE9,
0x10,0x01,0x10,0x20,0x00,0x23,0xF0,0x22,0x10,0xFB,0xF0,0xAA,0x10,0xAB,0xF0,0xA9,0x00,0xAB,0xF8,0xFC,
0x48,0x22,0xA8,0x2A,0x08,0x3B,0xE8,0xE8,0x08,0x00,0x30,0x20,0x80,0x21,0x00,0x23,0xF0,0xFA,0x10,0xAB,
0xF0,0xAA,0x10,0xAB,0xF0,0xA8,0x00,0xFB,0xF0,0x20,0x80,0x2B,0xF0,0x38,0x80,0xE8,0x80,0x07,0xF8,0x20,
0x80,0x20,0x40,0x23,0xF8,0xFA,0x08,0xAA,0x08,0xAB,0xF8,0xAA,0x00,0xAB,0xF8,0xFE,0xA8,0x26,0xA8,0x2B,
0xF8,0x3A,0xA8,0xEA,0xA8,0x02,0x18,0x20,0x00,0x23,0xF8,0x20,0x00,0xF9,0xF0,0xA9,0x10,0xA9,0x10,0xA9,
0xF0,0xA8,0x00,0xFB,0xF8,0x22,0x48,0x2B,0xF8,0x3A,0x48,0xEB,0xF8,0x02,0x08,0x21,0x00,0x21,0x38,0x21,
0x28,0xFB,0xA8,0xA9,0x28,0xA9,0x38,0xAB,0xA8,0xAA,0xA8,0xFA,0xB8,0x22,0xA8,0x2A,0xA8,0x3B,0xA8,0xEA,
0x48,0x00,0x98,0x20,0x50,0x21,0x50,0x23,0xF8,0xF9,0x50,0xA9,0x70,0xA9,0x00,0xA9,0xF8,0xA8,0x40,0xFB,
0xF8,0x20,0x40,0x28,0xE0,0x39,0x50,0xEA,0x48,0x00,0x40,0x20,0x80,0x20,0x40,0x23,0xF8,0xF9,0x10,0xA8,
0xA0,0xAB,0xF8,0xAA,0x08,0xA8,0x40,0xFB,0xF8,0x20,0x80,0x28,0xF0,0x39,0x10,0xE9,0x10,0x02,0x60,0x00,
0x20,0xFE,0x20,0x00,0x20,0x7C,0xF8,0x44,0xA8,0x7C,0xA8,0x00,0xA8,0xFE,0xA8,0xAA,0xF8,0x92,0x20,0xFE,
0x20,0x92,0x28,0x92,0xF8,0x96,0x08,0x20,0x00,0x27,0xF8,0x24,0x08,0xFB,0xF0,0xAA,0x10,0xAB,0xF0,0xAA,
0x10,0xAB,0xF0,0xF8,0x80,0x20,0x40,0x2F,0xF8,0x38,0x00,0xEA,0x10,0x04,0x08,0x20,0x00,0x23,0xF8,0x22,
0x48,0xFB,0xF8,0xAA,0x48,0xAB,0xF8,0xA8,0x80,0xA9,0x10,0xF9,0xE0,0x20,0x88,0x2B,0xF8,0x38,0x40,0xE9,
0x50,0x02,0xC8,0x21,0x00,0x20,0x80,0x27,0xF0,0xF8,0x80,0xA9,0x20,0xAD,0xC8,0xAA,0x90,0xAD,0x48,0xF9,
0xE0,0x20,0x80,0x2F,0xF8,0x38,0x80,0xE8,0x80,0x00,0x80,0x21,0x20,0x21,0x20,0x23,0xF8,0xF9,0x20,0xAB,
0xF0,0xAA,0x10,0xAB,0xF0,0xAA,0x10,0xFB,0xF0,0x20,0x80,0x2F,0xF8,0x39,0x40,0xEA,0x20,0x0C,0x18,0x20,
0x38,0x23,0xC0,0x22,0x48,0xF9,0x50,0xAB,0xF8,0xA8,0xE0,0xA9,0x50,0xAA,0x48,0xF8,0x80,0x20,0x40,0x2A,
0x50,0x3D,0x08,0xE9,0x28,0x00,0xE0,0x20,0x00,0x3D,0xF0,0x48,0x90,0xFD,0x70,0x55,0x40,0x7F,0xF0,0x54,
0x40,0x7D,0xF8,0x56,0x40,0xBF,0xE0,0x22,0x20,0x3F,0xE0,0x02,0x10,0xFF,0xF8,0x23,0xF8,0x20,0x40,0x23,
0xF8,0xFA,0x48,0xA9,0x50,0xA8,0x40,0xAB,0x58,0xA8,0x00,0xFB,0xF8,0x20,0x40,0x2B,0xF8,0x3A,0xA8,0xEA,
0xA8,0x02,0x18,0x02,0x00,0x7F,0xF0,0x04,0x00,0x3F,0xE0,0x08,0x00,0xFF,0xF8,0x28,0xA0,0xCF,0x98,0x18,
0xC0,0x7F,0xF0,0x55,0x50,0x7D,0xF0,0x12,0x48,0xFF,0xF8,0x02,0x00,0x02,0x00,0x04,0x00,0x7F,0xF0,0x48,
0x90,0x48,0x90,0x48,0x90,0x48,0x90,0x48,0x90,0x48,0x90,0x48,0x90,0x48,0x90,0x48,0x90,0xFF,0xF8,0x10,
0x20,0x10,0x20,0x20,0xA8,0xFE,0x70,0xAA,0x20,0xAA,0x70,0xAA,0x20,0xAA,0x20,0xAA,0xF8,0xAA,0x20,0xAA,
0x20,0xAF,0x20,0xF0,0x20,0x00,0x20,0x10,0x00,0x23,0xF0,0x40,0x00,0x90,0x00,0x10,0x00,0x27,0xF8,0x60,
0x40,0xA0,0x40,0x20,0x40,0x20,0x40,0x20,0x40,0x20,0x40,0x20,0x40,0x21,0xC0,0x10,0x00,0x22,0x38,0x41,
0x00,0x90,0x00,0x10,0x00,0x24,0x78,0x62,0x10,0xA0,0x10,0x20,0x10,0x22,0x10,0x22,0x10,0x24,0x10,0x24,
0x10,0x20,0x70,0x12,0x00,0x22,0x38,0x43,0x80,0x94,0x00,0x18,0x00,0x27,0x78,0x62,0x10,0xA2,0x10,0x2F,
0x90,0x22,0x10,0x22,0x90,0x23,0x10,0x22,0x10,0x20,0x70,0x12,0x00,0x22,0x38,0x4F,0x80,0x92,0x00,0x12,
0x00,0x2F,0xF8,0x60,0x10,0xA2,0x10,0x2F,0x90,0x22,0x10,0x22,0x10,0x23,0x10,0x2C,0x10,0x20,0x70,0x20,
0x00,0x4F,0xB8,0x82,0x00,0x22,0x00,0x2F,0x00,0x45,0x78,0xC5,0x10,0x5F,0xD0,0x40,0x10,0x4F,0x10,0x49,
0x10,0x49,0x10,0x4F,0x10,0x49,0x70,0x24,0x00,0x47,0xB8,0x89,0x00,0x02,0x00,0x2F,0x80,0x4A,0xB8,0xCF,
0x90,0x4A,0x90,0x4F,0x90,0x42,0x10,0x5F,0x90,0x42,0x10,0x45,0x10,0x48,0xB0,0x04,0x00,0x02,0x00,0x02,
0x00,0xFF,0xF8,0x04,0x00,0x04,0x00,0x0A,0x10,0x12,0x20,0x31,0x40,0x50,0x80,0x90,0x40,0x14,0x20,0x18,
0x18,0x10,0x00,0x40,0x80,0x20,0x80,0x00,0x80,0xF8,0x80,0x10,0xC0,0x20,0xA0,0x28,0x90,0x70,0x88,0xA8,
0x88,0x28,0x80,0x20,0x80,0x20,0x80,0x20,0x80,0x20,0x80,0x02,0x00,0x02,0x00,0x7F,0xF0,0x02,0x00,0x3F,
0xE0,0x02,0x00,0xFF,0xF8,0x05,0x00,0x09,0x10,0x18,0xA0,0x28,0x40,0xCA,0x20,0x0C,0x18,0x08,0x00,0x40,
0x20,0x20,0x20,0x00,0x40,0xF8,0x90,0x11,0x10,0x20,0x20,0x28,0x40,0x70,0x80,0xA9,0x10,0x28,0x10,0x20,
0x20,0x20,0x40,0x20,0x80,0x23,0x00,0x40,0x20,0x20,0x20,0x00,0x20,0xFB,0xF8,0x10,0x20,0x20,0x20,0x2A,
0x20,0x71,0x20,0xA9,0x20,0x28,0x20,0x20,0x20,0x20,0x20,0x20,0x20,0x20,0xE0,0x04,0x00,0x02,0x00,0xFF,
0xF8,0x00,0x00,0x3F,0xE0,0x20,0x20,0xFF,0xF8,0x20,0x20,0x3F,0xE8,0x05,0x10,0x08,0xA0,0x38,0x40,0xCA,
0x20,0x0C,0x18,0x04,0x00,0x02,0x00,0xFF,0xF8,0x02,0x00,0x3F,0xE0,0x22,0x20,0x22,0x20,0x3F,0xE0,0x02,
0x08,0x05,0x10,0x08,0xA0,0x38,0x40,0xCA,0x20,0x0C,0x18,0x02,0x00,0x02,0x00,0x3F,0xE0,0x02,0x00,0xFF,
0xF8,0x00,0x00,0x3F,0xE0,0x20,0x20,0x3F,0xE0,0x09,0x10,0x18,0xA0,0x2A,0x40,0xCC,0x20,0x08,0x18,0x40,
0x00,0x20,0x30,0x03,0xC0,0xF0,0x40,0x10,0x40,0x20,0x40,0x2B,0xF8,0x70,0x40,0xA8,0x40,0x20,0xA0,0x20,
0xA0,0x21,0x10,0x22,0x10,0x24,0x08,0x12,0x40,0x12,0x20,0x22,0x78,0x6F,0x80,0xA0,0x88,0x20,0x68,0x24,
0x18,0x02,0x00,0xFF,0xF8,0x0A,0x20,0x19,0x40,0x28,0x80,0xCA,0x60,0x0C,0x18,0x41,0x00,0x21,0x00,0x03,
0xF0,0xF2,0x10,0x14,0x10,0x2B,0xD0,0x2A,0x50,0x72,0x50,0xAB,0xD0,0x22,0x10,0x22,0x60,0x22,0x08,0x22,
0x08,0x21,0xF8,0x40,0x00,0x23,0xF0,0x02,0x10,0xF2,0x10,0x12,0x10,0x23,0xF0,0x2A,0x10,0x72,0x10,0xAA,
0x10,0x22,0x10,0x23,0xF0,0x20,0x00,0x20,0x00,0x27,0xF8,0x40,0x80,0x20,0x80,0x00,0x80,0xF7,0xF8,0x14,
0x88,0x24,0x88,0x2C,0x88,0x77,0xF8,0xAC,0x88,0x24,0x88,0x24,0x88,0x24,0x88,0x27,0xF8,0x24,0x08,0x40,
0x80,0x20,0x80,0x07,0xF8,0xF0,0x80,0x10,0x80,0x20,0x80,0x2B,0xF0,0x71,0xC0,0xAA,0xA0,0x22,0xA0,0x24,
0x90,0x28,0x88,0x20,0x80,0x20,0x80,0x40,0x40,0x20,0x40,0x03,0xF8,0xF2,0x48,0x12,0x50,0x22,0x40,0x2B,
0xF0,0x72,0x90,0xAA,0x90,0x22,0x90,0x22,0xA0,0x22,0x40,0x24,0xA0,0x29,0x18,0x04,0x80,0x04,0x40,0xFF,
0xF8,0x09,0x20,0x13,0xC0,0x2D,0x08,0xC4,0xF8,0x02,0x00,0xFF,0xF8,0x0A,0x20,0x19,0x40,0x28,0x80,0xCA,
0x60,0x0C,0x18,0x42,0x40,0x22,0x50,0x02,0x48,0xE4,0x48,0x24,0x40,0x4D,0xF8,0x54,0x40,0xE4,0x40,0x54,
0xA0,0x44,0xA0,0x44,0xA0,0x45,0x10,0x45,0x10,0x46,0x08,0x10,0x80,0x10,0xA0,0x7C,0x90,0x10,0x80,0xFF,
0xF8,0x20,0x80,0x10,0x90,0xFE,0x90,0x10,0xA0,0x2A,0xA0,0x64,0x48,0xA4,0xA8,0x31,0x18,0x22,0x08,0x7F,
0x10,0x10,0x50,0x3E,0x50,0x52,0x50,0x0C,0x10,0x74,0x30,0x02,0x00,0xFF,0xF8,0x0A,0x20,0x19,0x40,0x28,
0x80,0xCA,0x60,0x0C,0x18,0x10,0x80,0x90,0x80,0x57,0xF8,0x10,0x80,0x30,0x80,0xD3,0xF0,0x14,0x00,0x02,
0x00,0xFF,0xF8,0x0A,0x20,0x19,0x40,0x28,0x80,0xCA,0x60,0x0C,0x18,0x04,0x00,0x02,0x00,0xFF,0xF8,0x05,
0x00,0x08,0x90,0x38,0x60,0xCC,0x18,0x08,0x00,0x7F,0xF0,0x50,0x50,0x6F,0xB0,0x48,0x90,0x4F,0x90,0x40,
0x30,0x41,0x40,0x21,0x20,0x02,0x10,0xF4,0x90,0x10,0x80,0x21,0x40,0x2A,0x20,0x74,0x18,0xAB,0xE0,0x22,
0x20,0x22,0x20,0x22,0x20,0x23,0xE0,0x22,0x20,0x40,0x00,0x23,0xF0,0x00,0x90,0xF8,0x90,0x13,0xF8,0x20,
0x90,0x28,0x90,0x73,0xF0,0xA9,0x00,0x29,0xF0,0x23,0x10,0x25,0x10,0x21,0xF0,0x21,0x10,0x40,0x80,0x20,
0x40,0x07,0xF8,0xF4,0x40,0x14,0x40,0x25,0xF8,0x2C,0x80,0x75,0x20,0xAD,0xF8,0x24,0x20,0x24,0x20,0x2B,
0xF8,0x28,0x20,0x30,0x20,0x22,0x20,0x12,0x40,0xFF,0xF8,0x80,0x08,0x1F,0xC0,0x10,0x40,0x1F,0xC0,0x02,
0x00,0xFF,0xF8,0x0A,0x20,0x19,0x40,0x28,0x80,0xCA,0x60,0x0C,0x18,0x08,0x80,0x78,0xF0,0x08,0x80,0x38,
0xE0,0x08,0x80,0x78,0xF0,0x0C,0x80,0x02,0x00,0xFF,0xF8,0x0A,0x20,0x19,0x40,0x28,0x80,0xCA,0x60,0x0C,
0x18,0x40,0x00,0x27,0xF0,0x04,0x90,0xF7,0xF0,0x14,0x90,0x27,0xF0,0x28,0x80,0x77,0xF8,0xA8,0x80,0x21,
0xC0,0x22,0xA0,0x24,0x90,0x28,0x88,0x20,0x80,0x02,0x00,0xFF,0xF8,0x00,0x00,0x3F,0xE0,0x22,0x20,0x3F,
0xE0,0x22,0x20,0x3F,0xE0,0x02,0x00,0xFF,0xF8,0x26,0x20,0x49,0x50,0x38,0xC0,0xCC,0x38,0x42,0x20,0x22,
0x20,0x0F,0xA0,0xE2,0x20,0x22,0x30,0x4F,0xA8,0x50,0x28,0xE2,0x20,0x5F,0xA0,0x42,0x20,0x42,0x20,0x43,
0xA0,0x4E,0x20,0x40,0x20,0x40,0x00,0x27,0xE0,0x04,0x20,0xF7,0xE0,0x14,0x20,0x27,0xE0,0x2A,0x00,0x77,
0xF0,0xA8,0x90,0x25,0x50,0x24,0x10,0x27,0xD0,0x20,0x10,0x20,0x60,0x02,0x00,0xFF,0xF8,0x00,0x00,0x17,
0xF0,0x24,0x10,0x67,0xF0,0xA0,0x80,0x2F,0xF8,0x22,0xA0,0x24,0x90,0x06,0x20,0x09,0x40,0x38,0xC0,0xCC,
0x38,0x40,0x00,0x27,0xF8,0x04,0x00,0xF5,0xF0,0x14,0x00,0x27,0xF8,0x2D,0x50,0x75,0x20,0xAD,0x98,0x25,
0x20,0x27,0xF8,0x2A,0x20,0x31,0x20,0x20,0x60,0x40,0x00,0x20,0xF0,0x04,0x90,0xF2,0xF0,0x12,0x90,0x20,
0xF0,0x28,0xC8,0x76,0xA8,0xAA,0x90,0x22,0x90,0x22,0xC8,0x22,0x88,0x25,0x00,0x28,0xF8,0x02,0x00,0xFF,
0xF8,0x00,0x00,0x7D,0xF0,0x45,0x10,0x7D,0xF0,0x08,0x80,0x7F,0xF0,0x08,0x80,0x3F,0xE0,0x08,0x80,0xFF,
0xF8,0x18,0xD0,0xEC,0x38,0x42,0x20,0x22,0x20,0x0F,0x78,0xE2,0x20,0x27,0x70,0x4A,0xA8,0x52,0x20,0xE7,
0xF0,0x50,0x00,0x4F,0xF8,0x40,0x80,0x44,0x90,0x48,0x88,0x43,0x80,0xFF,0xF8,0x08,0x80,0x08,0x80,0x7F,
0xF0,0x48,0x90,0x48,0x90,0x48,0x90,0x48,0x90,0x50,0x70,0x60,0x10,0x40,0x10,0x7F,0xF0,0x40,0x10,0xFF,
0xF8,0x08,0x80,0x08,0x80,0x7F,0xF0,0x48,0x90,0x48,0x90,0x7F,0xF0,0x04,0x00,0xFF,0xF8,0x08,0x40,0x18,
0x80,0x07,0x00,0x18,0xE0,0xE0,0x10,0xFF,0xF8,0x08,0x80,0x7F,0xF0,0x48,0x90,0x7F,0xF0,0x24,0x00,0x4F,
0xF8,0x94,0x90,0x27,0xF0,0x62,0x00,0xA7,0xF0,0x2A,0x20,0x21,0xC0,0x2E,0x38,0x3F,0xE0,0x20,0x20,0x20,
0x20,0x22,0x20,0x22,0x20,0x22,0x20,0x22,0x20,0x22,0x20,0x25,0x20,0x25,0x20,0x09,0x00,0x11,0x08,0x21,
0x08,0xC0,0xF8,0x07,0xF0,0xF4,0x10,0x14,0x90,0x14,0x90,0x14,0x90,0x94,0x90,0x54,0x90,0x24,0x90,0x21,
0x40,0x51,0x40,0x52,0x48,0x84,0x48,0x08,0x38,0x10,0x00,0x11,0xF0,0x11,0x10,0x7D,0x10,0x11,0x50,0x11,
0x50,0xFD,0x50,0x11,0x50,0x11,0x50,0x28,0x40,0x24,0xA0,0x44,0xA0,0x81,0x28,0x02,0x18,0x00,0xF0,0x7F,
0x00,0x44,0x20,0x22,0x40,0x00,0x00,0x3F,0xE0,0x20,0x20,0x22,0x20,0x22,0x20,0x22,0x20,0x05,0x00,0x09,
0x00,0x31,0x08,0xC0,0xF8,0x40,0x00,0x27,0xF0,0x04,0x10,0xF4,0x90,0x14,0x90,0x24,0x90,0x34,0x90,0x6C,
0x90,0xA4,0x90,0x21,0x40,0x21,0x40,0x22,0x48,0x24,0x48,0x28,0x38,0x11,0x00,0x91,0x00,0x93,0xF0,0x94,
0x80,0x90,0x40,0x00,0x00,0x7F,0xC0,0x40,0x40,0x44,0x40,0x44,0x40,0x44,0x40,0x0A,0x00,0x32,0x10,0xC1,
0xF0,0x24,0x20,0x12,0x40,0x00,0x80,0xFF,0xF8,0x80,0x08,0x80,0x08,0x3F,0xE0,0x20,0x20,0x22,0x20,0x22,
0x20,0x22,0x20,0x05,0x00,0x19,0x08,0x60,0xF8,0x08,0x00,0x1F,0xC0,0x20,0x80,0x41,0x00,0xBF,0xF0,0x22,
0x10,0x22,0x10,0x3F,0xF0,0x22,0x10,0x22,0x10,0x3F,0xF0,0x42,0x10,0x42,0x10,0x80,0x70,0x20,0x00,0x39,
0xF0,0x48,0x90,0x90,0x90,0x7D,0x30,0x54,0x40,0x55,0x40,0x7D,0xF0,0x56,0x40,0x54,0x40,0x7F,0xF8,0x54,
0x40,0x54,0x40,0x8C,0x40,0x20,0x40,0x38,0x40,0x48,0x40,0x91,0xF0,0x7D,0x50,0x55,0x50,0x55,0x50,0x7D,
0x50,0x55,0xF0,0x54,0x40,0x7C,0x40,0x54,0x50,0x57,0xF8,0x8C,0x08,0x04,0x00,0x02,0x00,0xFF,0xF8,0x00,
0x00,0x3F,0xE0,0x00,0x00,0x3F,0xE0,0x00,0x00,0x3F,0xE0,0x20,0x20,0x20,0x20,0x20,0x20,0x3F,0xE0,0x20,
0x20,0x08,0x00,0x1F,0xC0,0x20,0x40,0x7F,0xF8,0xA9,0x20,0x3F,0xF0,0x20,0x08,0x2F,0xE0,0x20,0x00,0x2F,
0xE0,0x20,0x00,0x4F,0xE0,0x48,0x20,0x8F,0xE0,0x24,0x20,0x12,0x40,0xFF,0xF8,0x10,0x40,0x22,0x20,0x7F,
0xF0,0x80,0x08,0x3F,0xE0,0x00,0x00,0x3F,0xE0,0x00,0x00,0x3F,0xE0,0x20,0x20,0x3F,0xE0,0x12,0x40,0x7F,
0xF0,0x08,0x00,0xFF,0xF8,0x22,0x20,0x7F,0xF0,0x80,0x08,0x3F,0xE0,0x00,0x00,0x3F,0xE0,0x00,0x00,0x3F,
0xE0,0x20,0x20,0x3F,0xE0,0x10,0x30,0x7D,0xC0,0x11,0x00,0x19,0xF8,0x71,0x20,0x15,0x20,0x72,0x20,0xFF,
0xF8,0x00,0x00,0x3F,0xE0,0x00,0x00,0x3F,0xE0,0x20,0x20,0x3F,0xE0,0x24,0x40,0x7E,0xF8,0x25,0x10,0x7E,
0x90,0xAA,0x60,0x3A,0x98,0x06,0x00,0xFF,0xF8,0x00,0x00,0x3F,0xE0,0x00,0x00,0x3F,0xE0,0x20,0x20,0x3F,
0xE0,0x00,0x40,0x7D,0xF8,0x45,0x10,0x7C,0xA0,0x81,0xF8,0x7C,0x40,0x45,0xF0,0x7C,0x40,0x02,0x00,0xFF,
0xF8,0x00,0x00,0x3F,0xE0,0x20,0x20,0x3F,0xE0,0x40,0x80,0x20,0x80,0x20,0x80,0x00,0x80,0x00,0x80,0xEF,
0xF8,0x20,0x80,0x20,0x80,0x20,0x80,0x20,0x80,0x28,0x80,0x30,0x80,0x20,0x80,0x00,0x80,0x40,0x00,0x27,
0xF8,0x20,0x40,0x00,0x40,0x00,0x40,0xE0,0x40,0x20,0x40,0x20,0x40,0x20,0x40,0x20,0x40,0x28,0x40,0x30,
0x40,0x20,0x40,0x01,0xC0,0x40,0x80,0x20,0x80,0x20,0x80,0x00,0x80,0x00,0xC0,0xE0,0xA0,0x20,0x90,0x20,
0x88,0x20,0x88,0x20,0x80,0x28,0x80,0x30,0x80,0x20,0x80,0x00,0x80,0x40,0x80,0x20,0x80,0x20,0x80,0x00,
0x80,0xE0,0x80,0x20,0x80,0x20,0x80,0x21,0x40,0x21,0x40,0x29,0x40,0x32,0x20,0x22,0x20,0x04,0x10,0x08,
0x08,0x40,0x00,0x23,0xE0,0x22,0x20,0x02,0x20,0xE2,0x20,0x22,0x20,0x22,0x20,0x22,0x20,0x22,0x20,0x2A,
0x20,0x32,0x20,0x24,0x28,0x04,0x28,0x08,0x18,0x40,0x20,0x20,0x20,0x20,0x20,0x07,0xF8,0x00,0x20,0xE0,
0x20,0x22,0x20,0x21,0x20,0x21,0x20,0x20,0x20,0x28,0x20,0x30,0x20,0x20,0x20,0x00,0xE0,0x40,0x80,0x20,
0x80,0x20,0x80,0x00,0x80,0x00,0x80,0xE0,0xF0,0x20,0x80,0x20,0x80,0x20,0x80,0x20,0x80,0x28,0x80,0x30,
0x80,0x20,0x80,0x0F,0xF8,0x42,0x00,0x22,0x00,0x23,0xF8,0x04,0x00,0x08,0x00,0xE0,0x00,0x23,0xF0,0x20,
0x20,0x20,0x40,0x20,0x80,0x29,0x00,0x32,0x08,0x22,0x08,0x01,0xF8,0x44,0x08,0x24,0x88,0x24,0x88,0x04,
0x88,0xE4,0x88,0x24,0x88,0x24,0x88,0x24,0x88,0x24,0x88,0x2C,0x88,0x34,0x88,0x24,0x88,0x04,0x08,0x08,
0x08,0x41,0x00,0x20,0x80,0x20,0x90,0x04,0x10,0x04,0x10,0xE2,0x20,0x22,0x20,0x21,0x40,0x21,0x40,0x20,
0x80,0x29,0x40,0x32,0x20,0x24,0x10,0x08,0x08,0x40,0x00,0x2F,0xE0,0x22,0x20,0x02,0x20,0x02,0x20,0xE2,
0x20,0x2F,0xE0,0x22,0x20,0x22,0x20,0x22,0x28,0x2A,0x28,0x32,0x28,0x22,0x18,0x02,0x08,0x40,0x00,0x27,
0xF0,0x20,0x10,0x00,0x10,0x00,0x10,0xE0,0x10,0x27,0xF0,0x24,0x00,0x24,0x00,0x24,0x00,0x2C,0x00,0x34,
0x08,0x24,0x08,0x03,0xF8,0x41,0x20,0x21,0x20,0x21,0x20,0x07,0xF0,0x01,0x20,0xE1,0x20,0x21,0x20,0x2F,
0xF8,0x21,0x20,0x21,0x20,0x29,0x20,0x32,0x20,0x22,0x20,0x04,0x20,0x40,0x80,0x20,0x80,0x2F,0xF8,0x00,
0x80,0x00,0x80,0xE7,0xF0,0x20,0x80,0x20,0x80,0x2F,0xF8,0x20,0x88,0x28,0x88,0x30,0x88,0x20,0xB0,0x00,
0x80,0x40,0x00,0x27,0xF8,0x20,0x20,0x02,0x20,0xE2,0x20,0x24,0x20,0x27,0xF8,0x20,0xA0,0x21,0x20,0x29,
0x20,0x32,0x20,0x24,0x20,0x08,0x20,0x00,0xE0,0x42,0x00,0x22,0x00,0x27,0xF0,0x04,0x80,0x08,0x80,0xE0,
0x80,0x20,0x80,0x2F,0xF8,0x20,0x80,0x20,0x80,0x28,0x80,0x30,0x80,0x20,0x80,0x00,0x80,0x41,0x40,0x21,
0x40,0x22,0x48,0x02,0x48,0x06,0x50,0xEA,0x60,0x22,0x40,0x22,0xC0,0x23,0x40,0x22,0x40,0x2A,0x40,0x32,
0x48,0x22,0x48,0x02,0x38,0x40,0x80,0x20,0x80,0x21,0x40,0x01,0x40,0x02,0x20,0xE4,0x10,0x2A,0x08,0x22,
0x20,0x22,0x40,0x23,0x80,0x2A,0x00,0x32,0x10,0x22,0x10,0x01,0xF0,0x40,0x40,0x22,0x40,0x22,0x40,0x02,
0x20,0xE4,0x20,0x24,0x90,0x28,0x88,0x21,0x00,0x21,0x00,0x2A,0x40,0x32,0x20,0x24,0x20,0x0F,0xF0,0x00,
0x10,0x40,0x00,0x27,0xE0,0x24,0x20,0x04,0x20,0x06,0x60,0xE5,0x60,0x24,0xA0,0x24,0xA0,0x25,0x60,0x26,
0x68,0x24,0x28,0x34,0x28,0x28,0x18,0x10,0x08,0x40,0x00,0x23,0xE0,0x22,0x20,0x02,0x20,0x02,0x20,0xE4,
0x18,0x28,0x00,0x27,0xF0,0x22,0x10,0x22,0x20,0x29,0x40,0x30,0x80,0x23,0x60,0x0C,0x18,0x41,0x00,0x20,
0x80,0x20,0x00,0x0F,0xF8,0x02,0x00,0xE2,0x00,0x23,0xF0,0x22,0x10,0x22,0x10,0x22,0x10,0x2A,0x10,0x34,
0x10,0x24,0x10,0x08,0x60,0x41,0x00,0x21,0x00,0x27,0xF0,0x01,0x10,0x01,0x10,0xE1,0x10,0x21,0x10,0x2F,
0xF8,0x21,0x40,0x21,0x40,0x2A,0x20,0x32,0x20,0x24,0x10,0x08,0x08,0x40,0x00,0x27,0xF8,0x20,0x40,0x00,
0x40,0x00,0x40,0xE2,0x40,0x22,0x78,0x22,0x40,0x22,0x40,0x22,0x40,0x2A,0x40,0x32,0x40,0x22,0x40,0x0F,
0xF8,0x40,0x00,0x27,0xF0,0x20,0x80,0x00,0x80,0x04,0x90,0xE2,0x90,0x22,0xA0,0x20,0x80,0x2F,0xF8,0x20,
0x80,0x28,0x80,0x30,0x80,0x20,0x80,0x00,0x80,0x40,0x00,0x27,0xF0,0x24,0x10,0x04,0x10,0x04,0x10,0xE7,
0xF0,0x24,0x10,0x24,0x10,0x24,0x10,0x27,0xF0,0x2C,0x10,0x34,0x10,0x24,0x10,0x0F,0xF8,0x40,0x00,0x27,
0xF0,0x24,0x10,0x04,0x10,0x04,0x10,0xE4,0x10,0x24,0x10,0x27,0xF0,0x20,0x00,0x20,0x00,0x2A,0x20,0x32,
0x10,0x24,0x08,0x08,0x08,0x42,0x00,0x22,0x00,0x23,0xF8,0x05,0x00,0x05,0x00,0xE9,0x00,0x21,0xF0,0x21,
0x00,0x21,0x00,0x21,0x00,0x29,0xF8,0x31,0x00,0x21,0x00,0x01,0x00,0x40,0x30,0x23,0xC0,0x22,0x00,0x02,
0x00,0xE2,0x00,0x23,0xF8,0x22,0x20,0x22,0x20,0x22,0x60,0x2A,0x30,0x32,0x28,0x24,0x20,0x04,0x20,0x08,
0x20,0x40,0x80,0x20,0x80,0x21,0x40,0x02,0x20,0x0C,0x98,0xE1,0x00,0x22,0x00,0x24,0x40,0x20,0x80,0x21,
0x10,0x26,0x20,0x30,0x40,0x21,0x80,0x06,0x00,0x42,0x00,0x22,0x00,0x23,0xF0,0x04,0x10,0x08,0x20,0xE7,
0xF8,0x20,0x08,0x20,0x08,0x23,0xF8,0x20,0x08,0x28,0x08,0x30,0x08,0x27,0xF8,0x00,0x08,0x40,0x00,0x27,
0xF8,0x20,0x08,0x00,0x08,0x0F,0xE8,0xE0,0x08,0x20,0x08,0x27,0xC8,0x24,0x48,0x24,0x48,0x27,0xC8,0x34,
0x08,0x20,0x08,0x00,0x38,0x40,0x00,0x27,0xF0,0x22,0x20,0x01,0x40,0x00,0x80,0xE1,0x60,0x26,0x18,0x20,
0x80,0x23,0xE0,0x20,0x80,0x28,0x80,0x37,0xF8,0x20,0x80,0x00,0x80,0x40,0x50,0x20,0x48,0x20,0x40,0x0F,
0xF8,0x00,0x40,0xE0,0x40,0x27,0x40,0x22,0x40,0x22,0x40,0x22,0x20,0x2A,0x28,0x33,0xA8,0x2E,0x18,0x00,
0x08,0x40,0x80,0x20,0x80,0x27,0xF0,0x00,0x80,0x00,0x80,0xEF,0xF8,0x20,0x20,0x20,0x20,0x2F,0xF8,0x20,
0x20,0x24,0x20,0x32,0x20,0x20,0x20,0x00,0xE0,0x40,0x50,0x20,0x48,0x20,0x40,0x07,0xF8,0xE4,0x40,0x24,
0x48,0x27,0x48,0x25,0x50,0x25,0x50,0x2D,0x20,0x35,0x28,0x2B,0x68,0x08,0x98,0x11,0x08,0x40,0x80,0x22,
0x80,0x22,0x80,0x03,0xF0,0xE4,0x80,0x20,0x80,0x20,0x80,0x27,0xF8,0x21,0xC0,0x2A,0xA0,0x32,0xA0,0x24,
0x90,0x08,0x88,0x00,0x80,0x40,0x00,0x20,0x70,0x27,0x80,0x00,0x80,0x00,0x80,0xEF,0xF8,0x20,0x80,0x20,
0x80,0x27,0xF0,0x24,0x10,0x2C,0x10,0x34,0x10,0x27,0xF0,0x04,0x10,0x40,0x00,0x2E,0x18,0x22,0xE0,0x04,
0x20,0x04,0x20,0xE8,0xB8,0x2E,0xA0,0x22,0xA0,0x22,0xA0,0x22,0xA0,0x2A,0xF8,0x34,0x00,0x2B,0x00,0x10,
0xF8,0x41,0x00,0x21,0xF0,0x22,0x10,0x04,0x20,0x03,0xF8,0xE2,0x00,0x22,0xF0,0x22,0x90,0x22,0x90,0x22,
0x90,0x2A,0xB0,0x32,0x88,0x24,0x88,0x08,0x78,0x42,0x00,0x22,0x00,0x27,0xF8,0x08,0x08,0x07,0xE8,0xE4,
0x28,0x24,0x28,0x27,0xE8,0x24,0x28,0x24,0x28,0x2F,0xE8,0x34,0x08,0x20,0x08,0x00,0x30,0x42,0x00,0x22,
0x30,0x23,0xC0,0x02,0x08,0x02,0x08,0xE1,0xF8,0x20,0x00,0x23,0xF0,0x22,0x10,0x22,0x10,0x2B,0xF0,0x32,
0x10,0x22,0x10,0x03,0xF0,0x41,0x00,0x20,0x80,0x27,0xF8,0x00,0x80,0x01,0x20,0xE2,0x20,0x27,0xC0,0x20,
0x90,0x21,0x10,0x22,0x20,0x24,0x40,0x30,0xA0,0x21,0x10,0x06,0x10,0x44,0x10,0x22,0x20,0x20,0x00,0x07,
0xF0,0x00,0x80,0xE0,0x80,0x27,0xF0,0x20,0x80,0x20,0x80,0x2F,0xF8,0x20,0x80,0x30,0x80,0x20,0x80,0x00,
0x80,0x40,0x80,0x20,0x40,0x27,0xF8,0x04,0x08,0x04,0x08,0xE0,0x70,0x23,0x80,0x20,0x80,0x20,0xB8,0x27,
0xC0,0x20,0x80,0x30,0x88,0x20,0x88,0x00,0x78,0x40,0x50,0x20,0x48,0x20,0x40,0x07,0xF8,0x00,0x40,0xE5,
0x50,0x25,0x50,0x2F,0xD0,0x25,0x50,0x25,0x20,0x2D,0x28,0x35,0x28,0x29,0x58,0x00,0x88,0x40,0x00,0x27,
0xF0,0x20,0x80,0x00,0x80,0x00,0x80,0xE2,0xA0,0x22,0xA0,0x22,0xA0,0x25,0xD0,0x28,0x88,0x20,0x80,0x30,
0x80,0x20,0x80,0x0F,0xF8,0x4F,0xF8,0x21,0x00,0x21,0x00,0x07,0xF0,0x02,0x10,0xE2,0x10,0x2F,0xF8,0x20,
0x00,0x20,0x00,0x27,0xF0,0x2C,0x10,0x34,0x10,0x27,0xF0,0x04,0x10,0x47,0xF0,0x24,0x10,0x24,0x10,0x07,
0xF0,0x00,0x00,0xE0,0x00,0x27,0xF0,0x20,0x80,0x20,0x80,0x2F,0xF8,0x21,0x40,0x32,0x20,0x24,0x10,0x08,
0x08,0x40,0x60,0x23,0x80,0x20,0x80,0x07,0xF0,0x01,0xC0,0xE2,0xA0,0x24,0x98,0x20,0x00,0x27,0xE0,0x21,
0x20,0x29,0x70,0x32,0x10,0x22,0x10,0x04,0x60,0x42,0x00,0x22,0x00,0x23,0xF8,0x04,0x00,0x0B,0xF0,0xE2,
0x90,0x22,0x50,0x2F,0xF8,0x22,0x10,0x24,0x90,0x2C,0x50,0x37,0xF8,0x20,0x10,0x00,0x60,0x44,0x20,0x22,
0x20,0x22,0x40,0x07,0xF0,0xE4,0x10,0x24,0x10,0x24,0x10,0x27,0xF0,0x22,0x40,0x2A,0x40,0x32,0x40,0x24,
0x48,0x04,0x48,0x08,0x38,0x40,0x00,0x27,0xF0,0x22,0x20,0x01,0x40,0x07,0xF8,0xE4,0x88,0x24,0x88,0x27,
0xF8,0x24,0x88,0x24,0x88,0x2F,0xF8,0x34,0x88,0x24,0x88,0x04,0x38,0x40,0x80,0x27,0xF0,0x20,0x80,0x07,
0xF0,0x00,0x80,0xEF,0xF8,0x20,0x00,0x27,0xF0,0x24,0x10,0x27,0xF0,0x2C,0x10,0x37,0xF0,0x24,0x10,0x04,
0x70,0x40,0x80,0x20,0x88,0x23,0xE8,0x00,0x90,0x00,0xA0,0xEF,0xF8,0x21,0x00,0x23,0xF0,0x26,0x10,0x2A,
0x10,0x23,0xF0,0x32,0x10,0x22,0x10,0x03,0xF0,0x42,0x20,0x22,0x20,0x2F,0xF8,0x02,0x20,0x02,0xA0,0xE0,
0x80,0x2F,0xF8,0x21,0x00,0x22,0x00,0x27,0xF0,0x2A,0x10,0x32,0x10,0x23,0xF0,0x02,0x10,0x40,0x80,0x20,
0x80,0x27,0xF0,0x00,0x80,0x0F,0xF8,0xE2,0x08,0x21,0x50,0x24,0x40,0x22,0x40,0x2F,0xF8,0x20,0x80,0x31,
0x20,0x22,0x10,0x04,0x10,0x42,0x40,0x22,0x40,0x22,0x40,0x0E,0x78,0x02,0x40,0xE2,0x40,0x2E,0x70,0x22,
0x40,0x22,0x40,0x2E,0x78,0x22,0x40,0x32,0x40,0x22,0x40,0x02,0x40,0x40,0x00,0x27,0xF0,0x24,0x90,0x07,
0xF0,0xE4,0x90,0x27,0xF0,0x20,0x80,0x27,0xF8,0x20,0x80,0x29,0xC0,0x32,0xA0,0x24,0x90,0x08,0x88,0x00,
0x80,0x41,0x40,0x21,0x20,0x22,0x00,0x03,0xF8,0x06,0x40,0xEA,0x40,0x23,0xF0,0x22,0x40,0x22,0x40,0x23,
0xF0,0x2A,0x40,0x32,0x40,0x23,0xF8,0x02,0x00,0x40,0x00,0x27,0xF8,0x24,0x88,0x04,0x88,0xE5,0xE8,0x24,
0x88,0x27,0xF8,0x24,0x08,0x25,0xE8,0x2D,0x28,0x35,0x28,0x25,0xE8,0x04,0x08,0x08,0x38,0x41,0x00,0x20,
0x80,0x2F,0xF8,0x00,0x00,0x00,0x00,0xE7,0xF0,0x24,0x10,0x24,0x10,0x27,0xF0,0x20,0x80,0x22,0xA0,0x34,
0x90,0x28,0x88,0x03,0x80,0x40,0x40,0x27,0xF8,0x20,0x00,0x03,0xF0,0xE2,0x10,0x23,0xF0,0x20,0x00,0x23,
0xF0,0x20,0x20,0x28,0x40,0x37,0xF8,0x20,0x40,0x00,0x40,0x01,0xC0,0x40,0x80,0x22,0x90,0x22,0xA0,0x04,
0x80,0x01,0x40,0xE2,0x20,0x24,0x10,0x20,0x80,0x22,0x90,0x22,0xA0,0x24,0x80,0x31,0x40,0x22,0x20,0x04,
0x18,0x41,0x00,0x20,0x80,0x27,0xF0,0x04,0x10,0x00,0x00,0xE3,0xE0,0x22,0x20,0x22,0x20,0x23,0xE0,0x22,
0x20,0x2B,0xE0,0x32,0x20,0x22,0x20,0x0F,0xF8,0x42,0x20,0x22,0x20,0x27,0xF0,0x02,0x20,0x03,0xE0,0xE2,
0x20,0x23,0xE0,0x20,0x80,0x27,0xF8,0x21,0xC0,0x2A,0xA0,0x34,0x90,0x28,0x88,0x00,0x80,0x41,0x20,0x25,
0x20,0x2F,0xF8,0x05,0x20,0x05,0xE0,0xE4,0x00,0x27,0xF0,0x20,0x80,0x27,0xF8,0x21,0xC0,0x2A,0xA0,0x34,
0x90,0x28,0x88,0x00,0x80,0x41,0x20,0x27,0xF8,0x21,0x20,0x00,0x40,0x07,0xF8,0xE2,0x00,0x22,0x00,0x23,
0xF0,0x20,0x00,0x22,0xA0,0x2A,0xA0,0x32,0xA0,0x24,0xA8,0x08,0x98,0x44,0x48,0x24,0x50,0x27,0x60,0x04,
0x40,0x05,0x48,0xE6,0x48,0x24,0x38,0x21,0x00,0x27,0xF0,0x24,0x10,0x27,0xF0,0x34,0x10,0x27,0xF0,0x04,
0x10,0x40,0x00,0x2F,0xF8,0x28,0x88,0x0F,0xF8,0x08,0x88,0xEF,0xF8,0x20,0x00,0x27,0xF0,0x24,0x10,0x27,
0xF0,0x2C,0x10,0x37,0xF0,0x24,0x10,0x04,0x70,0x42,0x00,0x23,0xE0,0x24,0x40,0x08,0x80,0x07,0xF0,0xE4,
0x90,0x24,0x90,0x27,0xF0,0x21,0x40,0x22,0x48,0x2D,0xB8,0x30,0x40,0x23,0x00,0x00,0xC0,0x40,0x80,0x27,
0xF8,0x22,0x10,0x01,0x20,0xE7,0xF8,0x24,0x20,0x24,0x40,0x25,0x90,0x24,0x20,0x2C,0x48,0x35,0x90,0x24,
0x20,0x08,0x40,0x11,0x80,0x48,0x40,0x24,0x40,0x25,0x50,0x00,0xE0,0x00,0x40,0xED,0xF8,0x24,0x40,0x24,
0xE0,0x25,0x50,0x26,0x50,0x2C,0x40,0x34,0x40,0x26,0x00,0x09,0xF8,0x41,0x10,0x22,0x10,0x27,0x90,0x04,
0x90,0x07,0xB8,0xE4,0x90,0x27,0x90,0x24,0xD0,0x2F,0xB0,0x21,0x90,0x22,0x90,0x34,0x90,0x28,0x90,0x01,
0xB0,0x40,0x70,0x27,0x80,0x25,0x10,0x02,0xA0,0x04,0x00,0xE7,0xF0,0x28,0x80,0x20,0x80,0x2F,0xF8,0x20,
0x80,0x2C,0x90,0x34,0x90,0x27,0xF0,0x00,0x10,0x40,0x80,0x20,0x40,0x27,0xF8,0x02,0x10,0x01,0x20,0xE7,
0xF8,0x24,0x88,0x20,0x40,0x27,0xF8,0x21,0x00,0x29,0xF0,0x31,0x10,0x22,0x10,0x04,0x60,0x42,0x20,0x21,
0x40,0x27,0xF8,0x01,0x40,0x07,0xF0,0xE1,0x50,0x2F,0xF8,0x21,0x50,0x27,0xF0,0x21,0x40,0x2B,0x60,0x35,
0x50,0x29,0x48,0x01,0x40,0x42,0x20,0x2F,0xF8,0x22,0x20,0x03,0xE0,0x00,0x80,0xE7,0xF0,0x24,0x90,0x27,
0xF0,0x20,0x80,0x27,0xF0,0x28,0x80,0x37,0xF0,0x20,0x80,0x0F,0xF8,0x43,0xF0,0x22,0x10,0x23,0xF0,0x02,
0x10,0x03,0xF0,0xE0,0x00,0x27,0xF8,0x25,0x28,0x27,0xF8,0x20,0x00,0x2B,0xF0,0x31,0x20,0x20,0xC0,0x07,
0x38,0x4E,0xF0,0x22,0x10,0x2A,0x50,0x06,0x30,0x0A,0x50,0xE0,0x80,0x21,0x40,0x22,0x20,0x2C,0x98,0x23,
0x40,0x28,0x80,0x33,0x20,0x20,0xC0,0x07,0x00,0x4F,0xF8,0x21,0x40,0x2F,0xF8,0x09,0x48,0xEF,0xF8,0x20,
0x00,0x27,0xF0,0x24,0x10,0x27,0xF0,0x2C,0x10,0x37,0xF0,0x20,0x80,0x0F,0xF8,0x00,0x80,0x48,0x00,0x25,
0xF8,0x20,0x88,0x0B,0xE8,0x08,0x88,0xEB,0xE8,0x2A,0xA8,0x2B,0xA8,0x2A,0xE8,0x2A,0xA8,0x2B,0xE8,0x39,
0xC8,0x2A,0xA8,0x0C,0x98,0x42,0x10,0x21,0x20,0x27,0xF8,0x01,0x20,0x05,0x28,0xE3,0x30,0x27,0xF8,0x20,
0x00,0x23,0xF0,0x22,0x10,0x2B,0xF0,0x32,0x10,0x23,0xF0,0x02,0x10,0x40,0x40,0x29,0xF0,0x25,0x50,0x05,
0xF0,0x00,0x40,0xE3,0xF8,0x2D,0x10,0x25,0xF0,0x25,0x00,0x25,0xF0,0x2D,0x10,0x35,0xF0,0x24,0x00,0x0B,
0xF8,0x08,0x80,0x10,0x40,0x22,0x20,0x42,0x10,0x05,0x00,0x08,0x80,0x10,0x40,0x20,0x20,0xDF,0xD8,0x10,
0x40,0x10,0x40,0x10,0x40,0x1F,0xC0,0x10,0x40,0x20,0x00,0x10,0xA0,0xFE,0x90,0x93,0x10,0x7C,0x40,0x10,
0xA0,0x7D,0x18,0x10,0x00,0xFE,0xF0,0x10,0x90,0x7C,0x90,0x44,0x90,0x7C,0xF0,0x44,0x90,0x7F,0xF0,0x00,
0x00,0x00,0x00,0x3F,0xE0,0x20,0x20,0x20,0x20,0x20,0x20,0x3F,0xE0,0x00,0x00,0x20,0x20,0x10,0x40,0x08,
0x80,0xFF,0xF8,0x00,0x80,0xF0,0x40,0x07,0xF8,0x04,0x08,0xF2,0x00,0x92,0x38,0x93,0xA8,0xF4,0xA8,0x0A,
0xA8,0x92,0xB8,0x61,0x20,0x31,0x28,0xC2,0x28,0x04,0x18,0x7B,0xF8,0x48,0x80,0x49,0x00,0x4A,0x88,0x7C,
0x50,0x48,0xE0,0x49,0x60,0x7A,0x50,0x4C,0xD0,0x49,0x48,0x4A,0x40,0x4C,0x40,0x99,0x80,0x10,0x00,0x3F,
0xC0,0x40,0x80,0xFF,0xF0,0x42,0x10,0x7F,0xF0,0x04,0x00,0x1A,0x20,0xE5,0x40,0x1B,0x80,0x65,0x40,0x19,
0x20,0xE1,0x18,0x06,0x00,0x22,0x20,0x12,0x40,0x7F,0xF0,0x04,0x00,0xFF,0xF8,0x10,0x40,0x2F,0xA0,0xCC,
0x18,0x12,0x10,0x65,0x60,0x1B,0x80,0x65,0x40,0x19,0x20,0xE3,0x10,0x02,0x00,0x7F,0xF0,0x00,0x00,0x1F,
0xC0,0x10,0x40,0xFF,0xF8,0x80,0x08,0x3F,0xE0,0x12,0x10,0x65,0x60,0x1B,0x80,0x65,0x40,0x19,0x20,0xE3,
0x18,0x00,0x80,0xF9,0xF0,0x0A,0x20,0x57,0xF8,0x22,0x48,0xFB,0xF8,0x28,0x80,0x21,0x40,0x22,0xA8,0x21,
0x70,0x22,0xB0,0x21,0x28,0x26,0x20,0xE0,0xC0,0x19,0x00,0xE1,0x00,0x15,0xF8,0x4A,0x08,0x34,0x08,0xE0,
0x08,0x11,0x08,0x28,0x88,0xC8,0x88,0x18,0x08,0x28,0x08,0xC8,0x08,0x08,0x08,0x30,0x30,0x18,0x20,0xE0,
0x20,0x14,0x20,0x4B,0xF8,0x30,0x20,0xE0,0x60,0x10,0x60,0x28,0xA0,0xC8,0xA0,0x19,0x20,0x2A,0x20,0xC8,
0x20,0x08,0x20,0x30,0xE0,0x18,0x80,0xE0,0x80,0x14,0xF0,0x49,0x10,0x32,0xA0,0xE0,0x40,0x10,0xA0,0x29,
0x10,0xCA,0x08,0x19,0xF0,0x29,0x10,0xC9,0x10,0x09,0xF0,0x31,0x10,0x18,0x80,0xE1,0x00,0x17,0xF0,0x4A,
0x10,0x32,0x10,0xE3,0xF0,0x12,0x10,0x2A,0x10,0xCB,0xF0,0x19,0x20,0x29,0x20,0xC9,0x20,0x0A,0x28,0x34,
0x18,0x7F,0xF0,0x40,0x10,0x40,0x10,0x42,0x10,0x42,0x10,0x42,0x10,0x42,0x10,0x44,0x10,0x45,0x10,0x08,
0x80,0x10,0x40,0x20,0x20,0xC0,0x10,0x02,0x00,0x03,0xF8,0x02,0x00,0x02,0x00,0x7F,0xF0,0x40,0x10,0x42,
0x10,0x42,0x10,0x42,0x10,0x42,0x10,0x44,0x10,0x09,0xC0,0x30,0x30,0xC0,0x08,0x10,0x00,0x1F,0xE0,0x20,
0x20,0x40,0x40,0x80,0x80,0x7F,0xF0,0x40,0x10,0x42,0x10,0x42,0x10,0x42,0x10,0x45,0x10,0x08,0xC0,0x30,
0x30,0xC0,0x08,0x3F,0xE0,0x02,0x00,0x02,0x00,0xFF,0xF8,0x00,0x00,0x3F,0xE0,0x20,0x20,0x22,0x20,0x22,
0x20,0x22,0x20,0x22,0x20,0x05,0x80,0x18,0x60,0x60,0x10,0x00,0x20,0xF8,0x20,0x88,0x20,0xAB,0xF8,0xA8,
0x20,0xA8,0x60,0xA8,0x60,0xA8,0xA0,0xA8,0xA0,0xA9,0x20,0x22,0x20,0x50,0x20,0x48,0x20,0x80,0xE0,0x02,
0x00,0x7F,0xF0,0x02,0x00,0x3F,0xE0,0x02,0x00,0xFF,0xF8,0x00,0x00,0x3F,0xE0,0x20,0x20,0x22,0x20,0x22,
0x20,0x05,0x80,0x18,0x60,0xE0,0x10,0x17,0xE0,0x92,0x20,0x91,0x40,0x90,0x80,0x91,0x40,0x12,0x30,0x7F,
0xC0,0x40,0x40,0x44,0x40,0x44,0x40,0x44,0x40,0x0B,0x00,0x30,0xC0,0xC0,0x20,0x01,0x00,0xF9,0x00,0x89,
0x00,0xA9,0xF8,0xAA,0x10,0xAD,0x10,0xA9,0x10,0xA9,0x10,0xA8,0xA0,0xA8,0xA0,0x20,0x40,0x50,0xA0,0x49,
0x10,0x86,0x08,0x01,0x00,0xF9,0x10,0x89,0x10,0xA9,0x20,0xA9,0x40,0xA9,0x00,0xAB,0xF8,0xA9,0x40,0xA9,
0x40,0xA9,0x20,0x21,0x20,0x51,0x50,0x49,0x88,0x81,0x00,0x11,0x00,0x11,0x30,0x21,0xC0,0x6F,0x08,0xA1,
0x08,0x20,0xF8,0x00,0x00,0x3F,0xE0,0x20,0x20,0x22,0x20,0x22,0x20,0x05,0x80,0x18,0x60,0xE0,0x10,0x00,
0xF0,0x3F,0x00,0x21,0x00,0x21,0x00,0x3F,0xF8,0x21,0x00,0x21,0x00,0x2F,0xF0,0x28,0x10,0x29,0x10,0x29,
0x10,0x42,0xC0,0x44,0x30,0x98,0x08,0xF8,0x38,0x8B,0xC0,0xAA,0x00,0xAA,0x00,0xAB,0xF0,0xAA,0x90,0xAA,
0x90,0xAA,0x90,0xAA,0xA0,0x22,0xA0,0x52,0x40,0x4C,0xA0,0x89,0x18,0x02,0x00,0x05,0x00,0x08,0x80,0x32,
0x60,0xCF,0x98,0x00,0x80,0x01,0x00,0x3F,0xE0,0x20,0x20,0x22,0x20,0x22,0x20,0x05,0x80,0x18,0x60,0xE0,
0x10,0x08,0x80,0x30,0x60,0xDF,0xD8,0x08,0x40,0x10,0x40,0x61,0x80,0x00,0x00,0x3F,0xE0,0x20,0x20,0x22,
0x20,0x22,0x20,0x05,0x80,0x18,0x60,0xE0,0x10,0xF8,0x38,0x8B,0xC0,0xA8,0x00,0xA8,0x80,0xA8,0x40,0xAB,
0xF0,0xA8,0x10,0xA8,0x20,0xA8,0x40,0x20,0x80,0x51,0x00,0x4A,0x80,0x84,0x78,0x01,0x00,0xF9,0x00,0x89,
0xF8,0xAA,0x08,0xAC,0x08,0xA8,0x88,0xA8,0x88,0xA9,0x08,0xA9,0x48,0xAB,0xE8,0x20,0x28,0x50,0x08,0x48,
0x08,0x80,0x30,0x00,0x80,0xF8,0x40,0x88,0x40,0xAB,0xF8,0xAA,0x08,0xAA,0x08,0xA8,0x00,0xA8,0x00,0xA8,
0x00,0xA8,0x00,0x20,0x00,0x50,0x00,0x4B,0xF8,0x80,0x00,0x3F,0xE0,0x22,0x20,0xFF,0xF8,0x22,0x20,0x3F,
0xE0,0x00,0x00,0x3F,0xE0,0x20,0x20,0x22,0x20,0x22,0x20,0x22,0x20,0x05,0x80,0x18,0x60,0x60,0x10,0x00,
0x60,0x00,0x50,0xFF,0xF8,0x00,0x40,0x7F,0x40,0x00,0x40,0xFF,0x40,0x00,0x40,0x7F,0x40,0x41,0x20,0x49,
0x28,0x49,0x28,0x16,0x18,0x61,0x08,0x00,0xA0,0xF8,0x90,0x88,0x80,0xA8,0xF0,0xAB,0x80,0xA8,0x80,0xA8,
0xB8,0xAB,0xC0,0xA8,0x90,0xA8,0xA0,0x20,0x48,0x50,0xA8,0x4B,0x18,0x80,0x08,0x00,0x80,0xF8,0x80,0x88,
0x80,0xA8,0xF8,0xA8,0x80,0xA8,0x80,0xA8,0x80,0xAB,0xF0,0xAA,0x10,0xAA,0x10,0x22,0x10,0x52,0x10,0x4B,
0xF0,0x82,0x10,0x02,0x00,0x3F,0xE0,0x22,0x20,0x3F,0xE0,0x02,0x00,0xFF,0xF8,0x00,0x00,0x3F,0xE0,0x20,
0x20,0x22,0x20,0x22,0x20,0x05,0x80,0x18,0x60,0xE0,0x10,0x11,0x20,0x21,0x38,0x6F,0xC0,0xA0,0x40,0x20,
0x28,0x00,0x18,0x3F,0xE0,0x20,0x20,0x22,0x20,0x22,0x20,0x22,0x20,0x05,0x80,0x18,0x60,0x60,0x10,0x0C,
0x00,0x71,0xF0,0x40,0x90,0x48,0x90,0x55,0x10,0x62,0x60,0x00,0x00,0x3F,0xE0,0x20,0x20,0x22,0x20,0x22,
0x20,0x05,0x80,0x18,0x60,0xE0,0x10,0x08,0x80,0x7F,0xF0,0x08,0x90,0x7F,0xF0,0x48,0x80,0x7F,0xF8,0x10,
0x88,0x20,0xB0,0xFF,0xE0,0x20,0x20,0x22,0x20,0x22,0x20,0x0D,0xC0,0x70,0x30,0x20,0x00,0xFD,0xF0,0x25,
0x10,0x45,0x10,0x45,0x10,0x99,0xF0,0x00,0x00,0x3F,0xE0,0x20,0x20,0x22,0x20,0x22,0x20,0x05,0x80,0x18,
0x60,0xE0,0x10,0x00,0x80,0xF8,0x80,0x89,0x00,0xA9,0x20,0xAA,0x10,0xAF,0xF8,0xA8,0x08,0xA8,0x00,0xAB,
0xF0,0xAA,0x10,0x22,0x10,0x52,0x10,0x4B,0xF0,0x82,0x10,0x00,0x20,0xF8,0x30,0x88,0x28,0xAB,0xF8,0xA8,
0x20,0xA9,0x20,0xA9,0x28,0xAF,0xE8,0xA9,0x30,0xA9,0x30,0x21,0x28,0x52,0x28,0x4C,0x58,0x80,0x88,0xFF,
0xF8,0x08,0x80,0x7F,0xF0,0x48,0x90,0x7F,0xF0,0x00,0x00,0x3F,0xE0,0x20,0x20,0x22,0x20,0x22,0x20,0x05,
0x80,0x18,0x60,0xE0,0x10,0x00,0x80,0xF8,0x80,0x8F,0xF8,0xA9,0x00,0xAA,0x00,0xAB,0xF0,0xAE,0x10,0xAA,
0x10,0xAB,0xF0,0xAA,0x10,0x23,0xF0,0x52,0x10,0x4A,0x10,0x82,0x70,0x10,0x70,0x27,0x80,0x60,0x80,0xAF,
0xF8,0x20,0x80,0x27,0xF0,0x00,0x00,0x3F,0xE0,0x20,0x20,0x22,0x20,0x22,0x20,0x05,0x80,0x18,0x60,0xE0,
0x10,0x00,0x80,0xF8,0x80,0x88,0xF0,0xA9,0x10,0xAA,0xA0,0xA8,0x40,0xA8,0xA0,0xAB,0x18,0xA8,0x00,0xA9,
0xF0,0x21,0x10,0x51,0x10,0x49,0xF0,0x81,0x10,0x00,0x80,0xF8,0x40,0x8B,0xF8,0xAA,0x00,0xAA,0x40,0xAA,
0x40,0xAA,0x40,0xAB,0xF0,0xAA,0x40,0xAA,0x40,0x22,0x40,0x52,0x40,0x4C,0x40,0x8B,0xF8,0x42,0x00,0x23,
0xF0,0x04,0x90,0x08,0x80,0x21,0x40,0x42,0x20,0x8C,0x18,0x3F,0xE0,0x20,0x20,0x22,0x20,0x22,0x20,0x05,
0x80,0x18,0x60,0xE0,0x10,0x00,0x80,0xF8,0x80,0x89,0x40,0xAA,0x20,0xAC,0x10,0xAB,0xE8,0xA8,0x00,0xA8,
0x00,0xAF,0xF0,0xA8,0x80,0x24,0x90,0x54,0x88,0x48,0x88,0x83,0x80,0x00,0x20,0xF9,0xB0,0x88,0x28,0xA8,
0x20,0xAB,0xF8,0xA8,0xA0,0xAA,0xA0,0xAA,0xE0,0xAA,0xA0,0xAA,0xA0,0x22,0xA8,0x52,0xE8,0x4F,0x18,0x80,
0x08,0x00,0x80,0xF8,0x90,0x8B,0xF0,0xA8,0xA0,0xA8,0xA0,0xAB,0xF8,0xA8,0x80,0xA9,0x00,0xAB,0xF0,0xAE,
0x10,0x23,0xF0,0x52,0x10,0x4B,0xF0,0x82,0x10,0x00,0x40,0xF8,0x40,0x89,0xF0,0xA8,0x40,0xAB,0xF8,0xA9,
0x08,0xA8,0xA0,0xAA,0x20,0xA9,0x20,0xAB,0xF8,0x20,0x40,0x50,0x90,0x49,0x08,0x82,0x08,0x22,0x20,0x12,
0x40,0xFF,0xF8,0x80,0x08,0x1F,0xC0,0x10,0x40,0x1F,0xC0,0x00,0x00,0x3F,0xE0,0x20,0x20,0x22,0x20,0x22,
0x20,0x0D,0xC0,0x70,0x30,0xFB,0xF0,0x8A,0x10,0xAB,0xF0,0xAA,0x10,0xAB,0xF0,0xA9,0x00,0xAB,0xF8,0xAC,
0xA8,0xA9,0x28,0x22,0x48,0x54,0x88,0x49,0x08,0x80,0x30,0x00,0x80,0xF8,0x40,0x8B,0xF0,0xA8,0x00,0xAA,
0x10,0xA9,0x20,0xAF,0xF8,0xA8,0x00,0xA8,0x00,0xAB,0xF0,0x22,0x10,0x52,0x10,0x4B,0xF0,0x82,0x10,0x10,
0x80,0x10,0xF0,0xFD,0x10,0x12,0x20,0x7C,0x40,0x55,0xF0,0x55,0x10,0x55,0x50,0x7D,0x50,0x11,0x50,0x39,
0x50,0x54,0xA0,0x91,0x10,0x12,0x08,0x10,0x80,0x7C,0x80,0x10,0xF8,0x7D,0x10,0x12,0x90,0xFC,0xA0,0x20,
0x40,0x3C,0xA0,0x45,0x10,0xBF,0xE8,0x20,0x20,0x22,0x20,0x0D,0x80,0x70,0x60,0x02,0x20,0xF9,0x40,0x8B,
0xF8,0xA9,0x40,0xAB,0xF0,0xA9,0x50,0xAF,0xF8,0xA9,0x50,0xAB,0xF0,0xA9,0x40,0x21,0x60,0x53,0x50,0x4D,
0x48,0x81,0x40,0x02,0x00,0xFF,0xF8,0x88,0x88,0x3F,0xE0,0x08,0x80,0x3F,0xE0,0x08,0x80,0xFF,0xF8,0x10,
0x40,0x3F,0xE0,0xE0,0x38,0x22,0x20,0x0D,0x80,0x70,0x60,0x10,0x40,0x51,0x40,0x7D,0xF0,0x92,0x40,0xFD,
0xF8,0x28,0xA0,0x2C,0xA8,0x49,0x18,0xBF,0xE0,0x20,0x20,0x22,0x20,0x22,0x20,0x0D,0xC0,0x70,0x30,0x01,
0x10,0xF8,0xA0,0x8B,0xF8,0xAA,0x48,0xAB,0x58,0xAA,0x48,0xAB,0xF8,0xA8,0x00,0xA9,0xF0,0xA9,0x10,0x21,
0xF0,0x51,0x10,0x49,0xF0,0x81,0x10,0x01,0x00,0xF9,0xF0,0x8A,0x20,0xAF,0xF8,0xAA,0xA8,0xAB,0x70,0xAA,
0x00,0xAA,0xF0,0xAA,0x00,0xAA,0xF0,0x22,0x00,0x52,0xF0,0x4A,0x90,0x84,0xF0,0x02,0x00,0xFF,0xF8,0x40,
0x00,0x7F,0xF0,0x20,0x20,0x3F,0xE0,0x00,0x00,0x77,0xF0,0x54,0x50,0x75,0x50,0x55,0x70,0x71,0x50,0x52,
0xD8,0xB4,0x88,0x10,0x80,0x7C,0xF0,0x29,0x90,0xFE,0x60,0x01,0x98,0x7C,0xF0,0x44,0x40,0x7D,0xF8,0x44,
0x00,0x7D,0xF0,0x11,0x10,0xFD,0x50,0x10,0xA0,0x11,0x10,0x02,0x00,0x02,0x00,0x3F,0xE0,0x02,0x00,0x02,
0x00,0xFF,0xF8,0x08,0x80,0x08,0x80,0x48,0x90,0x48,0x88,0x90,0x88,0x10,0x80,0x20,0x80,0x43,0x80,0x10,
0x80,0x10,0x80,0x7C,0x80,0x10,0xF8,0x11,0x10,0xFF,0x10,0x2A,0x90,0x28,0xA0,0x6C,0xA0,0xAA,0x40,0x2A,
0x40,0x28,0xA0,0x49,0x10,0x9A,0x08,0x10,0x40,0x10,0x40,0x7D,0xF0,0x10,0x40,0x10,0x40,0xFD,0xF8,0x28,
0xA0,0x28,0xA0,0x6D,0xB0,0xAA,0xA8,0x28,0xA8,0x28,0xA0,0x49,0x20,0x9A,0x60,0x02,0x00,0x02,0x00,0x7F,
0xF0,0x02,0x00,0x02,0x00,0xFF,0xF8,0x02,0x00,0x02,0x00,0x22,0x00,0x23,0xE0,0x22,0x00,0x22,0x00,0x52,
0x00,0x8F,0xF8,0x10,0x80,0x10,0x80,0x10,0x80,0x7C,0x80,0x10,0xC0,0x10,0xA0,0xFC,0x90,0x10,0x90,0x50,
0x80,0x5C,0x80,0x50,0x80,0x50,0x80,0xB0,0x00,0x8F,0xF8,0x10,0x00,0x10,0x10,0x7C,0x10,0x11,0x10,0x10,
0xA0,0xFC,0xA0,0x10,0x40,0x10,0x40,0x5C,0xA0,0x50,0xA0,0x51,0x10,0x52,0x10,0xB0,0x00,0x8F,0xF8,0x10,
0x00,0x11,0xF0,0x7C,0x40,0x10,0x40,0x10,0x40,0xFC,0x40,0x13,0xF8,0x10,0x40,0x5C,0x40,0x50,0x40,0x50,
0x40,0x50,0x40,0xB0,0x40,0x8F,0xF8,0x10,0x00,0x11,0xF0,0x7C,0x10,0x10,0x10,0x10,0x10,0xFD,0xF0,0x11,
0x00,0x11,0x00,0x5D,0x08,0x51,0x08,0x50,0xF8,0x50,0x00,0xB0,0x00,0x8F,0xF8,0x10,0x40,0x10,0x40,0x7C,
0xA0,0x13,0x18,0x10,0x40,0xFC,0x80,0x11,0x20,0x10,0x40,0x5D,0x90,0x50,0x20,0x50,0xC0,0x53,0x00,0xB0,
0x00,0x8F,0xF8,0x10,0x00,0x13,0xF0,0x11,0x10,0x7D,0x10,0x11,0x10,0x12,0x60,0xFC,0x00,0x11,0xF0,0x51,
0x10,0x5D,0x10,0x51,0x10,0x51,0xF0,0xB0,0x00,0x8F,0xF8,0x10,0x50,0x10,0x48,0x10,0x40,0x7B,0xF8,0x12,
0x40,0x12,0x50,0xFA,0x50,0x12,0x20,0x13,0x28,0x5A,0x68,0x50,0x98,0x51,0x08,0xB0,0x00,0x8F,0xF8,0x10,
0x80,0x10,0x80,0x7C,0xF0,0x11,0x10,0x12,0x20,0xFD,0xF0,0x10,0x10,0x10,0x10,0x5D,0xF0,0x50,0x10,0x50,
0x10,0x51,0xF0,0xB0,0x00,0x8F,0xF8,0x10,0x40,0x12,0x48,0x11,0x50,0x78,0x40,0x13,0xF8,0x12,0x08,0xFA,
0xE8,0x12,0xA8,0x12,0xA8,0x5A,0xE8,0x52,0x08,0x52,0x38,0xB0,0x00,0x8F,0xF8,0x10,0x00,0x17,0xC0,0x12,
0xB8,0x7A,0x88,0x13,0x88,0x12,0xA8,0xFA,0xA8,0x13,0x90,0x12,0x90,0x5A,0xE8,0x57,0xA8,0x50,0xC8,0xB0,
0x80,0x8F,0xF8,0x3F,0xE0,0x20,0x20,0x20,0x20,0x20,0x20,0x3F,0xE0,0x02,0x00,0x02,0x00,0x22,0x00,0x23,
0xF0,0x22,0x00,0x22,0x00,0x52,0x00,0x8F,0xF8,0x00,0x20,0x79,0x20,0x49,0x20,0x49,0x20,0x49,0x20,0x79,
0x20,0x11,0x20,0x51,0x20,0x59,0x20,0x51,0x20,0x51,0x10,0x5A,0x10,0xE2,0x10,0x04,0x08,0x00,0x40,0x78,
0x40,0x48,0x40,0x48,0x40,0x4A,0x40,0x7A,0x78,0x12,0x40,0x52,0x40,0x5A,0x40,0x52,0x40,0x52,0x40,0x5A,
0x40,0xE2,0x40,0x0F,0xF8,0x78,0x30,0x49,0xC0,0x48,0x40,0x48,0x40,0x78,0x40,0x13,0xF8,0x50,0x40,0x5C,
0x40,0x50,0xA0,0x50,0xA0,0x5D,0x10,0xE2,0x10,0x04,0x08,0x00,0xA0,0x78,0x90,0x48,0x80,0x4B,0xF8,0x48,
0x80,0x78,0x80,0x11,0xF0,0x51,0x10,0x59,0x10,0x52,0xA0,0x52,0xA0,0x5C,0x40,0xE0,0xA0,0x01,0x18,0x00,
0x40,0x79,0x40,0x49,0x40,0x49,0xF0,0x4A,0x40,0x78,0x40,0x10,0x40,0x53,0xF8,0x5C,0x40,0x50,0x40,0x50,
0xA0,0x5C,0xA0,0xE1,0x10,0x02,0x08,0x01,0x00,0x79,0x00,0x4B,0xF0,0x4A,0x10,0x4C,0x10,0x7B,0xD0,0x12,
0x50,0x52,0x50,0x5B,0xD0,0x52,0x10,0x52,0x60,0x5A,0x08,0xE2,0x08,0x01,0xF8,0x00,0x40,0x78,0x40,0x4B,
0xF8,0x4A,0x48,0x4A,0x50,0x7A,0x40,0x13,0xF0,0x52,0x90,0x5A,0x90,0x52,0x90,0x52,0xA0,0x5A,0x40,0xE4,
0xA0,0x09,0x18,0x7D,0xF8,0x45,0x00,0x45,0x00,0x45,0x00,0x7D,0xF0,0x11,0x10,0x51,0x10,0x5D,0x10,0x51,
0xF0,0x51,0x00,0x5D,0x00,0xE1,0x00,0x01,0xF8,0x7B,0xF0,0x4A,0x10,0x4A,0x10,0x4B,0xF0,0x7A,0x10,0x12,
0x10,0x53,0xF0,0x5A,0x48,0x52,0x50,0x52,0x20,0x5A,0xA0,0xE3,0x10,0x02,0x08,0x00,0x80,0x78,0x40,0x4B,
0xF8,0x48,0x00,0x48,0xA0,0x79,0x10,0x12,0x08,0x51,0x10,0x5D,0x10,0x50,0xA0,0x50,0x40,0x5C,0xA0,0xE1,
0x10,0x02,0x08,0x00,0x80,0xF0,0x80,0x97,0xF8,0x91,0x20,0x92,0x10,0xF5,0xE8,0x20,0x00,0xA7,0xF8,0xB2,
0x00,0xA3,0xF0,0xA0,0x10,0xB0,0x10,0xC0,0x10,0x00,0x60,0x01,0x00,0x79,0xF0,0x4A,0x10,0x4C,0x20,0x4B,
0xF8,0x7A,0x00,0x12,0xF0,0x52,0x90,0x5A,0x90,0x52,0x90,0x52,0xB0,0x5A,0x88,0xE4,0x88,0x08,0x78,0x00,
0x80,0x78,0x80,0x48,0xF0,0x49,0x10,0x4A,0xA0,0x78,0x40,0x10,0xA0,0x53,0x18,0x5C,0x00,0x51,0xF0,0x51,
0x10,0x5D,0x10,0xE1,0xF0,0x01,0x10,0x01,0x40,0x79,0x40,0x49,0x48,0x4D,0x50,0x4B,0x60,0x79,0x40,0x11,
0x40,0x53,0x60,0x5D,0x50,0x51,0x48,0x52,0x40,0x5A,0x48,0xE4,0x48,0x08,0x38,0x00,0xA0,0x78,0x90,0x48,
0x80,0x48,0xF0,0x4B,0x80,0x78,0x80,0x10,0xB8,0x53,0xC0,0x58,0x90,0x50,0xA0,0x50,0x48,0x58,0xA8,0xE3,
0x18,0x00,0x08,0x00,0x80,0x78,0x80,0x48,0xF0,0x4B,0x80,0x48,0xA0,0x78,0x48,0x10,0xA8,0x53,0x18,0x58,
0x00,0x53,0xF0,0x50,0xA0,0x58,0xA0,0xE1,0x28,0x02,0x18,0xF3,0xE0,0x92,0x20,0x92,0x20,0x92,0x20,0xF4,
0x98,0x28,0x80,0xA7,0xF8,0xB0,0x80,0xA1,0xC0,0xA2,0xA0,0xB4,0x90,0xC8,0x88,0x00,0x80,0x7B,0xF8,0x48,
0x90,0x48,0x60,0x4B,0xF8,0x7A,0x48,0x12,0x48,0x53,0xF8,0x5A,0x48,0x52,0x48,0x53,0xF8,0x5A,0x48,0xE2,
0x48,0x02,0x18,0x00,0x40,0x78,0x40,0x4B,0xF8,0x48,0x40,0x49,0xF0,0x78,0x80,0x13,0xF8,0x50,0x80,0x59,
0x10,0x51,0xF8,0x52,0x90,0x5A,0x50,0xE4,0x10,0x00,0x70,0x00,0x40,0x78,0x40,0x4B,0x68,0x49,0x50,0x49,
0x50,0x7A,0x48,0x14,0xC0,0x50,0x00,0x5B,0xF8,0x52,0x08,0x53,0xF8,0x5A,0x08,0xE3,0xF8,0x02,0x08,0x7B,
0xF0,0x4A,0x10,0x4A,0x10,0x4B,0xF0,0x7A,0x40,0x12,0x40,0x53,0xF8,0x5A,0x40,0x52,0x40,0x53,0xF0,0x5D,
0x10,0xE5,0x10,0x09,0xF0,0x79,0xF0,0x49,0x10,0x49,0xF0,0x49,0x10,0x79,0xF0,0x10,0x80,0x51,0xF8,0x5A,
0xA8,0x51,0x28,0x52,0x48,0x58,0x88,0xE1,0x08,0x02,0x30,0x00,0x38,0x7B,0xC0,0x48,0x88,0x4A,0x48,0x49,
0x10,0x78,0x40,0x10,0x40,0x53,0xF8,0x58,0x40,0x50,0xE0,0x51,0x50,0x5A,0x48,0xE4,0x40,0x00,0x40,0x00,
0x80,0x78,0x40,0x4B,0xF8,0x4A,0x08,0x48,0x00,0x79,0xF0,0x10,0x00,0x50,0x00,0x5B,0xF8,0x50,0x40,0x51,
0x50,0x5A,0x48,0xE4,0x48,0x01,0xC0,0x00,0x80,0x78,0x40,0x4B,0xF8,0x4A,0x90,0x4B,0xF8,0x7A,0x90,0x12,
0xF0,0x52,0x00,0x5B,0xF0,0x52,0x90,0x52,0xA0,0x5C,0x40,0xE4,0xA0,0x09,0x18,0xF3,0xF0,0x90,0xA0,0x90,
0x40,0x97,0xF8,0xF1,0x48,0x22,0x50,0xA4,0xC0,0xB0,0x80,0xA7,0xF8,0xA1,0xC0,0xB2,0xA0,0xCC,0x98,0x00,
0x80,0x00,0x80,0x78,0x40,0x4B,0xF8,0x49,0x10,0x48,0xA0,0x7B,0xF8,0x12,0x08,0x50,0x40,0x5B,0xF8,0x52,
0x48,0x52,0x48,0x5A,0x48,0xE2,0x58,0x00,0x40,0x00,0x38,0x7B,0xC0,0x48,0x88,0x4A,0x48,0x49,0x10,0x78,
0x80,0x13,0x38,0x52,0x08,0x5A,0x08,0x53,0xB8,0x52,0x08,0x5A,0x08,0xE3,0xF8,0x02,0x08,0x79,0xF0,0x49,
0x10,0x49,0xF0,0x49,0x10,0x79,0xF0,0x10,0x00,0x53,0xB8,0x58,0x88,0x52,0xA8,0x51,0x98,0x5A,0xA8,0xE0,
0x88,0x03,0x30,0x00,0x80,0xF4,0x90,0x97,0xF0,0x90,0x00,0x97,0x70,0xF5,0x50,0x25,0x50,0xA7,0x70,0xB5,
0x50,0xA7,0x70,0xA5,0x50,0xB5,0x50,0xCB,0x50,0x10,0xB0,0x00,0x40,0xF7,0x50,0x91,0x20,0x95,0x28,0x92,
0x10,0xF4,0x10,0x2B,0xE8,0xA0,0x00,0xB7,0xF0,0xA4,0x10,0xA7,0xF0,0xB2,0x20,0xC1,0x40,0x0F,0xF8,0x01,
0x10,0x78,0xA0,0x4B,0xF8,0x4A,0x48,0x4B,0x58,0x7A,0x48,0x13,0xF8,0x50,0x00,0x5D,0xF0,0x51,0x10,0x51,
0xF0,0x5D,0x10,0xE1,0xF0,0x01,0x10,0x02,0x20,0xF7,0xF8,0x91,0x40,0x97,0xF0,0x95,0x50,0xF6,0x30,0x25,
0xD0,0xA4,0x10,0xB7,0xF0,0xA0,0x20,0xA7,0xF8,0xB2,0x20,0xC1,0x20,0x00,0x60,0x00,0x40,0x7B,0xF8,0x4A,
0xA8,0x49,0x10,0x48,0x40,0x79,0xF0,0x11,0x50,0x51,0xF0,0x58,0x40,0x53,0xF8,0x52,0x48,0x5B,0xF8,0xE0,
0x40,0x00,0x40,0x79,0xF0,0x49,0x10,0x49,0xF0,0x48,0x00,0x7B,0xB8,0x12,0xA8,0x53,0xB8,0x58,0x40,0x53,
0xF8,0x50,0xE0,0x59,0x50,0xE2,0x48,0x00,0x40,0x00,0x90,0x7B,0xF8,0x48,0x90,0x48,0x40,0x49,0xF8,0x78,
0x50,0x13,0xF8,0x50,0x40,0x59,0xF8,0x53,0x08,0x51,0xF8,0x59,0x08,0xE1,0xF8,0x01,0x08,0x01,0x20,0xF7,
0xF8,0x91,0x20,0x94,0xF8,0x92,0x08,0xF5,0x48,0x25,0xE8,0xA7,0x48,0xB5,0xE8,0xA5,0x48,0xA5,0xE8,0xB5,
0x48,0xC5,0xE8,0x05,0x18,0x04,0x00,0x08,0x00,0x3F,0xE0,0x20,0x20,0x3F,0xE0,0x20,0x20,0x3F,0xE8,0x20,
0x30,0xFF,0xE0,0x01,0xA0,0x06,0x20,0x18,0x20,0xE0,0x20,0x00,0xE0,0x10,0x00,0x21,0xF8,0x7C,0x08,0x44,
0x08,0x7D,0xF8,0x45,0x00,0x7D,0x00,0x45,0x00,0xFD,0xF8,0x14,0x08,0x24,0x08,0x44,0x08,0x84,0x08,0x1C,
0x30,0x10,0x00,0x21,0xF8,0x7D,0x00,0x45,0x00,0x7D,0x90,0x45,0x50,0x7D,0x50,0x45,0x20,0xFD,0x20,0x15,
0x50,0x25,0x50,0x45,0x90,0x85,0x00,0x1D,0xF8,0x10,0x00,0x23,0xE0,0x7A,0x20,0x4A,0x20,0x7A,0x20,0x4C,
0x98,0x78,0x80,0x4F,0xF8,0xF8,0x80,0x19,0xC0,0x2A,0xA0,0x4C,0x90,0x88,0x88,0x18,0x80,0x10,0x40,0x22,
0x48,0x79,0x50,0x48,0x40,0x7B,0xF8,0x4A,0x08,0x7A,0xE8,0x4A,0xA8,0xFA,0xA8,0x1A,0xA8,0x2A,0xE8,0x4A,
0x08,0x8A,0x08,0x1A,0x38,0x04,0x00,0x04,0x00,0x7F,0xF0,0x08,0x00,0x12,0x00,0x22,0x00,0x3F,0xE0,0x02,
0x00,0x02,0x00,0xFF,0xF8,0x02,0x00,0x02,0x00,0x02,0x00,0x02,0x00,0x11,0x00,0x11,0x00,0xFD,0x00,0x21,
0x00,0x51,0x00,0x51,0x00,0xFD,0x00,0x11,0x00,0x11,0x00,0x1D,0x00,0xF1,0x00,0x11,0x08,0x11,0x08,0x10,
0xF8,0x11,0x00,0x11,0x00,0xFD,0x00,0x23,0xE0,0x51,0x20,0x51,0x20,0xFD,0x20,0x11,0x20,0x11,0x20,0x1D,
0x20,0xF1,0x20,0x12,0x28,0x12,0x28,0x14,0x18,0x10,0x00,0x11,0xF0,0xFC,0x40,0x20,0x40,0x50,0x40,0x50,
0x40,0xFD,0xF8,0x10,0x40,0x10,0x40,0x1C,0x40,0xF0,0x40,0x10,0x40,0x10,0x40,0x10,0x40,0x20,0x40,0x20,
0x40,0xFB,0xF8,0x40,0x40,0x40,0x80,0xA3,0xF8,0xF8,0x80,0x21,0x00,0x23,0xF8,0x38,0x08,0xE0,0x10,0x20,
0xA0,0x20,0x40,0x20,0x20,0x20,0x80,0x20,0x80,0xF9,0x40,0x41,0x40,0x42,0x20,0xA4,0x10,0xFA,0x08,0x22,
0x20,0x22,0x40,0x3B,0x80,0xE2,0x00,0x22,0x10,0x22,0x10,0x21,0xF0,0x10,0x80,0x10,0x80,0xFC,0x80,0x20,
0xF8,0x51,0x08,0x51,0x10,0xFE,0x40,0x10,0x40,0x10,0x40,0x1C,0x40,0xF0,0xA0,0x10,0xA0,0x11,0x10,0x12,
0x08,0x04,0x00,0x7F,0xF0,0x08,0x00,0x12,0x00,0x3F,0xE0,0x02,0x00,0xFF,0xF8,0x02,0x00,0x02,0x00,0x7D,
0xF0,0x05,0x10,0x24,0x90,0x18,0x60,0x65,0x98,0x20,0x40,0x20,0x40,0xF8,0x40,0x43,0xF8,0x42,0x48,0xA2,
0x48,0xFA,0x48,0x23,0xF8,0x22,0x48,0x3A,0x48,0xE2,0x48,0x22,0x48,0x23,0xF8,0x22,0x08,0x20,0x00,0x23,
0xF0,0xF8,0x20,0x40,0x40,0x40,0xA0,0xA1,0x10,0xFA,0x08,0x24,0x00,0x23,0xF0,0x38,0x40,0xE0,0x40,0x20,
0x40,0x20,0x40,0x27,0xF8,0x10,0x80,0x10,0xA0,0x7C,0x90,0x10,0x80,0xFF,0xF8,0x20,0x80,0xFE,0x90,0x20,
0x90,0x50,0xA0,0x7C,0xA0,0x10,0x48,0xFE,0xA8,0x11,0x18,0x12,0x08,0x20,0x70,0x23,0x80,0xF8,0x80,0x40,
0x80,0x47,0xF8,0xA1,0x20,0xFA,0x10,0x24,0x08,0x21,0x20,0x39,0x20,0xE1,0x20,0x21,0x20,0x22,0x20,0x24,
0x20,0x20,0x80,0x20,0x40,0xFB,0xF8,0x40,0x00,0x40,0xA0,0xA1,0x10,0xFA,0x08,0x21,0x10,0x21,0x10,0x38,
0xA0,0xE0,0x40,0x20,0xA0,0x21,0x10,0x22,0x08,0x20,0x50,0x20,0x48,0xFB,0xF8,0x40,0x40,0x43,0xF8,0xA2,
0x48,0xFA,0x48,0x23,0xF8,0x22,0x48,0x3A,0x48,0xE3,0xF8,0x22,0x48,0x22,0x48,0x22,0x18,0x20,0x00,0x23,
0xF8,0xF8,0xA0,0x40,0xA0,0x43,0xF8,0xA2,0xA8,0xFA,0xA8,0x22,0xA8,0x23,0x58,0x3A,0x08,0xE2,0x08,0x22,
0x08,0x22,0x08,0x22,0x38,0x09,0x00,0xF9,0xF0,0x09,0x00,0x79,0xE0,0x09,0x00,0xF9,0xF0,0x09,0x00,0xFF,
0xF0,0x22,0x00,0x7F,0xE0,0x02,0x00,0xFF,0xF8,0x02,0x00,0x02,0x00,0x20,0x00,0x27,0xF8,0xAC,0x88,0x70,
0x80,0x27,0xF8,0xF9,0x00,0x52,0x40,0x53,0xF0,0x50,0x40,0x50,0x40,0x57,0xF8,0x58,0x40,0x50,0x40,0x80,
0x40,0x20,0x00,0x23,0xF0,0xFA,0x10,0x43,0xF0,0x42,0x10,0xA3,0xF0,0xF8,0x00,0x22,0x48,0x22,0x50,0x3B,
0xE0,0xE2,0x40,0x22,0xC8,0x23,0x48,0x22,0x38,0x20,0x00,0x27,0xF0,0xF8,0x00,0x43,0xE0,0x42,0x20,0xA2,
0x20,0xFB,0xE0,0x20,0x00,0x27,0xF0,0x3C,0x90,0xE7,0xF0,0x24,0x90,0x27,0xF0,0x24,0x10,0x20,0x00,0x23,
0xF0,0xFA,0x10,0x43,0xF0,0x40,0x00,0xA7,0xF8,0xFA,0x10,0x23,0xF0,0x22,0x10,0x3B,0xF0,0xE2,0x10,0x22,
0x78,0x27,0x90,0x20,0x10,0x40,0x80,0x41,0x40,0xF2,0x20,0x44,0x10,0x8B,0xE8,0xA0,0x00,0xF7,0x88,0x24,
0xA8,0x27,0xA8,0x34,0xA8,0xE7,0xA8,0x24,0xA8,0x24,0x88,0x25,0xB8,0x20,0x80,0x20,0x80,0xFB,0xF0,0x40,
0x80,0x47,0xF8,0xA0,0x00,0xFB,0xF0,0x22,0x10,0x23,0xF0,0x38,0x88,0xE1,0x50,0x23,0x20,0x2D,0x10,0x21,
0x88,0x21,0x00,0x20,0x80,0xFF,0xF8,0x44,0x88,0x43,0xF0,0xA0,0x80,0xFB,0xF0,0x20,0x80,0x27,0xF8,0x38,
0x80,0xE3,0xF0,0x22,0x10,0x23,0xF0,0x22,0x10,0x20,0x00,0x23,0xF8,0xFA,0x08,0x43,0xF8,0x42,0x90,0xA3,
0xF8,0xFA,0x90,0x22,0x90,0x23,0xF8,0x3A,0xA0,0xE2,0xA8,0x22,0x90,0x22,0xD0,0x24,0x88,0x44,0x40,0x42,
0x40,0xFF,0x40,0x44,0x78,0x89,0x90,0xAF,0x50,0xF0,0x50,0x2F,0x50,0x29,0x50,0x3F,0x20,0xE9,0x20,0x2F,
0x50,0x29,0x50,0x2B,0x88,0x04,0x00,0x02,0x00,0x3F,0xE0,0x00,0x00,0x10,0x40,0x08,0x80,0xFF,0xF8,0x02,
0x00,0x02,0x00,0x7F,0xF0,0x02,0x00,0x02,0x00,0x02,0x00,0x02,0x00,0x02,0x00,0xFF,0xF8,0x02,0x00,0x3F,
0xE0,0x20,0x20,0x3F,0xE0,0x02,0x00,0x7F,0xF0,0x10,0x40,0xFF,0xF8,0x02,0x00,0x3F,0xE0,0x02,0x00,0x02,
0x00,0x00,0x80,0x0C,0x40,0x71,0xF0,0x10,0x00,0x11,0x10,0xFC,0xA0,0x11,0xF8,0x10,0x40,0x7C,0x40,0x45,
0xF0,0x44,0x40,0x44,0x40,0x7C,0x40,0x44,0x40,0x00,0x80,0x7C,0x40,0x45,0xF0,0x44,0x00,0x7D,0x10,0x40,
0xA0,0x41,0xF8,0x7C,0x40,0x64,0x40,0xA5,0xF0,0xA4,0x40,0x3C,0x40,0x24,0x40,0x00,0x40,0x20,0x40,0x10,
0x40,0x7D,0xF8,0x00,0x40,0x45,0xF0,0x29,0x50,0xFD,0x50,0x11,0xF0,0x10,0x40,0x7C,0xE0,0x11,0x50,0x12,
0x48,0x20,0x40,0x40,0x40,0x41,0x40,0x21,0x20,0xF9,0xF8,0x01,0x00,0x55,0x50,0x25,0x20,0xFD,0xF8,0x25,
0x20,0x21,0x20,0x71,0x70,0x21,0x20,0x22,0x20,0x42,0x20,0x84,0x20,0x44,0x40,0x22,0x20,0xFA,0xF8,0x00,
0x00,0x50,0x50,0x26,0x20,0xFA,0xF8,0x22,0x20,0x22,0x20,0x72,0x70,0x22,0x20,0x23,0x20,0x42,0x20,0x80,
0x20,0x41,0x20,0x21,0x10,0xFA,0x78,0x02,0x40,0x57,0xA8,0x20,0x90,0xF9,0x38,0x22,0x10,0x27,0x90,0x70,
0x38,0x21,0x90,0x26,0x10,0x40,0x10,0x80,0x10,0x7F,0xF8,0x40,0x00,0x40,0x00,0x5F,0xE0,0x40,0x00,0x40,
0x00,0x7F,0xF8,0x49,0x00,0x49,0x10,0x48,0xA0,0x48,0x40,0x4A,0x20,0x8C,0x18,0x7F,0xF8,0x40,0x00,0x5F,
0xE0,0x40,0x00,0x7F,0xF8,0x48,0x90,0x4A,0x60,0x8C,0x18,0x08,0x40,0xFF,0xF8,0x10,0x40,0x08,0x40,0x01,
0xC0,0x01,0x00,0x41,0x00,0x21,0x00,0x2F,0xF0,0x01,0x10,0x01,0x10,0xE1,0x10,0x21,0x10,0x22,0x10,0x22,
0x10,0x24,0x10,0x28,0x60,0x50,0x00,0x8F,0xF8,0x40,0x00,0x2F,0xF8,0x20,0x10,0x00,0x20,0x00,0x40,0xE0,
0x80,0x20,0x80,0x20,0x80,0x20,0x80,0x20,0x80,0x20,0x80,0x23,0x80,0x50,0x00,0x8F,0xF8,0x00,0x80,0x40,
0x80,0x20,0x80,0x2F,0xF8,0x00,0x80,0x00,0x80,0xE1,0x40,0x21,0x20,0x22,0x10,0x24,0x08,0x28,0x08,0x20,
0x00,0x50,0x00,0x8F,0xF8,0x40,0x70,0x27,0x80,0x20,0x80,0x00,0x80,0x00,0x80,0xEF,0xF8,0x20,0x80,0x20,
0x80,0x20,0x80,0x20,0x80,0x20,0x80,0x20,0x80,0x50,0x00,0x8F,0xF8,0x47,0xF0,0x20,0x80,0x20,0x80,0x00,
0x80,0x0F,0xF8,0xE0,0x80,0x20,0x80,0x20,0x80,0x20,0x80,0x20,0x80,0x23,0x80,0x50,0x00,0x8F,0xF8,0x02,
0x00,0x42,0x00,0x23,0xF0,0x24,0x00,0x08,0x00,0x03,0xE0,0xE0,0x40,0x20,0x80,0x21,0x00,0x22,0x10,0x22,
0x10,0x21,0xF0,0x50,0x00,0x8F,0xF8,0x4F,0xE0,0x20,0x20,0x22,0x20,0x02,0x20,0x02,0x20,0xEF,0xE0,0x22,
0x20,0x22,0x20,0x22,0x28,0x22,0x18,0x22,0x08,0x50,0x00,0x8F,0xF8,0x00,0x20,0x40,0x20,0x20,0x20,0x2F,
0xF8,0x00,0x20,0x04,0x20,0xE2,0x20,0x22,0x20,0x20,0x20,0x20,0x20,0x20,0x20,0x20,0xE0,0x50,0x00,0x8F,
0xF8,0x4F,0xF8,0x21,0x00,0x21,0x00,0x01,0xF0,0x01,0x10,0xE1,0x10,0x22,0x10,0x22,0x10,0x24,0x10,0x28,
0x60,0x20,0x00,0x50,0x00,0x8F,0xF8,0x42,0x00,0x2C,0xF8,0x28,0x88,0x08,0x88,0x08,0x88,0xE8,0x88,0x28,
0x88,0x2A,0x88,0x2C,0xB8,0x28,0x80,0x20,0x80,0x50,0x80,0x8F,0xF8,0x47,0xE0,0x20,0x00,0x20,0x00,0x00,
0x00,0x0F,0xF8,0xE1,0x00,0x21,0x00,0x22,0x40,0x24,0x20,0x2F,0xF0,0x20,0x10,0x50,0x00,0x8F,0xF8,0x40,
0x70,0x27,0x80,0x24,0x00,0x04,0x00,0x04,0x00,0xE7,0xF8,0x24,0x20,0x24,0x20,0x24,0x20,0x24,0x20,0x24,
0x20,0x28,0x20,0x50,0x00,0x8F,0xF8,0x00,0x70,0x47,0x80,0x24,0x00,0x24,0x00,0x07,0xF0,0x04,0x10,0xE5,
0x20,0x24,0xA0,0x24,0x40,0x24,0xA0,0x29,0x10,0x22,0x10,0x50,0x00,0x8F,0xF8,0x4F,0xF8,0x20,0x40,0x20,
0x40,0x00,0x80,0x01,0xA0,0xE2,0x90,0x24,0x88,0x28,0x88,0x20,0x80,0x20,0x80,0x20,0x80,0x50,0x00,0x8F,
0xF8,0x01,0x00,0x40,0x80,0x20,0x80,0x2F,0xF8,0x00,0x20,0x00,0x20,0xE2,0x40,0x21,0x40,0x20,0x80,0x21,
0x40,0x22,0x20,0x24,0x10,0x50,0x00,0x8F,0xF8,0x02,0x20,0x42,0x20,0x22,0x20,0x2F,0xF8,0x02,0x20,0x02,
0x20,0xE2,0x20,0x2F,0xF8,0x22,0x20,0x22,0x20,0x22,0x20,0x24,0x20,0x50,0x00,0x8F,0xF8,0x47,0xE0,0x20,
0x00,0x20,0x00,0x00,0x00,0x0F,0xF0,0xE2,0x40,0x22,0x40,0x22,0x40,0x22,0x48,0x24,0x48,0x28,0x38,0x50,
0x00,0x8F,0xF8,0x40,0x80,0x20,0x80,0x2F,0xF8,0x00,0x80,0x00,0x80,0xE7,0xF0,0x20,0x80,0x20,0x80,0x2F,
0xF8,0x20,0x88,0x20,0x88,0x20,0xB0,0x50,0x80,0x8F,0xF8,0x01,0x00,0x41,0x00,0x2F,0xF0,0x22,0x00,0x04,
0x80,0x04,0x80,0xEF,0xF0,0x20,0x80,0x20,0x80,0x2F,0xF8,0x20,0x80,0x20,0x80,0x50,0x80,0x8F,0xF8,0x47,
0xF0,0x24,0x10,0x24,0x10,0x04,0x10,0x07,0xF0,0xE4,0x00,0x24,0x80,0x24,0x40,0x24,0x20,0x28,0x10,0x20,
0x10,0x50,0x00,0x8F,0xF8,0x4F,0xF0,0x22,0x10,0x22,0x10,0x04,0x10,0x08,0x60,0xE0,0x00,0x27,0xF0,0x24,
0x10,0x24,0x10,0x24,0x10,0x27,0xF0,0x50,0x00,0x8F,0xF8,0x40,0x80,0x20,0x80,0x27,0xF0,0x04,0x90,0x04,
0x90,0xE4,0x90,0x27,0xF0,0x24,0x90,0x24,0x90,0x24,0x90,0x27,0xF0,0x20,0x00,0x50,0x00,0x8F,0xF8,0x00,
0x80,0x41,0x00,0x27,0xF0,0x24,0x10,0x04,0x10,0x04,0x10,0xE7,0xF0,0x24,0x10,0x24,0x10,0x24,0x10,0x27,
0xF0,0x20,0x00,0x50,0x00,0x8F,0xF8,0x00,0x80,0x44,0x80,0x24,0x80,0x27,0xF0,0x08,0x80,0x00,0x80,0xEF,
0xF8,0x20,0x80,0x21,0x40,0x21,0x20,0x22,0x10,0x24,0x10,0x50,0x00,0x8F,0xF8,0x00,0x80,0x40,0xA0,0x20,
0x90,0x20,0x80,0x0F,0xF8,0x01,0x80,0xE1,0xC0,0x22,0xA0,0x22,0x90,0x24,0x88,0x28,0x88,0x20,0x80,0x50,
0x00,0x8F,0xF8,0x00,0x80,0x44,0x90,0x22,0x90,0x22,0xA0,0x00,0x80,0x0F,0xF8,0xE0,0x80,0x21,0xC0,0x22,
0xA0,0x24,0x90,0x28,0x90,0x20,0x80,0x50,0x80,0x8F,0xF8,0x42,0x10,0x21,0x20,0x20,0x00,0x07,0xF8,0x01,
0x20,0xE1,0x20,0x21,0x20,0x2F,0xF8,0x21,0x20,0x21,0x20,0x22,0x20,0x22,0x20,0x54,0x20,0x8F,0xF8,0x00,
0x80,0x40,0x40,0x20,0x00,0x27,0xF8,0x01,0x20,0x01,0x20,0xE5,0x30,0x25,0x28,0x29,0x28,0x22,0x20,0x22,
0x20,0x24,0xE0,0x50,0x00,0x8F,0xF8,0x00,0x80,0x41,0x00,0x2F,0xF0,0x28,0x10,0x08,0x10,0x0F,0xF0,0xE8,
0x00,0x28,0x00,0x2F,0xF8,0x28,0x08,0x28,0x08,0x2F,0xF8,0x50,0x00,0x8F,0xF8,0x47,0xE0,0x24,0x20,0x27,
0xE0,0x04,0x20,0x07,0xE0,0xE5,0x10,0x24,0xA0,0x24,0x40,0x25,0x20,0x26,0x10,0x24,0x10,0x50,0x00,0x8F,
0xF8,0x04,0x10,0x42,0x20,0x20,0x00,0x27,0xF0,0x00,0x80,0x00,0x80,0xEF,0xF8,0x20,0x80,0x21,0x40,0x21,
0x20,0x22,0x10,0x24,0x10,0x50,0x00,0x8F,0xF8,0x00,0x70,0x47,0x80,0x20,0x80,0x20,0x80,0x0F,0xF8,0x00,
0x80,0xE0,0x80,0x27,0xF0,0x24,0x10,0x24,0x10,0x27,0xF0,0x20,0x00,0x50,0x00,0x8F,0xF8,0x02,0x40,0x42,
0x40,0x22,0x40,0x2A,0x50,0x06,0x60,0x02,0x40,0xE6,0x60,0x2A,0x50,0x22,0x40,0x24,0x48,0x24,0x48,0x28,
0x38,0x50,0x00,0x8F,0xF8,0x44,0x10,0x22,0x20,0x20,0x00,0x0F,0xF8,0x00,0x80,0xE4,0x90,0x24,0x90,0x24,
0x90,0x27,0xF0,0x20,0x90,0x21,0x00,0x22,0x00,0x54,0x00,0x8F,0xF8,0x00,0x80,0x44,0x80,0x24,0x80,0x27,
0xF0,0x08,0x80,0x00,0x80,0xEF,0xF8,0x21,0x40,0x21,0x40,0x22,0x40,0x24,0x48,0x28,0x38,0x50,0x00,0x8F,
0xF8,0x80,0x20,0x5F,0x20,0x42,0x20,0x04,0x20,0x04,0xB0,0xC6,0xA8,0x5C,0xA8,0x45,0x28,0x44,0x20,0x44,
0x20,0x44,0x20,0x5C,0xE0,0x40,0x00,0xBF,0xF8,0x00,0xE0,0x47,0x00,0x21,0x00,0x2F,0xF0,0x03,0x40,0x05,
0x20,0xE9,0x10,0x2F,0xE0,0x22,0x20,0x22,0x70,0x24,0x10,0x28,0x10,0x50,0x60,0x8F,0xF8,0x4F,0xF8,0x21,
0x00,0x22,0x80,0x0C,0xC8,0x01,0x50,0xE2,0x60,0x2C,0xD0,0x21,0x48,0x22,0x48,0x2C,0x40,0x21,0x80,0x50,
0x00,0x8F,0xF8,0x02,0x20,0x41,0x40,0x27,0xF0,0x20,0x90,0x00,0x90,0x07,0xF0,0xE4,0x80,0x24,0x80,0x27,
0xF8,0x21,0x88,0x22,0x88,0x24,0xB0,0x50,0x80,0x8F,0xF8,0x40,0x80,0x21,0x40,0x22,0x20,0x0C,0x18,0x03,
0xE0,0xE0,0x80,0x20,0x80,0x2F,0xF8,0x22,0xA0,0x24,0x90,0x28,0x90,0x23,0x80,0x50,0x00,0x8F,0xF8,0x4F,
0xF8,0x20,0x00,0x27,0xF0,0x04,0x10,0x04,0x10,0xE7,0xF0,0x20,0x00,0x24,0x10,0x22,0x20,0x2F,0xF8,0x20,
0x00,0x50,0x00,0x8F,0xF8,0x47,0xF0,0x21,0x20,0x20,0xC0,0x07,0xF0,0x04,0x90,0xE4,0x90,0x27,0xF0,0x24,
0x90,0x24,0x90,0x27,0xF0,0x24,0x90,0x24,0xB0,0x50,0x00,0x8F,0xF8,0x09,0x00,0x46,0x00,0x26,0xF8,0x2A,
0x20,0x02,0x20,0x02,0x20,0xE6,0xF8,0x2A,0x20,0x22,0x20,0x22,0x20,0x22,0x20,0x2C,0xF8,0x50,0x00,0x8F,
0xF8,0x04,0x18,0x44,0xE0,0x24,0x80,0x2E,0x80,0x04,0xF8,0x04,0x90,0xE6,0x90,0x2C,0x90,0x24,0x90,0x24,
0x90,0x24,0x90,0x2D,0x10,0x50,0x00,0x8F,0xF8,0x47,0xF0,0x24,0x10,0x24,0x10,0x07,0xF0,0x00,0x00,0xE7,
0xF0,0x20,0x80,0x27,0xF0,0x20,0x80,0x20,0x80,0x2F,0xF8,0x50,0x00,0x8F,0xF8,0x00,0x80,0x40,0x80,0x2F,
0xF8,0x20,0x80,0x07,0xF0,0x04,0x90,0xE4,0x90,0x27,0xF0,0x21,0xC0,0x22,0xA0,0x24,0x90,0x28,0x88,0x50,
0x80,0x8F,0xF8,0x00,0x80,0x44,0x80,0x27,0xF0,0x28,0x80,0x00,0x80,0x0F,0xF8,0xE0,0x00,0x20,0x00,0x27,
0xF0,0x24,0x10,0x24,0x10,0x27,0xF0,0x50,0x00,0x8F,0xF8,0x42,0x00,0x27,0xF0,0x2A,0x20,0x01,0xC0,0x1E,
0x38,0xE0,0x80,0x27,0xF0,0x20,0x80,0x27,0xF0,0x20,0x80,0x2F,0xF8,0x20,0x80,0x50,0x80,0x8F,0xF8,0x00,
0x80,0x47,0xF0,0x20,0x90,0x2F,0xF8,0x00,0x90,0x07,0xF0,0xE4,0x90,0x22,0xA0,0x21,0xC0,0x22,0xA0,0x24,
0x90,0x21,0x80,0x50,0x00,0x8F,0xF8,0x42,0x00,0x23,0xC0,0x24,0x40,0x08,0x80,0x1F,0xF0,0xE8,0x90,0x29,
0x10,0x2F,0xF0,0x22,0xC0,0x22,0xA0,0x24,0x88,0x28,0x78,0x50,0x00,0x8F,0xF8,0x40,0x00,0x2F,0xF8,0x29,
0x48,0x09,0x48,0x0F,0xF8,0xE1,0x00,0x23,0xF0,0x25,0x10,0x28,0xA0,0x20,0x40,0x21,0x80,0x26,0x00,0x50,
0x00,0x8F,0xF8,0x40,0x00,0x2F,0xF8,0x20,0x00,0x07,0xF0,0x04,0x10,0xE7,0xF0,0x20,0x00,0x2F,0xF8,0x28,
0x88,0x2F,0xF8,0x28,0x88,0x2F,0xF8,0x50,0x00,0x8F,0xF8,0x00,0x80,0x41,0x40,0x22,0x20,0x2D,0xD8,0x00,
0x00,0x0F,0x08,0xE9,0x48,0x2F,0x48,0x29,0x48,0x2F,0x48,0x29,0x08,0x2B,0x38,0x50,0x00,0x8F,0xF8,0x00,
0x70,0x47,0xC0,0x24,0x40,0x27,0xF8,0x04,0x40,0x05,0xF0,0xE5,0x10,0x25,0xF0,0x25,0x10,0x25,0xF0,0x29,
0x10,0x21,0xF0,0x50,0x00,0x8F,0xF8,0x04,0x20,0x42,0x40,0x2F,0xF8,0x21,0x00,0x02,0x80,0x0C,0xC8,0xE1,
0x50,0x22,0xE0,0x2D,0x50,0x22,0x48,0x2C,0x48,0x21,0x80,0x50,0x00,0x8F,0xF8,0x40,0x00,0x27,0xF0,0x24,
0x90,0x07,0xF0,0x04,0x90,0xE7,0xF0,0x20,0x80,0x2F,0xF8,0x28,0xA8,0x2B,0xE8,0x28,0x28,0x28,0x18,0x50,
0x00,0x8F,0xF8,0x41,0x00,0x20,0x80,0x27,0xF0,0x04,0x10,0x07,0xF0,0xE4,0x00,0x27,0xF0,0x2D,0x50,0x2F,
0xF0,0x35,0x50,0x25,0x50,0x24,0x30,0x50,0x00,0x8F,0xF8,0x47,0xF0,0x24,0x10,0x27,0xF0,0x04,0x10,0x07,
0xF0,0xE2,0x00,0x27,0xF8,0x28,0x88,0x25,0x48,0x27,0xE8,0x20,0x30,0x50,0x00,0x8F,0xF8,0x04,0x10,0x42,
0x20,0x20,0x00,0x2F,0xF8,0x02,0x00,0x07,0xF0,0xE4,0x10,0x27,0xF0,0x24,0x10,0x27,0xF0,0x24,0x10,0x27,
0xF0,0x50,0x00,0x8F,0xF8,0x00,0x80,0x47,0xF0,0x24,0x90,0x27,0xF0,0x00,0x80,0x0F,0xF8,0xE0,0x00,0x27,
0xF0,0x24,0x10,0x24,0x90,0x25,0x50,0x22,0x20,0x54,0x10,0x8F,0xF8,0x40,0x80,0x27,0xF0,0x24,0x90,0x07,
0xF0,0x00,0x80,0xEF,0xF8,0x24,0x10,0x27,0xF0,0x24,0x00,0x27,0xF0,0x24,0x10,0x27,0xF0,0x50,0x00,0x8F,
0xF8,0x40,0x38,0x2F,0xD0,0x25,0x10,0x02,0xA0,0x04,0x00,0xE7,0xF0,0x28,0x80,0x20,0x80,0x2F,0xF8,0x20,
0x80,0x24,0x90,0x27,0xF0,0x50,0x00,0x8F,0xF8,0x02,0x40,0x5F,0xF8,0x22,0x40,0x2F,0xF0,0x0A,0x50,0x0F,
0xF0,0xEA,0x50,0x2F,0xF0,0x24,0x20,0x27,0xE0,0x24,0x20,0x27,0xE0,0x50,0x00,0x8F,0xF8,0x81,0x00,0x40,
0x80,0x4F,0xF8,0x09,0x20,0x09,0x20,0xCF,0xF8,0x49,0x20,0x49,0x20,0x49,0xE0,0x50,0x00,0x55,0x50,0x68,
0xA8,0x40,0x00,0xBF,0xF8,0x02,0x20,0x4F,0xF8,0x21,0x40,0x27,0xF0,0x05,0x50,0x06,0x30,0xE5,0xD0,0x24,
0x10,0x27,0xF0,0x20,0x20,0x27,0xF8,0x22,0x20,0x51,0x60,0x8F,0xF8,0x40,0x40,0x2F,0x20,0x29,0xF8,0x09,
0x00,0x0F,0x50,0xE8,0x20,0x28,0xF8,0x2F,0x20,0x2D,0x70,0x35,0x20,0x27,0x20,0x20,0x20,0x50,0x00,0x8F,
0xF8,0x84,0x40,0x5F,0x40,0x51,0x40,0x1F,0x78,0x11,0x90,0xDF,0x10,0x44,0x50,0x7F,0x50,0x48,0x20,0x4F,
0x20,0x51,0x50,0x63,0x50,0x40,0x80,0xBF,0xF8,0x7F,0xC0,0x40,0x40,0x40,0x40,0x7F,0xC0,0x00,0x00,0xFF,
0xE0,0x84,0x20,0x84,0x20,0x84,0x20,0xFF,0xE0,0x80,0x00,0x80,0x10,0x80,0x10,0x7F,0xF0,0x7E,0xF8,0x02,
0x88,0x02,0x90,0x24,0x90,0x14,0xA0,0x08,0x90,0x08,0x88,0x14,0x88,0x24,0x88,0x42,0x88,0x82,0xB0,0x00,
0x80,0x00,0x80,0x7E,0xF8,0x24,0x88,0x24,0x90,0x24,0x90,0x24,0xA0,0xFF,0x90,0x24,0x88,0x24,0x88,0x24,
0x88,0x24,0x88,0x24,0xB0,0x44,0x80,0x84,0x80,0x7E,0xF8,0x12,0x88,0x12,0x90,0x7E,0x90,0x12,0xA0,0x12,
0x90,0x7E,0x88,0x12,0x88,0x22,0x88,0x22,0x88,0x42,0xB0,0x8C,0x80,0x00,0x80,0x10,0x00,0x10,0xF8,0xFE,
0x88,0x10,0x90,0x10,0x90,0x7C,0xA0,0x10,0x90,0x10,0x88,0xFE,0x88,0x10,0x88,0x10,0x88,0x20,0xB0,0x40,
0x80,0x80,0x80,0x7E,0xF8,0x04,0x88,0x24,0x90,0x24,0x90,0x44,0xA0,0x7F,0x90,0x0C,0x88,0x14,0x88,0x14,
0x88,0x24,0x88,0x44,0xB0,0x84,0x80,0x1C,0x80,0x10,0x00,0x10,0xF8,0x10,0x88,0xFE,0x90,0x92,0x90,0x92,
0xA0,0x92,0x90,0xFE,0x88,0x92,0x88,0x92,0x88,0x92,0x88,0xFE,0xB0,0x82,0x80,0x00,0x80,0x42,0x00,0x42,
0x78,0x42,0x48,0xFF,0x48,0x42,0x48,0x42,0x50,0x42,0x50,0x7E,0x48,0x42,0x48,0x42,0x48,0x42,0x48,0x42,
0x70,0x7E,0x40,0x42,0x40,0x06,0x00,0x78,0xF8,0x40,0x88,0x40,0x90,0x40,0x90,0x7E,0xA0,0x44,0x90,0x44,
0x88,0x44,0x88,0x44,0x88,0x4E,0x88,0xF0,0xB0,0x00,0x80,0x00,0x80,0x7E,0xF8,0x22,0x88,0x22,0x90,0x22,
0x90,0x42,0xA0,0x8C,0x90,0x00,0x88,0x7E,0x88,0x42,0x88,0x42,0x88,0x42,0xB0,0x7E,0x80,0x42,0x80,0x20,
0x00,0x20,0xF8,0x3C,0x88,0x44,0x90,0x88,0x90,0x7E,0xA0,0x02,0x90,0x02,0x88,0x7E,0x88,0x02,0x88,0x02,
0x88,0xFE,0xB0,0x02,0x80,0x00,0x80,0x10,0x00,0x10,0xF8,0x28,0x88,0x24,0x90,0x52,0x90,0x88,0xA0,0x00,
0x90,0x7C,0x88,0x04,0x88,0x08,0x88,0x28,0x88,0x10,0xB0,0x08,0x80,0x08,0x80,0x10,0x00,0x10,0xF8,0x7E,
0x88,0x20,0x90,0x20,0x90,0x7E,0xA0,0x62,0x90,0xA2,0x88,0x3E,0x88,0x22,0x88,0x3E,0x88,0x22,0xB0,0x22,
0x80,0x26,0x80,0x20,0x00,0x10,0xF8,0xFC,0x88,0x00,0x90,0x28,0x90,0x44,0xA0,0x8A,0x90,0x48,0x88,0x28,
0x88,0x10,0x88,0x28,0x88,0x44,0xB0,0x84,0x80,0x00,0x80,0x20,0x00,0x11,0xF0,0xFD,0x10,0x85,0x20,0x85,
0x20,0xFD,0x40,0x85,0x20,0x85,0x10,0xFD,0x10,0xA1,0x10,0x91,0x10,0xA9,0x60,0xC5,0x00,0x81,0x00,0x44,
0x00,0x28,0xF8,0x00,0x88,0x7C,0x90,0x10,0x90,0x10,0xA0,0x10,0x90,0xFE,0x88,0x10,0x88,0x10,0x88,0x28,
0x88,0x24,0xB0,0x44,0x80,0x80,0x80,0x08,0x00,0x08,0x78,0x3E,0x48,0x08,0x48,0x08,0x48,0x7F,0x50,0x14,
0x50,0x14,0x48,0x56,0x48,0x55,0x48,0x95,0x48,0x24,0x70,0x24,0x40,0x4C,0x40,0x7E,0x78,0x12,0x48,0x12,
0x48,0x7F,0xC8,0x12,0x50,0x12,0x50,0x7E,0x48,0x20,0x48,0x3E,0x48,0x62,0x48,0xA2,0x70,0x3E,0x40,0x22,
0x40,0x7C,0x00,0x44,0xF8,0x44,0x88,0x7C,0x90,0x00,0x90,0xFE,0xA0,0x82,0x90,0x92,0x88,0x92,0x88,0x92,
0x88,0x92,0x88,0x28,0xB0,0x44,0x80,0x82,0x80,0x20,0x00,0x10,0x78,0x7E,0x48,0x00,0x48,0x42,0x48,0x24,
0x50,0xFF,0x50,0x00,0x48,0x00,0x48,0x7E,0x48,0x42,0x48,0x42,0x70,0x7E,0x40,0x42,0x40,0x08,0x00,0xFF,
0x78,0x00,0x48,0x7E,0x48,0x42,0x48,0x7E,0x50,0x00,0x50,0x7E,0x48,0x04,0x48,0x0F,0x48,0xF8,0x48,0x08,
0x70,0x08,0x40,0x38,0x40,0x22,0x00,0x22,0x78,0x22,0x48,0xF7,0x48,0x22,0x48,0x22,0x50,0x72,0x50,0x6B,
0x48,0xA6,0xC8,0x2A,0x48,0x22,0x48,0x22,0x70,0x22,0x40,0x22,0x40,0x22,0x00,0x14,0x78,0x7F,0x48,0x49,
0x48,0x49,0x48,0x7F,0x50,0x49,0x50,0x49,0x48,0x7F,0x48,0x08,0x48,0x08,0x48,0xFF,0x70,0x08,0x40,0x08,
0x40,0x10,0x00,0x12,0x78,0x7A,0x48,0x14,0x48,0x14,0x48,0xFF,0x50,0x10,0x50,0x20,0x48,0x7E,0x48,0xA2,
0x48,0x3E,0x48,0x22,0x70,0x3E,0x40,0x22,0x40,0xEE,0x78,0xAA,0x48,0xAA,0x48,0xEE,0x48,0x00,0x50,0x7C,
0x50,0x00,0x48,0xFF,0x48,0x40,0x48,0x7E,0x48,0x02,0x70,0x02,0x40,0x0C,0x40,0x3E,0x00,0x22,0x78,0x3E,
0x48,0x08,0x48,0xFF,0x48,0x08,0x50,0x7F,0x50,0x41,0x48,0x5D,0x48,0x55,0x48,0x5D,0x48,0x41,0x70,0x7F,
0x40,0x41,0x40,0xFF,0xF8,0x08,0x80,0x08,0x80,0x7F,0xF0,0x48,0x90,0x48,0x90,0x50,0x70,0x60,0x10,0x7F,
0xF0,0x40,0x10,0x40,0x10,0x7F,0xF0,0x40,0x10,0x10,0x40,0x08,0x80,0xFF,0xF8,0x08,0x80,0x08,0x80,0x7F,
0xF0,0x48,0x90,0x50,0x70,0x60,0x10,0x7F,0xF0,0x40,0x10,0x40,0x10,0x7F,0xF0,0x40,0x10,0x00,0x80,0xFE,
0x80,0x28,0xF8,0x29,0x08,0xFE,0x08,0xAA,0x08,0xAA,0x88,0xC6,0x48,0x82,0x48,0xFE,0x08,0x82,0x08,0x82,
0x08,0xFE,0x08,0x82,0x30,0xFE,0xF0,0x28,0x10,0x28,0x10,0xFE,0x10,0xAA,0x10,0xAA,0xF0,0xC6,0x80,0x82,
0x80,0xFE,0x80,0x82,0x80,0x82,0x88,0xFE,0x88,0x82,0x78,0x5F,0xF8,0x22,0x40,0x02,0x40,0x8F,0xF0,0x4A,
0x50,0x0A,0x50,0x2C,0x30,0x28,0x10,0x4F,0xF0,0x48,0x10,0x88,0x10,0x8F,0xF0,0x08,0x10,0xF9,0x10,0x21,
0x10,0x20,0xA0,0xFA,0xA8,0xAA,0xA8,0xAA,0x48,0xDA,0x48,0x8A,0xA8,0xFA,0xA8,0x8A,0x98,0x8B,0x18,0xFA,
0x08,0x8B,0xF8,0x00,0x50,0xFE,0x50,0x28,0x88,0x28,0x88,0xFF,0x00,0xAA,0x00,0xAA,0xF8,0xC6,0x48,0x82,
0x48,0xFE,0x48,0x82,0x48,0x82,0x88,0xFE,0x88,0x83,0x30,0xFE,0xF0,0x28,0x00,0x28,0x00,0xFE,0x00,0xAB,
0xF8,0xAA,0x20,0xC6,0x20,0x82,0x40,0xFE,0x40,0x82,0x90,0x82,0x88,0xFE,0xF8,0x82,0x08,0x00,0x20,0xFE,
0x20,0x28,0x20,0x28,0x20,0xFE,0xF8,0xAA,0x20,0xAA,0x20,0xC6,0x20,0x82,0x50,0xFE,0x50,0x82,0x50,0x82,
0xA8,0xFE,0xA8,0x83,0x00,0x00,0x90,0xFE,0x90,0x28,0x90,0x29,0xF8,0xFE,0x90,0xAA,0x90,0xAA,0x90,0xC6,
0xF0,0x82,0x90,0xFE,0x90,0x82,0x90,0x82,0x90,0xFE,0xF0,0x82,0x90,0xFE,0x18,0x28,0xE0,0x28,0x20,0xFE,
0x20,0xAA,0xF8,0xAA,0x20,0xC6,0x70,0x82,0x70,0xFE,0xA8,0x82,0xA8,0x83,0x20,0xFE,0x20,0x82,0x20,0x00,
0x40,0xFE,0x40,0x28,0x70,0x28,0x90,0xFE,0x50,0xAA,0x20,0xAA,0x50,0xC6,0x88,0x82,0x70,0xFE,0x50,0x82,
0x50,0x82,0x50,0xFE,0x70,0x82,0x50,0x00,0x88,0xFE,0xA8,0x28,0xA8,0x28,0xA8,0xFE,0xA8,0xAA,0xE8,0xAB,
0xB8,0xC6,0xA8,0x82,0xA8,0xFE,0xA8,0x82,0xA8,0x82,0xA8,0xFE,0x88,0x83,0x08,0xFB,0xF8,0x22,0x08,0x22,
0x08,0xFA,0xE8,0xAA,0x08,0xAA,0xE8,0xDA,0xA8,0x8A,0xA8,0xFA,0xA8,0x8A,0xE8,0x8A,0x08,0xFA,0x08,0x8A,
0x38,0x08,0x80,0x48,0xF0,0x29,0x10,0x1A,0xA0,0x28,0x40,0x48,0x80,0xFF,0xF8,0x08,0x80,0x7F,0xF0,0x50,
0x90,0x60,0x70,0x4F,0x90,0x40,0x10,0x7F,0xF0,0x00,0x20,0xFE,0x28,0x28,0xF8,0x28,0x28,0xFE,0x28,0xAA,
0xF8,0xAA,0x10,0xC6,0xF8,0x82,0x48,0xFE,0x90,0x82,0xF8,0x82,0x10,0xFE,0x10,0x82,0x70,0x01,0x00,0xF9,
0x00,0x21,0xF8,0x22,0x00,0xFD,0xF0,0xA9,0x90,0xA9,0x50,0xDF,0xF8,0x89,0x10,0xFA,0x90,0x8A,0x50,0x8B,
0xF8,0xF8,0x10,0x88,0x60,0x00,0x20,0xFE,0xA0,0x28,0xF8,0x29,0x20,0xFE,0x20,0xAA,0xF8,0xAA,0x00,0xC6,
0x00,0x82,0xF8,0xFE,0x88,0x82,0x88,0x82,0x88,0xFE,0xF8,0x82,0x88,0x00,0x40,0xF8,0x80,0x21,0x10,0x23,
0xF8,0xF8,0x08,0xA9,0x20,0xAA,0x10,0xDD,0x08,0x89,0xF0,0xF9,0x10,0x8A,0xA0,0x8C,0x40,0xF8,0xA0,0x8B,
0x18,0x00,0x40,0xFE,0x20,0x28,0xF8,0x28,0x88,0xFE,0x88,0xAA,0xF8,0xAA,0x88,0xC6,0x88,0x82,0xF8,0xFE,
0xA0,0x82,0xA8,0x82,0x90,0xFE,0xA8,0x82,0xC0,0x00,0x20,0xFE,0xF8,0x28,0x00,0x28,0xF8,0xFE,0x88,0xAA,
0xF8,0xAA,0x00,0xC6,0xF8,0x82,0x10,0xFE,0x20,0x82,0xF8,0x82,0x20,0xFE,0x20,0x82,0xE0,0x00,0x80,0xF8,
0x40,0x23,0xF8,0x20,0x00,0xF9,0x10,0xA9,0x10,0xAA,0xA8,0xD8,0x00,0x88,0x40,0xFB,0xF8,0x88,0x40,0x88,
0x40,0xF8,0x40,0x88,0x40,0x00,0x50,0xFE,0x50,0x28,0xF8,0x28,0x50,0xFE,0x50,0xAA,0xF8,0xAA,0x00,0xC6,
0xF8,0x82,0x88,0xFE,0xF8,0x82,0x88,0x82,0x88,0xFE,0xF8,0x82,0x88,0xFE,0xF8,0x28,0x88,0x28,0xF8,0xFE,
0x88,0xAA,0xF8,0xAA,0x20,0xC6,0xA0,0x82,0xF8,0xFF,0x20,0x82,0xF8,0x82,0x20,0xFE,0x20,0x83,0xF8,0x00,
0x20,0xF8,0x20,0x24,0xA8,0x22,0x70,0xFA,0x20,0xA8,0xF8,0xAE,0x20,0xDA,0x70,0x8A,0xA8,0xFB,0x28,0x8A,
0x20,0x8A,0x20,0xFA,0x00,0x8D,0xF8,0x01,0x10,0xFB,0xF8,0x21,0x10,0x20,0x40,0xF8,0xA0,0xA9,0x10,0xAA,
0x08,0xD9,0xF0,0x88,0x40,0xF8,0x40,0x89,0xF0,0x88,0x40,0xF8,0x40,0x8B,0xF8,0x00,0xF0,0x7F,0x00,0x04,
0x20,0x22,0x20,0x10,0x40,0x02,0x00,0x02,0x00,0xFF,0xF8,0x07,0x00,0x0A,0x80,0x12,0x40,0x22,0x20,0xC2,
0x18,0x02,0x00,0x0C,0x40,0x70,0x40,0x10,0x40,0x97,0xF8,0x5A,0x48,0x12,0x48,0xFE,0x48,0x13,0xF8,0x3A,
0x48,0x36,0x48,0x52,0x48,0x52,0x48,0x93,0xF8,0x12,0x08,0x0C,0x00,0x73,0xF0,0x11,0x10,0x94,0xA0,0x58,
0x40,0x10,0xA0,0xFD,0x18,0x10,0x40,0x39,0xF0,0x34,0x40,0x50,0x40,0x53,0xF8,0x90,0x40,0x10,0x40,0x7F,
0xF0,0x42,0x10,0x42,0x10,0x7F,0xF0,0x42,0x10,0x42,0x10,0x7F,0xF0,0x02,0x00,0x02,0x00,0x7F,0xF0,0x02,
0x00,0x02,0x00,0x02,0x00,0xFF,0xF8,0x01,0xF0,0x7E,0x00,0x02,0x00,0xFF,0xF8,0x02,0x00,0x3F,0xE0,0x22,
0x20,0x3F,0xE0,0x22,0x20,0x3F,0xE0,0x02,0x00,0x7F,0xF0,0x02,0x00,0xFF,0xF8,0x7D,0xF0,0x54,0x10,0x54,
0xA0,0x7C,0x40,0x57,0xF8,0x54,0x48,0x7C,0x50,0x10,0x40,0x7C,0x40,0x10,0x40,0x1C,0x40,0xE0,0x40,0x01,
0xC0,0x3F,0xE0,0x24,0x20,0x22,0x20,0x3F,0xE0,0x00,0x00,0xFF,0xF8,0x22,0x20,0x3F,0xE0,0x22,0x20,0x3F,
0xE0,0x02,0x00,0x7F,0xF0,0x02,0x00,0xFF,0xF8,0x02,0x00,0x05,0x00,0x08,0x80,0x10,0x40,0x20,0x20,0xDF,
0xD8,0x02,0x00,0x02,0x00,0x7F,0xF0,0x02,0x00,0x22,0x20,0x12,0x20,0x12,0x40,0xFF,0xF8,0x08,0x80,0x10,
0x40,0x68,0xA0,0x07,0x00,0x18,0xC0,0xE0,0x38,0x1F,0xC0,0x02,0x00,0x02,0x00,0x7F,0xF0,0x02,0x00,0x22,
0x20,0x12,0x40,0xFF,0xF8,0x08,0x80,0x48,0x80,0x49,0xF8,0x4A,0x40,0x48,0x20,0x0A,0x20,0x0D,0x80,0x30,
0x60,0xDF,0xD8,0x02,0x00,0x3F,0xE0,0x12,0x40,0x0A,0x80,0x7F,0xF0,0x10,0x40,0x10,0x40,0x3C,0x40,0x20,
0x40,0x40,0x40,0xBD,0xF8,0x10,0x40,0x10,0x40,0x7C,0x40,0x10,0x40,0x10,0x40,0x14,0x40,0x18,0x40,0x10,
0x40,0x10,0x00,0x13,0xF8,0x3C,0x20,0x20,0x20,0x40,0x20,0xBC,0x20,0x10,0x20,0x10,0x20,0x7C,0x20,0x10,
0x20,0x10,0x20,0x14,0x20,0x18,0x20,0x10,0xE0,0x20,0x38,0x23,0xC0,0x38,0x40,0x40,0x40,0x80,0x40,0x78,
0x40,0x23,0xF8,0x20,0x40,0xF8,0x40,0x20,0x40,0x20,0x40,0x28,0x40,0x30,0x40,0x20,0x40,0x20,0x00,0x23,
0xE0,0x3A,0x20,0x42,0x20,0x82,0x20,0x7B,0x20,0x22,0xA0,0x22,0xA0,0xFA,0x20,0x22,0x20,0x22,0x20,0x2C,
0x28,0x34,0x28,0x28,0x18,0x10,0x80,0x10,0x80,0x3C,0xF8,0x21,0x08,0x42,0x08,0xBC,0x08,0x10,0x88,0x10,
0x48,0x7C,0x48,0x10,0x08,0x10,0x08,0x14,0x08,0x18,0x08,0x10,0x30,0x20,0x00,0x27,0xF8,0x38,0x40,0x40,
0x40,0x82,0x78,0x7A,0x40,0x22,0x40,0x22,0x40,0xFB,0xF8,0x20,0x08,0x20,0x08,0x28,0x08,0x30,0x08,0x20,
0x30,0x20,0x40,0x20,0x40,0x3B,0xF8,0x40,0x40,0x80,0x40,0x7A,0x48,0x22,0x48,0x22,0x48,0xFB,0xF8,0x20,
0x40,0x20,0x40,0x28,0x48,0x30,0x48,0x20,0x38,0x20,0x80,0x20,0x80,0x38,0x80,0x42,0xA0,0x82,0x90,0x7A,
0x88,0x24,0x88,0x20,0x80,0xF8,0x90,0x20,0x10,0x20,0x20,0x28,0x40,0x31,0x80,0x26,0x00,0x20,0x40,0x20,
0x40,0x38,0x40,0x43,0xF8,0x82,0x48,0x7A,0x48,0x22,0x48,0x22,0x48,0xFB,0xF8,0x22,0x48,0x20,0x40,0x28,
0x40,0x30,0x40,0x20,0x40,0x20,0x40,0x20,0x40,0x38,0x40,0x43,0xF8,0x82,0x48,0x7A,0x48,0x22,0x48,0x22,
0xA8,0xFA,0x98,0x23,0x08,0x22,0x08,0x2A,0x08,0x32,0x08,0x22,0x38,0x20,0x00,0x23,0xF8,0x3A,0x08,0x42,
0x08,0x82,0x48,0x7A,0x48,0x22,0x48,0x22,0x48,0xFA,0x48,0x22,0x48,0x20,0xA0,0x29,0x10,0x32,0x08,0x24,
0x08,0x20,0x00,0x23,0xF8,0x3A,0x08,0x42,0x28,0x83,0x28,0x7A,0xA8,0x22,0x48,0x22,0x48,0xFA,0xA8,0x22,
0xA8,0x23,0x08,0x2A,0x08,0x32,0x08,0x22,0x38,0x20,0x00,0x21,0xF8,0x39,0x08,0x41,0x08,0x81,0x08,0x79,
0xF8,0x21,0x08,0x21,0x08,0xF9,0xF8,0x21,0x08,0x21,0x08,0x2A,0x08,0x32,0x08,0x24,0x38,0x20,0x80,0x20,
0x80,0x38,0x80,0x40,0xF8,0x81,0x08,0x79,0x10,0x22,0x40,0x20,0x40,0xF8,0x40,0x20,0x40,0x20,0xA0,0x28,
0xA0,0x31,0x10,0x22,0x08,0x21,0x00,0x21,0x00,0x39,0xF8,0x42,0x08,0x84,0x08,0x79,0x08,0x20,0x88,0x20,
0x28,0xF8,0x48,0x20,0x88,0x23,0x08,0x28,0x08,0x30,0x08,0x20,0x30,0x20,0x80,0x21,0x00,0x3B,0xF0,0x42,
0x10,0x82,0x10,0x7A,0x70,0x22,0x00,0x23,0xF8,0xF8,0x08,0x20,0x08,0x27,0xE8,0x28,0x08,0x30,0x08,0x20,
0x30,0x21,0x00,0x21,0x00,0x39,0xF8,0x42,0x08,0x84,0x08,0x78,0x88,0x20,0x88,0x21,0x08,0xF9,0x48,0x23,
0xE8,0x20,0x28,0x28,0x08,0x30,0x08,0x20,0x30,0x20,0x00,0x23,0xF0,0x38,0x90,0x40,0x90,0x80,0x90,0x78,
0x90,0x20,0x90,0x23,0xF0,0xF9,0x10,0x21,0x10,0x21,0x10,0x29,0x10,0x31,0x10,0x23,0xF8,0x20,0xA0,0x20,
0x90,0x38,0x80,0x40,0xF0,0x83,0x80,0x78,0x80,0x20,0xB8,0x23,0xC0,0xF8,0x90,0x20,0xA0,0x20,0x48,0x28,
0xA8,0x33,0x18,0x20,0x08,0x22,0x10,0x22,0x10,0x3A,0x10,0x47,0xF8,0x82,0x10,0x7A,0x10,0x22,0x10,0x23,
0xF0,0xFA,0x10,0x22,0x10,0x22,0x10,0x2A,0x10,0x33,0xF0,0x22,0x10,0x20,0x80,0x20,0x80,0x38,0x80,0x47,
0xF8,0x80,0x80,0x79,0xC0,0x21,0xC0,0x22,0xA0,0xFA,0xA0,0x24,0x90,0x2B,0xE8,0x28,0x80,0x30,0x80,0x20,
0x80,0x20,0x80,0x20,0x80,0x38,0x80,0x40,0xF8,0x80,0x80,0x78,0x80,0x20,0x80,0x23,0xF0,0xFA,0x10,0x22,
0x10,0x22,0x10,0x2A,0x10,0x33,0xF0,0x22,0x10,0x20,0x00,0x23,0xF8,0x3A,0x48,0x42,0x48,0x82,0x48,0x7B,
0xF8,0x22,0x48,0x22,0x48,0xFA,0x48,0x23,0xF8,0x22,0x48,0x28,0x40,0x30,0x40,0x20,0x40,0x20,0x40,0x20,
0x40,0x38,0x40,0x43,0xF8,0x82,0x48,0x7A,0x48,0x22,0x48,0x23,0xF8,0xFA,0x48,0x22,0x48,0x22,0x48,0x2A,
0x48,0x33,0xF8,0x22,0x08,0x20,0x40,0x21,0x40,0x39,0x40,0x41,0xF0,0x82,0x40,0x78,0x40,0x20,0x40,0x23,
0xF8,0xF8,0x40,0x20,0x40,0x20,0xA0,0x28,0xA0,0x31,0x10,0x22,0x08,0x20,0x40,0x20,0x40,0x38,0x80,0x43,
0xF8,0x82,0x08,0x7A,0x08,0x22,0x08,0x23,0xF8,0xFA,0x08,0x22,0x08,0x22,0x08,0x2A,0x08,0x33,0xF8,0x22,
0x08,0x20,0x80,0x20,0x80,0x39,0x40,0x42,0x20,0x85,0x10,0x78,0x88,0x20,0x00,0x27,0xF0,0xF8,0x10,0x20,
0x20,0x2A,0x40,0x31,0x80,0x20,0x80,0x00,0x40,0x20,0x00,0x21,0xE0,0x39,0x20,0x41,0x20,0x81,0x20,0x79,
0x20,0x22,0x18,0x24,0x00,0xFB,0xF0,0x22,0x10,0x22,0x10,0x2A,0x10,0x33,0xF0,0x22,0x10,0x20,0x80,0x23,
0x38,0x3A,0xA8,0x42,0xA8,0x82,0xA8,0x7A,0xA8,0x22,0xA8,0x22,0xA8,0xFA,0xA8,0x23,0xA8,0x22,0xB8,0x28,
0xA0,0x31,0x20,0x22,0x20,0x20,0x80,0x20,0x90,0x3B,0xD0,0x40,0xA0,0x87,0xF8,0x78,0x80,0x21,0x00,0x23,
0xF0,0xFC,0x80,0x29,0x00,0x21,0xF0,0x28,0x10,0x30,0x10,0x20,0x60,0x20,0x40,0x22,0x48,0x39,0x48,0x41,
0x50,0x83,0xF8,0x78,0x08,0x20,0x08,0x20,0x08,0xFB,0xF8,0x20,0x08,0x20,0x08,0x28,0x08,0x33,0xF8,0x20,
0x08,0x20,0x00,0x23,0xF8,0x3A,0x08,0x42,0x08,0x82,0xE8,0x72,0x08,0x22,0xE8,0x22,0xA8,0xFA,0xA8,0x22,
0xA8,0x2A,0xE8,0x32,0x08,0x22,0x08,0x02,0x38,0x20,0x00,0x21,0xF0,0x39,0x10,0x41,0x10,0x81,0x10,0x79,
0xF0,0x20,0x00,0x20,0x00,0xFB,0xF8,0x22,0x08,0x22,0x08,0x2A,0x08,0x33,0xF8,0x22,0x08,0x40,0x08,0x4F,
0x88,0x68,0x88,0x8A,0xA8,0x0A,0xA8,0xEA,0xA8,0x4A,0xA8,0x4A,0xA8,0xEA,0xA8,0x42,0x28,0x45,0x08,0x64,
0x88,0x48,0x88,0x10,0x38,0x20,0x40,0x22,0x40,0x3A,0x40,0x43,0xF0,0x84,0x40,0x78,0x40,0x23,0xF8,0x21,
0x20,0xF9,0x20,0x21,0x20,0x21,0x20,0x2A,0x28,0x32,0x28,0x24,0x18,0x20,0x80,0x20,0x80,0x38,0xF0,0x41,
0x10,0x82,0xA0,0x78,0x40,0x20,0xA0,0x23,0x18,0xF8,0x00,0x21,0xF0,0x21,0x10,0x29,0x10,0x31,0xF0,0x21,
0x10,0x20,0x80,0x20,0x80,0x39,0xF8,0x42,0x08,0x85,0x10,0x78,0xA0,0x20,0x40,0x20,0x80,0xF9,0xF8,0x23,
0x08,0x21,0x08,0x29,0x08,0x31,0xF8,0x21,0x08,0x20,0x80,0x20,0x40,0x3B,0xF8,0x40,0x00,0x80,0xA0,0x79,
0x10,0x22,0x08,0x21,0x10,0xF9,0x10,0x20,0xA0,0x20,0x40,0x28,0xA0,0x31,0x10,0x22,0x08,0x20,0x80,0x20,
0x40,0x38,0x00,0x43,0xF8,0x80,0x80,0x78,0x80,0x21,0x50,0x21,0x60,0xFB,0x40,0x25,0x20,0x21,0x20,0x29,
0x50,0x31,0x88,0x21,0x00,0x20,0x40,0x20,0x20,0x3B,0xF8,0x40,0x00,0x81,0x10,0x70,0xA0,0x23,0xF8,0x22,
0x00,0xFA,0x00,0x22,0x00,0x2A,0x00,0x34,0x00,0x24,0x00,0x08,0x00,0x20,0x00,0x23,0xF0,0x3A,0x10,0x42,
0x10,0x83,0xF0,0x7A,0x10,0x22,0x10,0x23,0xF0,0xFA,0x48,0x22,0x50,0x22,0x20,0x2A,0xA0,0x33,0x10,0x22,
0x08,0x20,0x80,0x20,0x80,0x37,0xF0,0x40,0x80,0x83,0xE0,0x71,0x00,0x27,0xF8,0x21,0x00,0xF2,0x20,0x23,
0xF8,0x25,0x20,0x34,0xA0,0x28,0x20,0x00,0xE0,0x20,0xA0,0x20,0x90,0x37,0xF8,0x40,0x80,0x87,0xF0,0x74,
0x90,0x24,0x90,0x27,0xF0,0xF4,0x90,0x24,0x90,0x27,0xF0,0x34,0x90,0x24,0x90,0x04,0x30,0x48,0x40,0x44,
0x40,0x65,0xF8,0x80,0x80,0x01,0x20,0xED,0x20,0x45,0xF8,0x44,0x20,0xE4,0x20,0x45,0xF8,0x44,0x20,0x64,
0x20,0x4A,0x20,0x11,0xF8,0x20,0x40,0x22,0x48,0x39,0x50,0x40,0x40,0x83,0xF8,0x7A,0x08,0x22,0x08,0x23,
0xF8,0xFA,0x08,0x22,0x08,0x23,0xF8,0x2A,0x08,0x32,0x08,0x22,0x38,0x20,0x40,0x22,0x48,0x39,0x50,0x40,
0x40,0x83,0xF8,0x7A,0x08,0x22,0x48,0x22,0x48,0xFA,0x48,0x22,0x48,0x22,0x48,0x28,0xA0,0x31,0x10,0x26,
0x08,0x20,0x20,0x20,0x20,0x37,0x20,0x45,0x78,0x85,0x28,0x77,0x28,0x25,0x28,0x25,0x28,0xF7,0x28,0x25,
0x28,0x25,0x28,0x35,0xC8,0x2E,0x48,0x00,0x98,0x20,0x00,0x21,0xF0,0x39,0x10,0x41,0x10,0x81,0xF0,0x78,
0x40,0x20,0x40,0x23,0xF8,0xFA,0x48,0x22,0xA8,0x23,0x18,0x2A,0x08,0x32,0x08,0x22,0x38,0x20,0x60,0x23,
0x80,0x30,0x80,0x47,0xF0,0x81,0xC0,0x72,0xA0,0x24,0x98,0x20,0x00,0xF7,0xE0,0x21,0x20,0x21,0x70,0x32,
0x10,0x22,0x10,0x04,0x60,0x21,0x00,0x21,0xE0,0x3A,0x20,0x45,0x40,0x80,0x80,0x73,0x60,0x2C,0x98,0x23,
0xE0,0xF8,0x80,0x23,0xE0,0x28,0x80,0x37,0xF0,0x20,0x80,0x00,0x80,0x20,0x80,0x20,0x40,0x39,0xF0,0x40,
0x00,0x81,0x10,0x78,0xA0,0x23,0xF8,0x20,0x40,0xF8,0x40,0x21,0xF0,0x20,0x40,0x28,0x40,0x30,0x40,0x20,
0x40,0x22,0x10,0x21,0x10,0x39,0x20,0x43,0xF0,0x82,0x10,0x7A,0x10,0x22,0x10,0x23,0xF0,0xF9,0x20,0x21,
0x20,0x21,0x20,0x29,0x28,0x32,0x28,0x24,0x18,0x22,0x20,0x21,0x40,0x37,0xF0,0x40,0x90,0x80,0x90,0x77,
0xF0,0x24,0x80,0x24,0x80,0xF7,0xF8,0x21,0x88,0x22,0x88,0x34,0x88,0x28,0xB0,0x00,0x80,0x20,0x80,0x20,
0x90,0x3B,0xF0,0x40,0xA0,0x80,0xA0,0x7B,0xF8,0x20,0x80,0x21,0x00,0xFB,0xF0,0x26,0x10,0x23,0xF0,0x2A,
0x10,0x33,0xF0,0x22,0x10,0x21,0x20,0x21,0x20,0x3B,0xF0,0x41,0x20,0x81,0x20,0x7B,0xF8,0x20,0x00,0x23,
0xF0,0xFA,0x10,0x22,0x10,0x23,0xF0,0x2A,0x10,0x32,0x10,0x23,0xF0,0x21,0x10,0x21,0x10,0x3B,0xF8,0x41,
0x10,0x80,0x00,0x7B,0xF8,0x22,0x48,0x22,0x48,0xFB,0xF8,0x22,0x48,0x22,0x48,0x2A,0x48,0x33,0xF8,0x22,
0x08,0x20,0x00,0x23,0xF0,0x32,0x10,0x43,0xF0,0x82,0x10,0x73,0xF0,0x21,0x00,0x23,0xF8,0xF4,0xA8,0x29,
0x28,0x22,0x48,0x34,0x88,0x21,0x08,0x00,0x30,0x20,0x00,0x23,0xF8,0x3A,0xA8,0x42,0xA8,0x83,0xF8,0x78,
0x40,0x20,0x80,0x21,0xF8,0xFA,0x08,0x25,0x10,0x20,0xA0,0x28,0x40,0x31,0x80,0x26,0x00,0x20,0x70,0x27,
0x80,0x38,0x80,0x40,0x80,0x87,0xF0,0x7A,0xA0,0x22,0xA0,0x27,0xF8,0xFA,0xA0,0x22,0xA0,0x27,0xF0,0x28,
0x80,0x30,0x80,0x27,0xF0,0x21,0x40,0x21,0x20,0x3A,0x00,0x43,0xF8,0x86,0x40,0x7A,0x40,0x23,0xF0,0x22,
0x40,0xFA,0x40,0x23,0xF0,0x22,0x40,0x2A,0x40,0x33,0xF8,0x22,0x00,0x20,0x40,0x20,0x80,0x39,0xF0,0x41,
0x10,0x81,0xF0,0x79,0x10,0x21,0xF0,0x20,0x40,0xFB,0xF8,0x22,0x48,0x22,0x48,0x2A,0x48,0x32,0x58,0x20,
0x40,0x20,0x20,0x21,0xA0,0x36,0x20,0x44,0x78,0x84,0x88,0x74,0x10,0x27,0xA0,0x25,0x20,0xF5,0x20,0x25,
0x20,0x25,0x50,0x35,0x50,0x25,0x50,0x09,0x88,0x20,0x40,0x20,0x20,0x3B,0xF8,0x42,0x08,0x80,0x00,0x70,
0x00,0x23,0xF8,0x20,0x40,0xFA,0x40,0x22,0x70,0x2A,0x40,0x32,0x40,0x25,0x40,0x08,0xF8,0x20,0x40,0x20,
0x40,0x36,0xF0,0x42,0x50,0x83,0xF8,0x74,0x50,0x26,0xF0,0x22,0x40,0xF2,0xF0,0x22,0x40,0x2A,0xF8,0x34,
0x40,0x2B,0x40,0x10,0xF8,0x20,0x00,0x27,0xF0,0x34,0x10,0x44,0x10,0x87,0xF0,0x74,0x40,0x24,0x40,0x27,
0xF8,0xF4,0x40,0x24,0x40,0x25,0xF0,0x39,0x10,0x29,0x10,0x11,0xF0,0x20,0x00,0x23,0xF0,0x30,0x20,0x40,
0x40,0x87,0xF8,0x70,0x40,0x20,0x40,0x21,0xC0,0xF0,0x00,0x27,0xF0,0x25,0x50,0x35,0x50,0x25,0x50,0x0F,
0xF8,0x21,0x20,0x26,0x20,0x32,0x20,0x42,0xA8,0x8F,0xA8,0x72,0xA8,0x22,0xB0,0x27,0x20,0xF6,0xA0,0x2A,
0x20,0x22,0x50,0x32,0x50,0x22,0x90,0x03,0x08,0x21,0x00,0x26,0x70,0x34,0x50,0x44,0x50,0x87,0x50,0x74,
0x88,0x24,0x00,0x27,0x70,0xF4,0x50,0x24,0x50,0x27,0x20,0x3C,0x20,0x24,0x50,0x04,0x88,0x20,0x80,0x20,
0x40,0x3B,0xF8,0x42,0x90,0x83,0xF8,0x72,0x90,0x22,0xF0,0x22,0x00,0xFB,0xF0,0x22,0x90,0x2A,0xA0,0x34,
0x40,0x24,0xA0,0x09,0x18,0x21,0x10,0x20,0xA0,0x3B,0xF8,0x40,0x40,0x81,0xF0,0x78,0x40,0x23,0xF8,0x20,
0x00,0xF8,0x40,0x23,0xF8,0x20,0x40,0x28,0xA0,0x31,0x10,0x22,0x08,0x20,0x40,0x23,0xF8,0x38,0x40,0x43,
0xF0,0x82,0x10,0x73,0xF0,0x22,0x10,0x23,0xF0,0xFA,0x10,0x23,0xF0,0x2A,0x10,0x37,0xF8,0x21,0x20,0x02,
0x10,0x27,0xF8,0x22,0x20,0x33,0xE0,0x42,0x20,0x83,0xE0,0x72,0x38,0x27,0xE0,0x20,0x20,0xF7,0x70,0x21,
0x50,0x25,0x50,0x32,0x20,0x25,0x50,0x08,0x88,0x20,0x80,0x23,0xF0,0x3A,0x10,0x43,0xF0,0x82,0x10,0x7B,
0xF0,0x22,0x10,0x23,0xF0,0xF8,0x40,0x23,0xF8,0x20,0xE0,0x29,0x50,0x32,0x48,0x20,0x40,0x20,0x80,0x27,
0xF8,0x38,0x00,0x43,0xF0,0x82,0x10,0x7B,0xF0,0x20,0x00,0x27,0xF8,0xFC,0x08,0x25,0xE8,0x25,0x28,0x2D,
0xE8,0x34,0x08,0x24,0x38,0x20,0x80,0x20,0x40,0x3B,0xF8,0x41,0x10,0x80,0xA0,0x7B,0xF8,0x22,0x08,0x20,
0x40,0xFB,0xF8,0x20,0x80,0x20,0xF0,0x29,0x10,0x31,0x10,0x22,0x60,0x20,0x80,0x27,0xF0,0x32,0x20,0x41,
0x40,0x8F,0xF8,0x70,0x00,0x27,0xF0,0x24,0x10,0xF7,0xF0,0x24,0x10,0x27,0xF0,0x31,0x40,0x22,0x48,0x0C,
0x38,0x20,0x40,0x23,0xF8,0x38,0x40,0x42,0xA8,0x81,0x10,0x7B,0xF8,0x21,0x10,0x21,0xF0,0xF9,0x10,0x21,
0xF0,0x20,0x40,0x29,0x50,0x32,0x48,0x20,0xC0,0x23,0xF8,0x20,0x40,0x3B,0xF8,0x42,0x48,0x81,0x50,0x78,
0x40,0x23,0x58,0x20,0x00,0xFB,0xF8,0x22,0x48,0x23,0xF8,0x2A,0x48,0x33,0xF8,0x22,0x08,0x20,0x40,0x27,
0xF8,0x34,0xA0,0x47,0xF8,0x85,0x40,0x77,0xF0,0x25,0x50,0x27,0xF8,0xF5,0x50,0x27,0xF0,0x25,0x40,0x35,
0x60,0x2B,0x58,0x01,0x40,0x20,0x80,0x2F,0xF8,0x30,0x00,0x47,0x70,0x85,0x50,0x77,0x70,0x22,0x20,0x2F,
0xF8,0xF2,0x20,0x27,0xF0,0x22,0x20,0x3F,0xF8,0x26,0x50,0x0B,0x38,0x10,0x20,0x10,0x40,0x10,0x80,0x11,
0x00,0x12,0x00,0x10,0x00,0xFF,0xF8,0x12,0x00,0x11,0x00,0x10,0x80,0x10,0x40,0x14,0x20,0x18,0x18,0x10,
0x00,0x40,0x00,0x2F,0xF0,0x20,0x10,0x80,0x10,0x80,0x10,0x80,0x10,0x80,0x10,0x80,0x10,0x80,0x10,0x80,
0x10,0x80,0x10,0x80,0x10,0x80,0x10,0x80,0x70,0x40,0x00,0x2F,0xF0,0x00,0x10,0x80,0x10,0x84,0x10,0x84,
0x10,0x84,0x10,0x8A,0x10,0x91,0x10,0xA0,0x90,0x80,0x10,0x80,0x10,0x80,0x10,0x80,0x30,0x80,0x00,0x5F,
0xF0,0x00,0x10,0x81,0x10,0x81,0x10,0xBF,0xD0,0x83,0x10,0x85,0x10,0x89,0x10,0x91,0x10,0xA1,0x10,0x87,
0x10,0x80,0x10,0x80,0x70,0x40,0x00,0x2F,0xF0,0x00,0x10,0x80,0x10,0x80,0x10,0x9F,0x90,0x90,0x90,0x90,
0x90,0x90,0x90,0x9F,0x90,0x80,0x10,0x80,0x10,0x80,0x10,0x80,0x30,0x40,0x00,0x2F,0xF0,0x00,0x10,0xBF,
0x10,0x81,0x10,0x91,0x10,0x91,0x10,0x9F,0xD0,0x80,0x50,0xBF,0x50,0x80,0x50,0x80,0x50,0x81,0x90,0x80,
0x30,0x40,0x00,0x2F,0xF0,0x20,0x10,0x80,0x10,0xBF,0xD0,0x84,0x10,0x84,0x10,0x9F,0x90,0x84,0x10,0x84,
0x10,0xBF,0xD0,0x80,0x10,0x80,0x10,0x80,0x70,0x80,0x00,0x5F,0xF0,0x00,0x10,0x84,0x10,0x84,0x10,0xBF,
0x90,0x84,0x10,0x8E,0x10,0x95,0x10,0xA4,0x90,0xC4,0x90,0x84,0x10,0x84,0x10,0x80,0x70,0x40,0x00,0x2F,
0xF0,0x20,0x10,0x80,0x10,0x9F,0x90,0x90,0x90,0x90,0x90,0x9F,0x90,0x90,0x90,0x90,0x90,0x9F,0x90,0x80,
0x10,0x80,0x10,0x80,0x70,0x80,0x00,0x5F,0xF0,0x00,0x10,0x84,0x10,0x82,0x10,0x82,0x10,0x88,0x90,0xA8,
0x50,0xA8,0x10,0xC8,0x90,0x88,0x90,0x87,0x90,0x80,0x10,0x80,0x70,0x80,0x00,0x5F,0xF0,0x00,0x10,0xBF,
0xD0,0xA4,0x50,0xA4,0x50,0xBF,0xD0,0xA4,0x50,0xA4,0x50,0xBF,0xD0,0x84,0x10,0x84,0x10,0x84,0x10,0x84,
0x30,0x80,0x00,0x5F,0xF0,0x08,0x10,0x84,0x10,0xBF,0xD0,0x84,0x10,0x84,0x10,0xBF,0xD0,0xA4,0x50,0xA4,
0x50,0xA4,0x50,0xA5,0xD0,0x84,0x10,0x84,0x70,0x40,0x00,0x2F,0xF0,0x00,0x10,0x84,0x10,0xBF,0x90,0x84,
0x10,0xFF,0xD0,0x80,0x10,0x84,0x10,0xBF,0x90,0x84,0x10,0x84,0x10,0xFF,0xD0,0x80,0x30,0x40,0x00,0x2F,
0xF0,0x00,0x10,0x80,0x10,0xBF,0xD0,0x90,0x90,0x9F,0x90,0x90,0x90,0x9F,0x90,0x90,0x90,0x93,0xD0,0xBC,
0x90,0x80,0x90,0x80,0x30,0x80,0x00,0x5F,0xF0,0x00,0x10,0x84,0x10,0x84,0x10,0xBF,0x90,0xA4,0x90,0xA4,
0x90,0xBF,0x90,0x84,0x10,0x84,0x90,0xFF,0xD0,0x80,0x50,0x80,0x70,0x40,0x00,0x2F,0xF0,0x00,0x10,0x8A,
0x90,0x8A,0x50,0x92,0xD0,0xB7,0x10,0xD2,0x90,0x92,0x90,0x91,0x50,0x91,0x50,0x92,0xD0,0x94,0x50,0x80,
0x30,0x80,0x00,0x5F,0xF0,0x08,0x10,0x8F,0x90,0x90,0x90,0xA9,0x10,0x86,0x10,0x99,0x90,0xE0,0x70,0x9F,
0x90,0x90,0x90,0x90,0x90,0x9F,0x90,0x80,0x70,0x40,0x00,0x2F,0xF0,0x04,0x10,0x82,0x10,0xBF,0xD0,0x88,
0x10,0x91,0x10,0xBE,0x10,0x84,0x90,0x89,0x10,0xB2,0x10,0x85,0x10,0x88,0x90,0xB0,0x30,0x80,0x00,0x5F,
0xF0,0x00,0x10,0x90,0x90,0x89,0x10,0x9F,0x90,0x90,0x90,0x90,0x90,0x9F,0x90,0x89,0x10,0x89,0x10,0x91,
0x50,0xA0,0xD0,0x80,0x30,0x40,0x00,0x2F,0xF0,0x04,0x10,0xBF,0xD0,0x91,0x10,0xA4,0x90,0xFF,0xD0,0xA4,
0x90,0xBF,0x90,0xA4,0x90,0xBF,0x90,0xA4,0x50,0x83,0xD0,0x80,0x30,0x40,0x00,0x2F,0xF0,0x00,0x10,0x88,
0x10,0x8F,0x90,0x90,0x90,0xA5,0x10,0x99,0xD0,0x90,0x50,0x9D,0xD0,0x90,0x50,0x9F,0xD0,0x80,0x10,0x80,
0x30,0x80,0x00,0x5F,0xF0,0x11,0x10,0x8A,0x10,0xBF,0x90,0xA4,0x90,0xBF,0x90,0xA4,0x90,0xBF,0x90,0x84,
0x10,0xFF,0xD0,0x84,0x10,0x84,0x10,0x80,0x70,0x40,0x00,0x2F,0xF0,0x04,0x10,0x84,0x10,0xBF,0xD0,0x84,
0x10,0xBF,0x90,0xA4,0x90,0xB5,0x90,0xA4,0x90,0xBF,0x90,0x95,0x10,0xA4,0x90,0x84,0x30,0x40,0x00,0x2F,
0xF0,0x00,0x10,0xA0,0xD0,0x97,0x10,0x81,0x10,0xA7,0xD0,0x91,0x10,0x87,0xD0,0x94,0x50,0xA4,0x50,0xC7,
0xD0,0x80,0x10,0x80,0x30,0x08,0x00,0x7F,0xE0,0x40,0x20,0x7F,0xE0,0x40,0x00,0x7F,0xF0,0x40,0x10,0x7F,
0xF0,0x02,0x00,0x02,0x00,0xFF,0xF8,0x02,0x00,0x02,0x00,0x02,0x00,0x01,0x00,0xF1,0x00,0x91,0x00,0x91,
0x00,0xA1,0x00,0xA1,0x00,0x91,0x00,0x92,0x80,0x92,0x80,0x92,0x80,0xE4,0x40,0x84,0x40,0x88,0x20,0x90,
0x10,0xF7,0xE0,0x90,0x00,0x90,0x00,0xA0,0x00,0xAF,0xF0,0x92,0x40,0x92,0x40,0x92,0x40,0x92,0x40,0xE4,
0x40,0x84,0x50,0x88,0x50,0x90,0x30,0x01,0x00,0xF0,0x80,0x90,0x00,0x97,0xF0,0xA2,0x00,0xA2,0x00,0x93,
0xE0,0x92,0x20,0x92,0x20,0x92,0x20,0xE2,0x20,0x84,0x20,0x84,0x20,0x88,0xC0,0xFB,0xF0,0x8A,0x10,0x92,
0x10,0x92,0x10,0xA2,0x10,0x93,0xF0,0x8A,0x10,0x8A,0x10,0x8A,0x10,0x8A,0x10,0xB3,0xF0,0x82,0x10,0x80,
0x00,0xF3,0xF0,0x92,0x10,0x92,0x10,0xA2,0x10,0xA3,0xF0,0x92,0x10,0x92,0x10,0x93,0xF0,0x92,0x10,0xE2,
0x10,0x84,0x10,0x84,0x10,0x88,0x70,0x01,0x00,0xF1,0x00,0x97,0xF0,0x92,0x00,0xA2,0x80,0xA4,0x80,0x97,
0xF0,0x90,0x80,0x90,0x80,0x90,0x80,0xE7,0xF8,0x80,0x80,0x80,0x80,0x80,0x80,0x01,0x00,0xF1,0x00,0x92,
0x80,0x92,0x40,0xA4,0x20,0xA8,0x10,0x92,0x40,0x92,0x40,0x92,0x40,0x92,0x40,0xE2,0x40,0x84,0x40,0x84,
0x40,0x88,0x40,0xF7,0xF0,0x94,0x10,0x94,0x10,0xA4,0x10,0xA7,0xF0,0x94,0x10,0x94,0x10,0x94,0x10,0x97,
0xF0,0xE4,0x10,0x84,0x10,0x84,0x10,0x8F,0xF8,0xF7,0xF0,0x90,0x20,0x90,0x20,0xA7,0xA0,0xA4,0xA0,0x94,
0xA0,0x94,0xA0,0x94,0xA0,0x97,0xA0,0xE4,0x20,0x80,0x20,0x80,0x20,0x80,0xE0,0x00,0x80,0xF0,0x40,0x97,
0xF8,0x94,0x08,0xA0,0x00,0xA2,0x00,0x92,0x10,0x92,0x60,0x93,0x80,0x92,0x00,0xE2,0x00,0x82,0x08,0x82,
0x08,0x81,0xF8,0x02,0x20,0xF2,0x20,0x94,0x20,0x94,0x20,0xAD,0xF0,0xB4,0x20,0x94,0x20,0x95,0x20,0x94,
0xA0,0x94,0xA0,0xE4,0x20,0x84,0x20,0x84,0x20,0x84,0xE0,0xF7,0xF0,0x90,0x00,0x90,0x00,0xA0,0x00,0xAF,
0xF8,0x90,0x80,0x92,0xA0,0x92,0x90,0x94,0x90,0xE4,0x88,0x88,0x88,0x80,0x80,0x83,0x80,0x00,0x80,0xF0,
0x80,0x97,0xF0,0x90,0x80,0xA0,0x80,0xA0,0x80,0x97,0xF8,0x90,0x80,0x90,0x80,0x94,0x90,0xE4,0x90,0x84,
0x90,0x87,0xF0,0x80,0x10,0x02,0x00,0xF2,0x40,0x92,0x20,0x92,0x00,0xAF,0xF0,0xA2,0x80,0x92,0x80,0x92,
0xA0,0x92,0xA0,0x92,0xC0,0xE4,0x80,0x85,0x90,0x8A,0x90,0x90,0x70,0x01,0x00,0xF1,0x00,0x97,0xF0,0x92,
0x00,0xA2,0x80,0xA4,0x80,0x94,0x80,0x97,0xF0,0x90,0x80,0x94,0xA0,0xE4,0x90,0x88,0x90,0x80,0x80,0x83,
0x80,0xF3,0xF8,0x90,0x40,0x90,0x40,0xA1,0xF8,0xA5,0x48,0x95,0x48,0x95,0xA8,0x95,0x28,0x95,0x08,0xE5,
0x08,0x85,0x38,0x84,0x00,0x87,0xF8,0xF7,0xF0,0x90,0x80,0x91,0x00,0xA7,0xF0,0xA4,0x10,0x94,0x10,0x94,
0x10,0x97,0xF0,0x94,0x10,0xE4,0x10,0x84,0x10,0x87,0xF0,0x84,0x10,0x02,0x00,0xF3,0xE0,0x94,0x20,0x9A,
0x40,0xA1,0x80,0xA2,0x40,0x9C,0x30,0x90,0x80,0x93,0xE0,0x90,0x80,0xE4,0x80,0x87,0xF0,0x80,0x80,0x80,
0x80,0xF7,0xE0,0x94,0x20,0x94,0x20,0xA7,0xE0,0xA4,0x20,0x94,0x20,0x97,0xE0,0x94,0x90,0x94,0xA0,0xE4,
0x40,0x85,0x40,0x86,0x20,0x84,0x10,0x00,0x80,0xF0,0x80,0x97,0xF0,0x90,0x80,0xA4,0x90,0xA2,0xA0,0x90,
0x80,0x9F,0xF8,0x90,0x80,0x91,0x40,0xE1,0x40,0x82,0x20,0x84,0x10,0x88,0x08,0x04,0x40,0xF4,0x48,0x94,
0x50,0x97,0x60,0xA4,0x40,0xA5,0x48,0x96,0x48,0x94,0x38,0x90,0x80,0x90,0x80,0xE7,0xF0,0x80,0x80,0x80,
0x80,0x8F,0xF8,0x00,0x80,0xF0,0x80,0x90,0x80,0x97,0xE0,0xA0,0x80,0xA0,0x80,0x97,0xF0,0x90,0x80,0x94,
0x80,0x94,0xE0,0xE4,0x80,0x84,0x80,0x8A,0x80,0x91,0xF0,0x00,0x80,0xF0,0x40,0x97,0xF8,0x94,0x08,0xA0,
0x00,0xA3,0xF0,0x90,0x00,0x90,0x00,0x97,0xF8,0x91,0x20,0xE1,0x20,0x82,0x20,0x84,0x28,0x88,0x18,0x00,
0x80,0xF0,0x80,0x91,0x40,0x92,0x20,0xA4,0x10,0xAB,0xE8,0x90,0x80,0x90,0x80,0x97,0xF0,0x90,0x80,0xE4,
0x90,0x84,0x88,0x88,0x88,0x83,0x80,0x03,0xE0,0xF2,0x20,0x92,0x20,0x93,0xE0,0xA0,0x00,0xA7,0xF0,0x94,
0x10,0x94,0x90,0x94,0x90,0x94,0x90,0xE4,0x90,0x81,0x40,0x82,0x20,0x8C,0x10,0x00,0x80,0xF0,0x80,0x91,
0x40,0x92,0x20,0xA4,0x10,0xAB,0xE8,0x90,0x00,0x91,0x10,0x90,0x90,0x94,0x90,0xE2,0x20,0x82,0x20,0x80,
0x40,0x8F,0xF8,0x01,0x00,0xF0,0x80,0x97,0xE0,0x90,0x00,0xA4,0x20,0xA2,0x40,0x9F,0xF0,0x90,0x00,0x90,
0x00,0x97,0xE0,0xE4,0x20,0x84,0x20,0x87,0xE0,0x84,0x20,0x00,0x80,0xF0,0x80,0x97,0xF0,0x90,0x80,0xA0,
0x80,0xAF,0xF8,0x92,0x20,0x95,0x10,0x99,0xE8,0x92,0x20,0xE5,0x40,0x80,0x80,0x83,0x60,0x8C,0x18,0x01,
0x00,0xF1,0x00,0x93,0xF8,0x95,0x08,0xA1,0xE8,0xA2,0x88,0x90,0x88,0x97,0xF8,0x90,0x88,0x92,0xA8,0xE2,
0xA8,0x83,0xE8,0x80,0x08,0x80,0x30,0x01,0x00,0xF1,0x00,0x93,0xF0,0x94,0x10,0xA8,0x20,0xA1,0x00,0x96,
0x38,0x94,0x08,0x94,0x08,0x97,0x38,0xE4,0x08,0x84,0x08,0x87,0xF8,0x84,0x08,0xF3,0xF0,0x92,0x90,0x93,
0xF0,0xA2,0x90,0xA3,0xF0,0x90,0x80,0x97,0xF8,0x94,0x88,0x94,0xA8,0xE5,0xE8,0x84,0x08,0x84,0x08,0x84,
0x38,0x01,0x00,0xF1,0xE0,0x92,0x20,0x95,0x40,0xA0,0x80,0xA3,0x60,0x9C,0x18,0x91,0xE0,0x94,0x80,0x97,
0xF0,0xE8,0x80,0x83,0xE0,0x80,0x80,0x8F,0xF8,0x00,0x80,0xF7,0xF8,0x91,0x00,0x93,0xF0,0xA4,0x40,0xAB,
0xF8,0x90,0x00,0x93,0xF0,0x92,0x10,0x93,0xF0,0xE2,0x10,0x83,0xF0,0x82,0x10,0x82,0x70,0x00,0x40,0xF0,
0x40,0x9B,0xF8,0x94,0x80,0xA1,0xF0,0xA3,0x10,0x91,0xF0,0x9D,0x10,0x95,0xF0,0x95,0x10,0xE5,0x10,0x85,
0x30,0x8A,0x00,0x91,0xF8,0x02,0x00,0xF3,0xC0,0x94,0x40,0x98,0x80,0xA7,0xE0,0xA0,0x20,0x93,0xE0,0x90,
0x20,0x97,0xE0,0x91,0x00,0xE0,0xA0,0x8A,0x90,0x8A,0x50,0x91,0xC0,0xF7,0xF0,0x90,0x00,0x93,0xE0,0xA2,
0x20,0xA3,0xE0,0x90,0x00,0x97,0xF0,0x95,0x50,0x94,0x90,0xE7,0xF0,0x84,0x90,0x84,0x90,0x84,0x30,0x04,
0x10,0xF2,0x20,0x90,0x00,0x97,0xF8,0xA0,0x00,0xA2,0x20,0x94,0x10,0x98,0x08,0x97,0xF0,0x95,0x50,0xE5,
0x50,0x85,0x50,0x85,0x50,0x8F,0xF8,0x00,0x80,0xF2,0xA0,0x94,0x90,0x98,0x88,0xA7,0xF0,0xA4,0x10,0x97,
0xF0,0x94,0x10,0x97,0xF0,0x90,0x80,0xE2,0xA0,0x84,0x90,0x88,0x88,0x83,0x80,0x00,0x80,0xF7,0xF0,0x92,
0x20,0x97,0xF8,0xA0,0x00,0xA7,0xF0,0x94,0x10,0x97,0xF0,0x94,0x10,0x97,0xF0,0xE0,0x80,0x8F,0xF8,0x80,
0x80,0x80,0x80,0x09,0x10,0xF4,0xA0,0x94,0x00,0x91,0xF8,0xA0,0x40,0xAC,0x88,0x95,0x50,0x94,0xA0,0x95,
0x70,0x94,0xA8,0xE5,0x28,0x84,0x60,0x8A,0x00,0x91,0xF8,0x02,0x00,0x02,0x00,0x3F,0xE0,0x02,0x20,0xFF,
0xF8,0x02,0x20,0x3F,0xE0,0x02,0x00,0x22,0x20,0x13,0x40,0x0A,0x80,0x32,0x60,0xC2,0x18,0x0E,0x00,0x01,
0x40,0x01,0x20,0xFA,0x00,0x0B,0xF8,0x0E,0x40,0x92,0x40,0x53,0xF0,0x22,0x40,0x32,0x40,0x53,0xF0,0x4A,
0x40,0x8A,0x40,0x03,0xF8,0x02,0x00,0x02,0x00,0x12,0x20,0x12,0x50,0x23,0x88,0x46,0x00,0x09,0x00,0x3F,
0xF8,0xD0,0x80,0x1F,0xF0,0x10,0x80,0x1F,0xF0,0x10,0x80,0x1F,0xF8,0x10,0x00,0x7F,0xF8,0x45,0x40,0x45,
0x20,0x4B,0xF8,0x5A,0x40,0x6E,0x40,0x4B,0xF0,0x4A,0x40,0x4B,0xF0,0x4A,0x40,0x4A,0x40,0x4B,0xF8,0x8A,
0x00,0x20,0xA0,0x20,0x90,0x21,0x00,0xFD,0xF8,0x23,0x20,0x21,0x20,0x49,0xF8,0x49,0x20,0x51,0x20,0x91,
0xF8,0x25,0x20,0x7D,0x20,0x05,0xF8,0x01,0x00,0x00,0xA0,0x7C,0x90,0x09,0x00,0x49,0xF8,0x4B,0x20,0x89,
0x20,0xFD,0xF8,0x19,0x20,0x29,0x20,0x29,0xF8,0x49,0x20,0x89,0x20,0x09,0xF8,0x39,0x00,0x12,0x00,0x11,
0x00,0x3F,0xF8,0x61,0x00,0xBF,0xF0,0x21,0x00,0x3F,0xF0,0x21,0x00,0x3F,0xF8,0x22,0x00,0xFF,0xF8,0x0A,
0x80,0x32,0x60,0xC2,0x18,0x01,0x00,0x3F,0xF0,0x20,0x10,0x3F,0xF0,0x21,0x00,0x24,0x80,0x2F,0xF8,0x28,
0x80,0x3F,0xF0,0x28,0x80,0x2F,0xF0,0x48,0x80,0x4F,0xF8,0x88,0x00,0x04,0x40,0x14,0x50,0x14,0x80,0x54,
0xF8,0x5D,0xA0,0x56,0xA0,0x54,0xF8,0x54,0xA0,0x54,0xA0,0x54,0xF8,0x55,0xA0,0x5E,0xA0,0xE4,0xF8,0x00,
0x80,0x04,0x00,0x02,0x00,0xFF,0xF8,0x21,0x40,0x21,0x20,0x4A,0x00,0xF3,0xF8,0x26,0x40,0x4B,0xF0,0xFA,
0x40,0x13,0xF0,0x22,0x40,0x43,0xF8,0x82,0x00,0x20,0xA0,0x20,0x90,0x39,0x00,0x49,0xF8,0x93,0x20,0x7D,
0x20,0x05,0xF8,0x05,0x20,0x7D,0x20,0x05,0xF8,0x05,0x20,0xFD,0x20,0x05,0xF8,0x01,0x00,0x00,0x40,0xFE,
0x50,0x92,0x80,0x92,0xF8,0xBB,0xA0,0x92,0xA0,0xFE,0xF8,0x82,0xA0,0xBA,0xA0,0xAA,0xF8,0xAA,0xA0,0xBA,
0xA0,0x82,0xF8,0x0E,0x80,0xFF,0xF8,0x02,0x00,0x02,0x00,0x7F,0xF0,0x42,0x10,0x52,0x90,0x4A,0x50,0x42,
0x10,0x52,0x90,0x4A,0x50,0x42,0x10,0x42,0x10,0x40,0x70,0x3F,0xE0,0x02,0x00,0xFF,0xF8,0x82,0x08,0xBA,
0xE8,0x02,0x00,0x3A,0xE0,0x00,0x00,0x7F,0xF0,0x00,0x10,0x3F,0xF0,0x00,0x10,0x7F,0xF0,0x00,0x10,0x3F,
0xE0,0x02,0x00,0xFF,0xF8,0x82,0x08,0xBA,0xE8,0x02,0x00,0x3A,0xE0,0x00,0x00,0x3F,0xF0,0x22,0x00,0x2F,
0xE0,0x42,0x20,0x44,0x20,0x98,0xC0,0x3F,0xE0,0x02,0x00,0xFF,0xF8,0x82,0x08,0xBA,0xE8,0x02,0x00,0x3A,
0xE0,0x0D,0x80,0x30,0x60,0xC2,0x18,0x1F,0xC0,0x00,0x80,0x1D,0x00,0x03,0x00,0x3F,0xE0,0x02,0x00,0xFF,
0xF8,0x82,0x08,0xBA,0xE8,0x02,0x00,0x3A,0xE0,0x00,0x00,0x7F,0xF0,0x42,0x10,0x7F,0xF0,0x42,0x10,0x7F,
0xF0,0x40,0x10,0x7F,0xF0,0x02,0x00,0xFF,0xF8,0x92,0x48,0x02,0x00,0x3A,0xE0,0x10,0x00,0x3F,0xE0,0x40,
0x20,0xBF,0x20,0x21,0x20,0x3F,0x60,0x20,0x08,0x1F,0xF8,0x7F,0xF0,0x02,0x00,0xFF,0xF8,0x92,0x48,0x02,
0x00,0x3A,0xE0,0x10,0x00,0x3F,0xE0,0xD0,0x40,0x0F,0x80,0xF4,0x78,0x1F,0xC0,0x08,0x40,0x31,0x80,0x3F,
0xE0,0x02,0x00,0xFF,0xF8,0x82,0x08,0xBA,0xE8,0x02,0x00,0x3A,0xE0,0x00,0x00,0xFF,0xF8,0x04,0x00,0x7F,
0xF0,0x49,0x10,0x49,0x10,0x40,0x70,0x3F,0xE0,0x02,0x00,0xFF,0xF8,0x82,0x08,0x3A,0xE0,0x00,0x00,0x12,
0x40,0x7F,0xF0,0x40,0x10,0x7F,0xF0,0x40,0x10,0x7F,0xF0,0x40,0x10,0x40,0x70,0x7F,0xF0,0x02,0x00,0xFF,
0xF8,0x92,0x48,0x02,0x00,0x3A,0xE0,0x00,0x00,0x7F,0xF0,0x40,0x00,0x5F,0xE0,0x40,0x00,0x7F,0xF0,0x49,
0x20,0x8C,0xF8,0x3F,0xE0,0x02,0x00,0xFF,0xF8,0xA2,0x48,0x10,0x20,0x3F,0xF0,0x40,0x00,0xBF,0xE0,0x24,
0x20,0xFF,0xF8,0x42,0x20,0x7F,0xF0,0x00,0x20,0x00,0xC0,0x3F,0xE0,0x02,0x00,0xFF,0xF8,0x82,0x08,0x3A,
0xE0,0x11,0x00,0x3F,0xF0,0x62,0x00,0xBF,0xE0,0x22,0x00,0x3F,0xE0,0x22,0x00,0x3F,0xF0,0x20,0x00,0x3F,
0xE0,0x02,0x00,0xFF,0xF8,0x92,0x48,0x02,0x00,0x7F,0xF0,0x10,0x40,0x08,0x80,0xFF,0xF8,0x04,0x00,0xFF,
0xF8,0x10,0x40,0x0F,0x80,0xF0,0x70,0x7F,0xF0,0x02,0x00,0xFF,0xF8,0x92,0x48,0x02,0x00,0x3A,0xE0,0x04,
0x00,0x39,0xE0,0x20,0x20,0x3D,0xE0,0x20,0x20,0x3F,0xE0,0x08,0x88,0x70,0x78,0x3F,0xE0,0x02,0x00,0xFF,
0xF8,0x82,0x08,0xBA,0xE8,0x02,0x00,0x3A,0xE0,0x10,0x40,0xFD,0xF8,0x30,0x60,0x58,0xE0,0x95,0x50,0x12,
0x48,0x10,0x40,0x7F,0xF0,0x02,0x00,0xFF,0xF8,0x92,0x48,0x02,0x00,0x3A,0xE0,0x10,0x00,0x11,0xF0,0xFD,
0x10,0x31,0xF0,0x59,0x10,0x95,0xF0,0x11,0x10,0x11,0xF0,0x3F,0xE0,0x02,0x00,0xFF,0xF8,0x82,0x08,0x3A,
0xE0,0x00,0x00,0x7D,0xF0,0x44,0x10,0x7D,0xF0,0x40,0x00,0x7D,0xF0,0x40,0x90,0x7C,0x60,0x41,0x98,0x3F,
0xE0,0x02,0x00,0xFF,0xF8,0x82,0x08,0x3A,0xE0,0x01,0x00,0x79,0xF0,0x4B,0x20,0x78,0xC0,0x11,0x20,0x5A,
0x18,0x51,0xE0,0x5D,0x20,0xE1,0xE0,0x3F,0xE0,0x02,0x00,0xFF,0xF8,0xA2,0x48,0x10,0x20,0x44,0x00,0xFE,
0xF0,0x44,0x90,0x7C,0xF0,0x10,0x90,0x7C,0xF0,0x54,0x90,0xFE,0x90,0x11,0x30,0x7F,0xF0,0x02,0x00,0xFF,
0xF8,0x92,0x48,0x02,0x00,0x3A,0xE0,0x00,0x00,0x7C,0x40,0x45,0xF0,0x7C,0xA0,0x43,0xF8,0x7C,0x40,0xC5,
0xF0,0x7C,0x40,0x02,0x00,0x7F,0xF0,0x02,0x00,0x3F,0xE0,0x02,0x00,0xFF,0xF8,0x00,0x00,0x3F,0xE0,0x20,
0x20,0x3F,0xE0,0x20,0x20,0x3F,0xE0,0x20,0x20,0x20,0xE0,0x20,0x40,0x13,0xF0,0x10,0x40,0xFB,0xF0,0x00,
0x40,0x0B,0xF8,0x88,0x00,0x4B,0xF0,0x52,0x10,0x53,0xF0,0x02,0x10,0x1B,0xF0,0xE2,0x10,0x02,0x70,0x21,
0x00,0xF9,0xE0,0x22,0x20,0xFC,0x40,0x23,0xF0,0xF8,0x90,0x00,0x90,0xFB,0xF8,0x88,0x90,0xF8,0x90,0x8B,
0xF0,0xF8,0x90,0x88,0x80,0x9B,0x80,0x10,0x40,0xFC,0x20,0x11,0xF8,0x7D,0x08,0x10,0x00,0xFC,0x00,0x01,
0xF8,0x7C,0x40,0x45,0x40,0x7D,0x70,0x45,0x40,0x7D,0x40,0x46,0xC0,0x4C,0x78,0x08,0x80,0x08,0x80,0xF8,
0xF8,0x08,0x80,0x08,0x80,0x08,0x80,0x78,0xF0,0x08,0x80,0x08,0x80,0x08,0x80,0xF8,0xF8,0x08,0x80,0x08,
0x80,0x08,0x80,0x02,0x00,0x22,0x00,0x3F,0xF0,0x42,0x00,0xFF,0xF8,0x20,0x20,0x3F,0xE0,0x05,0x00,0x7D,
0xF0,0x05,0x00,0x3D,0xE0,0x05,0x00,0x7D,0xF0,0x05,0x00,0x02,0x00,0x7F,0xF8,0x48,0x40,0x5D,0xF0,0x48,
0xE0,0x5D,0x58,0x68,0x40,0x44,0x80,0x7C,0xF0,0x44,0x80,0x5C,0xE0,0x44,0x80,0x7C,0xF0,0x84,0x80,0xFF,
0xF8,0x02,0x00,0x04,0x00,0x7F,0xF0,0x48,0x90,0x48,0x90,0x4F,0x90,0x48,0x90,0x48,0x90,0x4F,0x90,0x48,
0x90,0x48,0x90,0x7F,0xF0,0x40,0x10,0x10,0x40,0xFF,0xF8,0x10,0x40,0x10,0x40,0x1F,0xC0,0x02,0x00,0x7F,
0xF0,0x42,0x10,0x42,0x10,0x7F,0xF0,0x02,0x00,0xFF,0xF8,0x02,0x00,0x02,0x00,0x28,0x30,0x29,0xC0,0xFD,
0x00,0x29,0x00,0x39,0x00,0x11,0xF8,0x7D,0x20,0x55,0x20,0x7D,0x20,0x11,0x20,0xFD,0x20,0x11,0x20,0x12,
0x20,0x14,0x20,0x28,0xA0,0x28,0xA0,0xFC,0xA8,0x29,0x28,0x39,0x30,0x13,0x30,0x7D,0x20,0x55,0x60,0x7D,
0xA0,0x11,0x20,0xFD,0x20,0x11,0x28,0x11,0x28,0x11,0x18,0x28,0x00,0x29,0xF0,0xFD,0x50,0x29,0x50,0x39,
0x50,0x11,0x50,0x7D,0x50,0x55,0xF0,0x7D,0x00,0x11,0x00,0xFD,0x00,0x11,0x08,0x11,0x08,0x10,0xF8,0x28,
0x40,0x28,0x40,0xFD,0xF0,0x28,0x40,0x38,0x40,0x13,0xF8,0x7C,0x00,0x54,0x40,0x7C,0x40,0x11,0xF0,0xFC,
0x40,0x10,0x40,0x10,0x40,0x13,0xF8,0x50,0x80,0x50,0x40,0xFB,0xF8,0x52,0x08,0x70,0x80,0x20,0x80,0xFB,
0xF8,0xA8,0x90,0xF8,0x90,0x21,0x20,0xF8,0xA0,0x20,0x40,0x20,0xA0,0x23,0x10,0x28,0x40,0x29,0x48,0xFC,
0xD0,0x28,0x40,0x39,0xF8,0x11,0x08,0x7D,0x08,0x55,0xF8,0x7D,0x08,0x11,0x08,0xFD,0xF8,0x11,0x08,0x11,
0x08,0x11,0x38,0x51,0x00,0x51,0x00,0xF9,0xF8,0x52,0x08,0x74,0x88,0x22,0xA8,0xF9,0xC8,0xAB,0xE8,0xF8,
0x88,0x21,0xC8,0xFA,0xA8,0x24,0x88,0x20,0x88,0x20,0x30,0x51,0x00,0x51,0xF8,0xF9,0x20,0x52,0x20,0x72,
0xF8,0x26,0xA8,0xFA,0xF8,0xAA,0xA8,0xFA,0xF8,0x22,0x20,0xFA,0xA0,0x22,0x40,0x22,0xA0,0x23,0x18,0x02,
0x00,0x02,0x00,0xFF,0xF8,0x02,0x00,0x02,0x00,0x7F,0xE0,0x02,0x00,0x02,0x00,0xFF,0xF0,0x02,0x10,0x02,
0x10,0x02,0x10,0x02,0x60,0x02,0x00,0x20,0x00,0x23,0xF8,0xFC,0x48,0x20,0x48,0x21,0x48,0xF9,0x48,0x21,
0x48,0x22,0x48,0xFC,0x48,0x24,0x48,0x24,0x88,0x2C,0x88,0x21,0x08,0x22,0x30,0x10,0x40,0x10,0x40,0xFD,
0xF8,0x10,0x40,0x7C,0x40,0x45,0xF0,0x7C,0x40,0x44,0x40,0x7D,0xF8,0x10,0x48,0xFC,0x48,0x10,0x58,0x10,
0x40,0x10,0x40,0x08,0x80,0x08,0x80,0x08,0x80,0x78,0xF0,0x08,0x80,0x08,0x80,0x78,0xF0,0x08,0x80,0x08,
0x80,0x78,0xF0,0x08,0x80,0x08,0x80,0x08,0x80,0xFF,0xF8,0x04,0x00,0x02,0x00,0x7F,0xF0,0x10,0x40,0x08,
0x80,0xFF,0xF8,0x00,0x00,0x3F,0xE0,0x20,0x20,0x20,0x20,0x3F,0xE0,0x20,0x20,0x20,0x20,0x3F,0xE0,0x20,
0x80,0x10,0x80,0x7C,0xF8,0x01,0x08,0x46,0x08,0x28,0x88,0xFC,0x48,0x00,0x28,0x7C,0x48,0x44,0x88,0x7D,
0x08,0x44,0x08,0x7C,0x08,0x44,0x30,0x20,0x00,0x11,0xF8,0x7C,0x88,0x00,0x88,0x44,0x88,0x29,0x08,0xFE,
0x30,0x00,0x00,0x7D,0xF8,0x45,0x08,0x7D,0x08,0x45,0x08,0x7D,0xF8,0x45,0x08,0xFF,0xF8,0x02,0x00,0x04,
0x00,0x7F,0xF0,0x40,0x10,0x42,0x10,0x42,0x10,0x42,0x10,0x42,0x10,0x44,0x10,0x09,0xC0,0x30,0x30,0xC0,
0x08,0x07,0xF8,0xF8,0x80,0x21,0x00,0x27,0xF0,0x24,0x10,0x24,0x90,0x24,0x90,0x24,0x90,0x25,0x10,0x21,
0x40,0x22,0x20,0xE4,0x10,0x08,0x10,0x8F,0xF0,0x81,0x00,0x82,0x00,0x8F,0xE0,0xE8,0x20,0x89,0x20,0x89,
0x20,0x89,0x20,0xAA,0x20,0xC2,0x80,0x84,0x40,0x08,0x20,0x10,0x20,0x07,0xF8,0xF0,0x80,0x21,0x00,0x27,
0xF0,0x24,0x10,0x24,0x90,0x24,0x90,0x24,0x90,0x35,0x10,0xC1,0x40,0x02,0x20,0x04,0x10,0x08,0x10,0x04,
0x00,0x45,0xF8,0x54,0x40,0x54,0x80,0x55,0xF8,0x55,0x08,0x55,0x48,0x55,0x48,0x55,0x48,0x55,0x48,0x55,
0x48,0x54,0xA0,0x45,0x10,0x86,0x08,0x10,0x00,0x17,0xF8,0x20,0x80,0x41,0x00,0x97,0xF0,0x14,0x10,0x24,
0x90,0x44,0x90,0x84,0x90,0x15,0x10,0x21,0x40,0x42,0x20,0x84,0x10,0x08,0x10,0x79,0xF8,0x00,0x40,0x00,
0x80,0xFD,0xF0,0x29,0x10,0x29,0x50,0x29,0x50,0x29,0x50,0x29,0x50,0x4D,0x50,0x48,0xA0,0x81,0x10,0x02,
0x10,0x7D,0xF8,0x40,0x40,0x40,0x80,0x5D,0xF0,0x55,0x10,0x55,0x50,0x55,0x50,0x5D,0x50,0x51,0x50,0x55,
0x50,0x58,0xA0,0x51,0x10,0x82,0x10,0x10,0x00,0x13,0xF8,0x10,0x40,0xFC,0x80,0x11,0xF0,0x55,0x10,0x55,
0x50,0x55,0x50,0x7D,0x50,0x11,0x50,0x15,0x50,0x18,0xA0,0x11,0x10,0x02,0x10,0x08,0x00,0x24,0xF8,0x24,
0x20,0x42,0x40,0x42,0xF8,0x80,0x88,0x7C,0xA8,0x24,0xA8,0x24,0xA8,0x24,0xA8,0x24,0xA8,0x44,0x50,0x44,
0x88,0x99,0x08,0x0B,0xF8,0x28,0x40,0x24,0x80,0x25,0xF0,0x45,0x10,0x51,0x50,0x91,0x50,0x21,0x50,0x29,
0x50,0x45,0x50,0x7C,0xA0,0x05,0x10,0x02,0x10,0xFB,0xF8,0x08,0x40,0x50,0x80,0x21,0xF0,0xF9,0x10,0x29,
0x50,0x21,0x50,0x21,0x50,0x21,0x50,0x21,0x50,0x20,0xA0,0x21,0x10,0xE2,0x10,0x10,0x00,0x11,0xF8,0x1C,
0x40,0x10,0x80,0x11,0xF0,0x7D,0x10,0x45,0x50,0x45,0x50,0x7D,0x50,0x45,0x50,0x41,0x50,0x40,0xA0,0x41,
0x10,0x82,0x10,0x10,0x00,0x13,0xF8,0x28,0x40,0x24,0x80,0x53,0xF0,0x89,0x10,0x01,0x50,0x7D,0x50,0x05,
0x50,0x09,0x50,0x29,0x50,0x10,0xA0,0x09,0x10,0x0A,0x10,0x08,0x00,0x08,0xF8,0x7E,0x20,0x4A,0x40,0x48,
0xF8,0x48,0x88,0x7E,0xA8,0x42,0xA8,0x62,0xA8,0x54,0xA8,0x48,0xA8,0x94,0x50,0x24,0x88,0x41,0x08,0xFD,
0xF8,0x08,0x40,0x10,0x80,0x29,0xF0,0x45,0x10,0x83,0x50,0x01,0x50,0xFD,0x50,0x11,0x50,0x11,0x50,0x1C,
0xA0,0xF1,0x10,0x02,0x10,0x10,0x00,0x13,0xF8,0x7C,0x40,0x10,0x80,0x55,0xF0,0x39,0x10,0x11,0x50,0xFD,
0x50,0x11,0x50,0x11,0x50,0x29,0x50,0x24,0xA0,0x45,0x10,0x82,0x10,0xFB,0xF0,0x90,0x80,0x91,0x00,0x93,
0xE0,0xBA,0x20,0xAA,0xA0,0xAA,0xA0,0xAA,0xA0,0xBA,0xA0,0x92,0xA0,0x91,0x40,0x92,0x20,0xFC,0x20,0x10,
0x00,0x13,0xF8,0x5C,0x40,0x50,0x80,0x51,0xF0,0xFD,0x10,0x01,0x50,0x11,0x50,0x55,0x50,0x95,0x50,0x09,
0x50,0x10,0xA0,0x21,0x10,0xC2,0x10,0x0C,0x00,0x73,0xF8,0x10,0x40,0x10,0x80,0xFD,0xF0,0x39,0x10,0x55,
0x50,0x91,0x50,0x39,0x50,0x29,0x50,0x29,0x50,0x4C,0xA0,0x49,0x10,0x82,0x10,0x40,0x00,0x5B,0xF8,0x60,
0x40,0x44,0x80,0x3D,0xF0,0x01,0x10,0x0D,0x50,0x71,0x50,0x11,0x50,0xFD,0x50,0x39,0x50,0x54,0xA0,0x91,
0x10,0x12,0x10,0x7D,0xF8,0x54,0x40,0x7C,0x80,0x55,0xF0,0x7D,0x10,0x11,0x50,0xFD,0x50,0x11,0x50,0x39,
0x50,0x55,0x50,0x90,0xA0,0x11,0x10,0x12,0x10,0x7D,0xF0,0x44,0x40,0x7C,0x80,0x45,0xF0,0x7D,0x10,0x01,
0x50,0xFD,0x50,0x11,0x50,0x51,0x50,0x5C,0xA0,0x50,0x90,0xB1,0x10,0x8F,0xF8,0x20,0x00,0x10,0xF8,0x7E,
0x20,0x44,0x40,0x28,0xF8,0x7E,0x88,0x48,0xA8,0x50,0xA8,0x64,0xA8,0x48,0xA8,0x72,0xA8,0x84,0x50,0x18,
0x88,0x61,0x08,0x20,0x00,0x10,0xF8,0xFE,0x20,0x82,0x40,0x20,0xF8,0x3C,0x88,0x64,0xA8,0x98,0xA8,0x24,
0xA8,0x42,0xA8,0xBC,0xA8,0x24,0x50,0x3C,0x88,0x25,0x08,0x10,0x00,0x7D,0xF8,0x10,0x40,0x7C,0x80,0x45,
0xF0,0x7D,0x10,0x45,0x50,0x7D,0x50,0x45,0x50,0x7D,0x50,0x45,0x50,0xFE,0xA0,0x28,0x90,0x45,0x10,0x10,
0x00,0xFE,0xF8,0x00,0x20,0xFE,0x40,0xAA,0xF8,0xBA,0x88,0x82,0xA8,0xFE,0xA8,0x44,0xA8,0x7C,0xA8,0x44,
0xA8,0x7C,0x50,0x00,0x88,0xFF,0x08,0x44,0x00,0xFE,0xF8,0x44,0x20,0xEE,0x40,0xAA,0xF8,0xEE,0x88,0x28,
0xA8,0x7E,0xA8,0xC8,0xA8,0x7E,0xA8,0x48,0xA8,0x7E,0x50,0x48,0x88,0x7F,0x08,0x7F,0xE0,0x40,0x20,0x40,
0xA0,0x50,0xA0,0x49,0x20,0x45,0x20,0x42,0x20,0x42,0x20,0x45,0x20,0x45,0x20,0x48,0xA8,0x50,0xA8,0x40,
0x18,0x80,0x08,0xFF,0xF0,0x29,0x10,0xFF,0x10,0xAB,0x30,0xFF,0xB0,0x01,0x50,0x7D,0x50,0x01,0x50,0xFF,
0xB0,0x11,0x10,0x55,0x10,0x93,0x18,0x32,0x08,0xFF,0x80,0x00,0x80,0x00,0x90,0x00,0xA0,0x00,0xC0,0x00,
0xA0,0x00,0x90,0x00,0x80,0x00,0x40,0x00,0x48,0x00,0x28,0x00,0x18,0x00,0x08,0x02,0x00,0x05,0x00,0x08,
0x80,0x34,0x60,0xC2,0x18,0x3F,0xE0,0x20,0x20,0x3F,0xE0,0x20,0x20,0x3F,0xE0,0x20,0x10,0x23,0xA0,0x28,
0x60,0x30,0x10,0x0E,0xF0,0x28,0x50,0x3E,0x20,0x64,0x50,0x1A,0x88,0xE5,0x00,0x0A,0x80,0x3F,0xE0,0xD0,
0x58,0x1F,0xC0,0x10,0x40,0x1F,0xD0,0x11,0xA0,0x18,0x70,0x20,0x00,0x23,0xE0,0x3A,0x20,0x4A,0x20,0x52,
0x20,0x82,0x20,0x22,0x20,0x22,0x20,0x22,0x20,0x22,0x20,0x2A,0x20,0x34,0x28,0x24,0x28,0x08,0x18,0x20,
0x00,0x20,0x38,0x3B,0xC0,0x4A,0x00,0x52,0x00,0x83,0xF0,0x22,0x90,0x22,0x90,0x22,0x90,0x22,0xA0,0x2A,
0xA0,0x32,0x40,0x24,0xA0,0x09,0x18,0x20,0x80,0x20,0x80,0x20,0x80,0x3C,0xF8,0x45,0x08,0x49,0x10,0xA2,
0x40,0x20,0x40,0x20,0x40,0x20,0x40,0x20,0xA0,0x28,0xA0,0x31,0x10,0x22,0x08,0x20,0xA0,0x20,0x90,0x38,
0x80,0x48,0xF0,0x57,0x80,0x80,0x80,0x20,0xF8,0x27,0x80,0x20,0x90,0x20,0xA0,0x28,0x48,0x31,0xA8,0x2E,
0x18,0x00,0x08,0x21,0x00,0x21,0x00,0x39,0xF8,0x4A,0x40,0x54,0x40,0x80,0x40,0x23,0xF8,0x22,0x48,0x22,
0x48,0x22,0x48,0x2A,0x48,0x32,0x58,0x20,0x40,0x00,0x40,0x21,0x00,0x21,0x00,0x3B,0xF0,0x4A,0x10,0x54,
0x10,0x8B,0xD0,0x22,0x50,0x22,0x50,0x23,0xD0,0x22,0x10,0x22,0x60,0x2A,0x08,0x32,0x08,0x21,0xF8,0x20,
0x00,0x23,0xF8,0x38,0x08,0x48,0x08,0x53,0xE8,0x80,0x08,0x20,0x08,0x23,0xE8,0x22,0x28,0x22,0x28,0x23,
0xE8,0x2A,0x08,0x30,0x08,0x20,0x38,0x20,0x00,0x23,0xF8,0x39,0x10,0x49,0x10,0x51,0xF0,0x81,0x10,0x21,
0x10,0x21,0xF0,0x21,0x10,0x21,0x10,0x29,0x18,0x33,0xF0,0x20,0x10,0x00,0x10,0x41,0x00,0x41,0x00,0x41,
0x70,0x77,0x80,0x90,0xA0,0x20,0x48,0x41,0xA8,0x46,0x18,0x40,0x00,0x47,0xF0,0x41,0x40,0x51,0x40,0x62,
0x48,0x4C,0x38,0x20,0x80,0x20,0x40,0x3B,0xF8,0x48,0x00,0x50,0xA0,0x81,0x10,0x22,0x08,0x21,0x10,0x21,
0x10,0x20,0xA0,0x20,0x40,0x28,0xA0,0x31,0x10,0x22,0x08,0x44,0x10,0x42,0x20,0x40,0x00,0x77,0xF0,0x92,
0x20,0x22,0x20,0x42,0x20,0x4F,0xF8,0x42,0x20,0x42,0x20,0x42,0x20,0x54,0x20,0x64,0x20,0x48,0x20,0x40,
0x40,0x41,0x50,0x46,0x48,0x72,0x48,0x92,0x40,0x2F,0xF8,0x42,0x40,0x42,0x50,0x43,0x50,0x4E,0x30,0x42,
0x28,0x52,0x28,0x62,0x58,0x4E,0x88,0x40,0x70,0x47,0x80,0x41,0x10,0x74,0x90,0x92,0x20,0x20,0x80,0x40,
0x80,0x47,0xF8,0x41,0x20,0x42,0x20,0x43,0x40,0x50,0xC0,0x61,0x20,0x46,0x10,0x41,0x00,0x41,0x00,0x43,
0xF0,0x74,0x10,0x98,0x20,0x21,0x00,0x46,0x38,0x44,0x08,0x44,0x08,0x47,0x38,0x44,0x08,0x54,0x08,0x67,
0xF8,0x44,0x08,0x41,0x00,0x40,0x80,0x4F,0xF8,0x78,0x08,0x97,0xE0,0x24,0x20,0x44,0x20,0x47,0xE0,0x44,
0x00,0x47,0xF0,0x44,0x10,0x54,0x10,0x67,0xF0,0x44,0x10,0x40,0x80,0x47,0xF0,0x44,0x90,0x77,0xF0,0x90,
0x80,0x2F,0xF8,0x40,0x00,0x47,0xF0,0x44,0x10,0x44,0x90,0x44,0x90,0x51,0x40,0x62,0x20,0x44,0x10,0x21,
0x00,0x21,0xE0,0x3A,0x40,0x48,0x80,0x57,0xF0,0x84,0x90,0x24,0x90,0x27,0xF0,0x21,0x40,0x22,0x48,0x2D,
0xB8,0x30,0x40,0x23,0x00,0x00,0xC0,0x42,0x20,0x42,0x20,0x47,0xF8,0x72,0x20,0x97,0xF0,0x24,0x10,0x47,
0xF0,0x44,0x10,0x47,0xF0,0x40,0x80,0x4F,0xF8,0x51,0x40,0x62,0x20,0x4C,0x18,0x20,0x80,0x23,0x78,0x3A,
0x28,0x4B,0x28,0x52,0xA8,0x83,0x48,0x22,0x58,0x20,0x80,0x23,0xF8,0x22,0x48,0x23,0xF8,0x2A,0x48,0x33,
0xF8,0x22,0x08,0x23,0xF0,0x22,0x10,0x3B,0xF0,0x4A,0x10,0x53,0xF0,0x80,0x00,0x27,0xF8,0x25,0x28,0x27,
0xF8,0x20,0x00,0x23,0xF0,0x29,0x20,0x30,0xC0,0x27,0x38,0x20,0x20,0x10,0x40,0xFF,0xF8,0x04,0x00,0x08,
0x00,0x3F,0xE0,0x20,0x20,0x3F,0xE0,0x20,0x20,0x3F,0xE0,0x20,0x20,0x20,0x20,0x3F,0xE0,0x20,0x20,0x00,
0xE0,0x3F,0x00,0x02,0x00,0xFF,0xF8,0x0A,0x80,0x32,0x60,0xC2,0x18,0x3F,0xE0,0x20,0x20,0x20,0x20,0x3F,
0xE0,0x20,0x20,0x20,0x20,0x3F,0xE0,0x10,0xF0,0xFE,0x90,0x11,0x08,0x7C,0xF0,0x54,0x90,0x7C,0x60,0x40,
0x90,0xBF,0xE0,0x02,0x00,0xFF,0xF8,0x12,0x40,0x3F,0xE0,0xD0,0x58,0x1F,0xC0,0x7F,0xC0,0x00,0x40,0x20,
0x40,0x20,0x40,0x20,0x40,0x20,0x40,0x3F,0xF8,0x00,0x08,0x00,0x08,0x00,0x08,0xFF,0xC8,0x00,0x08,0x00,
0x08,0x00,0x30,0xFB,0xF0,0x09,0x10,0x49,0x10,0x49,0x10,0x49,0x10,0x48,0xA0,0x7C,0xA0,0x04,0xA0,0x04,
0x40,0x34,0x40,0xC4,0xA0,0x05,0x10,0x1A,0x08,0x00,0x40,0xF8,0x40,0x08,0x40,0x48,0x40,0x4B,0xF8,0x48,
0x40,0x48,0x40,0x7C,0x40,0x04,0xA0,0x04,0xA0,0x34,0xA0,0xC5,0x10,0x05,0x10,0x1A,0x08,0x01,0x08,0xF9,
0x48,0x09,0x48,0x49,0x48,0x49,0x48,0x49,0x48,0x49,0x48,0x7D,0x48,0x05,0x48,0x05,0x48,0x35,0x48,0xC5,
0x48,0x05,0x08,0x1A,0x08,0x00,0x40,0xF8,0x40,0x09,0x50,0x49,0x70,0x49,0xD0,0x4B,0x50,0x49,0x50,0x7D,
0x50,0x05,0x50,0x05,0x70,0x35,0x40,0xC5,0x08,0x05,0x08,0x18,0xF8,0xF9,0xF8,0x09,0x00,0x49,0x00,0x49,
0x90,0x49,0x50,0x49,0x50,0x7D,0x20,0x05,0x20,0x05,0x50,0x35,0x50,0xC5,0x90,0x05,0x00,0x19,0xF8,0x00,
0x10,0xF9,0x10,0x08,0xA0,0x48,0x40,0x48,0xA0,0x49,0x10,0x48,0x00,0x7D,0x10,0x05,0x10,0x04,0xA0,0x34,
0x40,0xC4,0xA0,0x05,0x10,0x1A,0x08,0x00,0x40,0xF8,0x20,0x09,0xF8,0x49,0x08,0x49,0x08,0x49,0x08,0x49,
0xF8,0x7D,0x08,0x05,0x00,0x05,0x00,0x35,0x00,0xC5,0x00,0x05,0x00,0x1A,0x00,0x00,0x40,0xF0,0x40,0x13,
0xF8,0x52,0x48,0x52,0x48,0x52,0x48,0x52,0x48,0x7B,0xF8,0x08,0x40,0x2A,0x40,0xC9,0x40,0x08,0x80,0x09,
0x60,0x32,0x18,0x01,0x00,0xF9,0x00,0x09,0xF8,0x4A,0x08,0x4C,0x08,0x49,0xE8,0x49,0x28,0x7D,0x28,0x05,
0x28,0x05,0xE8,0x35,0x08,0xC4,0x08,0x04,0x08,0x18,0x30,0x00,0x80,0xF8,0x40,0x08,0x00,0x4B,0xF8,0x48,
0x40,0x48,0x40,0x48,0x40,0x7C,0x40,0x05,0xF0,0x04,0x40,0x34,0x40,0xC4,0x40,0x04,0x40,0x1B,0xF8,0x00,
0x80,0xF8,0x40,0x0B,0xF8,0x4A,0x08,0x48,0x00,0x49,0x00,0x49,0x08,0x7D,0x30,0x05,0xC0,0x05,0x00,0x35,
0x00,0xC5,0x08,0x05,0x08,0x18,0xF8,0x20,0x00,0xFD,0xF0,0x25,0x10,0x45,0x10,0x99,0xF0,0x00,0x00,0x3F,
0xC0,0x00,0x40,0x10,0x40,0x1F,0xF0,0x00,0x10,0xFF,0x90,0x00,0x10,0x00,0x60,0x7D,0xF0,0x45,0x10,0x45,
0x10,0x7D,0xF0,0x00,0x00,0x7F,0xE0,0x00,0x20,0x20,0x20,0x3F,0xF8,0x00,0x08,0x00,0x08,0xFF,0xC8,0x00,
0x08,0x00,0x30,0x00,0x70,0xF3,0x80,0x10,0x80,0x50,0x80,0x57,0xF8,0x51,0x20,0x52,0x10,0x7C,0x08,0x09,
0x20,0x29,0x20,0xC9,0x20,0x09,0x20,0x0A,0x20,0x34,0x20,0x00,0x80,0xF0,0x80,0x10,0xF0,0x51,0x10,0x52,
0xA0,0x50,0x40,0x50,0xA0,0x7B,0x18,0x08,0x00,0x29,0xF0,0xC9,0x10,0x09,0x10,0x09,0xF0,0x31,0x10,0x00,
0x80,0xF0,0x40,0x13,0xF8,0x50,0x40,0x50,0x90,0x51,0x10,0x53,0xE0,0x78,0x48,0x08,0x88,0x29,0x10,0xCA,
0x20,0x08,0x50,0x08,0x88,0x33,0x08,0x00,0x40,0xF3,0xF8,0x12,0x48,0x53,0xF8,0x52,0x48,0x53,0xF8,0x50,
0x00,0x7B,0xF8,0x09,0x00,0x29,0xF8,0xC8,0x08,0x08,0x08,0x08,0x08,0x30,0x30,0x00,0x80,0xE0,0x80,0x21,
0x40,0x22,0x20,0xA4,0x10,0xAB,0xE8,0xA0,0x00,0xF1,0x10,0x10,0x90,0x34,0x90,0xD2,0x20,0x12,0x20,0x10,
0x40,0x6F,0xF8,0x00,0x40,0xF0,0x80,0x11,0x10,0x53,0xF8,0x50,0x08,0x51,0x20,0x52,0x10,0x7D,0x08,0x09,
0xF0,0x29,0x10,0xCA,0xA0,0x0C,0x40,0x08,0xA0,0x33,0x18,0x00,0x80,0xF3,0xF0,0x10,0x80,0x51,0x40,0x52,
0x20,0x57,0xF8,0x50,0x10,0x7B,0xD0,0x0A,0x50,0x2A,0x50,0xCB,0xD0,0x0A,0x10,0x08,0x10,0x30,0x70,0x00,
0x80,0xF0,0x40,0x13,0xF8,0x52,0x08,0x52,0x08,0x53,0xF8,0x52,0x00,0x7B,0xF8,0x0A,0xA8,0x2E,0xA8,0xCB,
0xF8,0x0A,0xA8,0x0A,0xA8,0x32,0x18,0xFB,0xF0,0x09,0x50,0x48,0xA0,0x48,0x40,0x48,0xA0,0x4B,0x58,0x7C,
0x40,0x05,0xF0,0x05,0x50,0x35,0xF0,0xC4,0x48,0x05,0xF8,0x18,0x08,0xF7,0xF0,0x14,0x90,0x57,0xF0,0x54,
0x90,0x57,0xF0,0x51,0x00,0x7A,0x20,0x0B,0xC0,0x29,0x10,0xCF,0xF8,0x08,0x80,0x0A,0xA0,0x35,0x90,0x07,
0xC0,0xF2,0xB8,0x13,0x88,0x52,0xA8,0x53,0x90,0x52,0xD0,0x57,0xA8,0x78,0x88,0x08,0x70,0x2B,0xC0,0xC8,
0xD0,0x0B,0x60,0x08,0xD0,0x37,0x48,0x3F,0xE0,0x20,0x20,0x3F,0x20,0x21,0x20,0xFF,0xF8,0x80,0x08,0x3F,
0xE0,0x20,0x20,0x3F,0xE0,0x20,0x20,0x3F,0xE0,0x20,0x20,0x20,0x20,0x20,0xE0,0x00,0x40,0x7C,0x20,0x45,
0xF8,0x74,0x20,0x54,0x40,0xFE,0x88,0x83,0xF0,0x7C,0x20,0x44,0x48,0x7C,0x90,0x45,0x20,0x7C,0x50,0x44,
0x88,0x4D,0x00,0x00,0x40,0x7B,0xF8,0x48,0x80,0x69,0xF0,0x5A,0x20,0xFD,0xF8,0x84,0x90,0x78,0xF0,0x4E,
0x90,0x7A,0xF0,0x4A,0x90,0x7A,0xB0,0x4B,0x00,0x5C,0xF8,0x04,0x00,0x02,0x00,0xFF,0xF8,0x00,0x00,0x1F,
0xC0,0x10,0x40,0x1F,0xC0,0x00,0x00,0x7F,0xF0,0x40,0x10,0x4F,0x90,0x48,0x90,0x4F,0x90,0x40,0x30,0x24,
0x30,0x28,0xC0,0x30,0x30,0xFE,0xC0,0x24,0x18,0x7E,0xE0,0x02,0x00,0x7F,0xF0,0x40,0x10,0x3F,0xE0,0x00,
0x00,0xFF,0xF8,0x22,0x20,0x4E,0x10,0x24,0x10,0x28,0xE0,0xFE,0x08,0x24,0xF0,0x7E,0x00,0x02,0x00,0x7F,
0xF0,0x40,0x10,0x1F,0xC0,0x10,0x00,0x1F,0xF0,0x10,0x80,0xFF,0xF8,0x20,0x40,0x04,0x00,0x08,0x00,0x7F,
0xE0,0x42,0x20,0x42,0x20,0x7F,0xE0,0x44,0x20,0x44,0x20,0x7F,0xE0,0x0A,0x40,0x12,0x90,0x23,0xF0,0x42,
0x08,0x81,0xF8,0x10,0x20,0x21,0x20,0x7C,0xA0,0x54,0xA0,0x56,0x20,0x7D,0x20,0x55,0x38,0x57,0xE0,0x7C,
0x20,0x24,0x20,0x3A,0x20,0x5E,0x20,0x50,0x08,0x8F,0xF8,0x00,0x80,0x71,0x00,0x07,0xF0,0x04,0x90,0x04,
0x90,0xF7,0xF0,0x24,0x90,0x25,0x10,0x47,0xF0,0x51,0xA0,0x8A,0xD0,0xFA,0xF8,0x04,0x88,0x08,0x78,0x20,
0x80,0x21,0x00,0x47,0xF0,0xF4,0x90,0x94,0x90,0x97,0xF0,0x94,0x90,0xF5,0x10,0x97,0xF0,0x91,0xA0,0x92,
0xD0,0xF2,0xF8,0x94,0x88,0x08,0x78,0x20,0x40,0x40,0x40,0xF9,0xF0,0xA8,0x40,0xA8,0x40,0xFB,0xF8,0xA8,
0x40,0xA8,0xE0,0xF8,0xD0,0x25,0x48,0x5A,0x40,0x5E,0x40,0x50,0x08,0x8F,0xF8,0x0C,0x40,0x70,0x80,0x11,
0xF0,0xFD,0x50,0x39,0x50,0x55,0xF0,0x91,0x50,0x21,0x50,0xFD,0xF0,0x24,0x90,0x68,0xE8,0x11,0x78,0x29,
0x48,0xC2,0x38,0x02,0x00,0x7F,0xF8,0x48,0x40,0x5D,0xF0,0x48,0xE0,0x5D,0x58,0x6A,0x40,0x5F,0xF0,0x51,
0x10,0x5F,0xF0,0x51,0x10,0x5F,0xF0,0x44,0xA8,0xB8,0x78,0x08,0x00,0x0F,0xC0,0x10,0x80,0x21,0x00,0x7F,
0xE0,0xA2,0x20,0x22,0x20,0x3F,0xE0,0x22,0x20,0x22,0x20,0x3F,0xE0,0x00,0x00,0x00,0x00,0xFF,0xF8,0x10,
0x00,0x1F,0x80,0x21,0x00,0x7F,0xE0,0xA2,0x20,0x3F,0xE0,0x22,0x20,0xFF,0xF8,0x00,0x00,0x3F,0xE0,0x20,
0x20,0x3F,0xE0,0x20,0x20,0x3F,0xE0,0x41,0x00,0x41,0x00,0x73,0xF0,0x92,0x10,0x24,0x10,0xFB,0xD0,0xAA,
0x50,0xFA,0x50,0xAB,0xD0,0xFA,0x10,0x02,0x60,0x1A,0x08,0xE2,0x08,0x01,0xF8,0x21,0x10,0x20,0x90,0x3C,
0xA0,0x49,0xF0,0x90,0x40,0x7C,0x40,0x55,0xF0,0x7C,0x40,0x54,0x40,0x7D,0xF8,0x00,0x40,0x1C,0x40,0xE0,
0x40,0x00,0x40,0x20,0x00,0x21,0xF0,0x39,0x50,0x49,0x50,0x91,0xF0,0x7D,0x50,0x55,0x50,0x7D,0xF0,0x54,
0x40,0x7C,0x40,0x01,0xF0,0x1C,0x40,0xE0,0x40,0x03,0xF8,0x20,0x80,0x92,0xA0,0x42,0x90,0x14,0x28,0x20,
0xC0,0x5F,0x80,0x21,0x00,0x7F,0xE0,0xA2,0x20,0x3F,0xE0,0x22,0x20,0x3F,0xE0,0x00,0x00,0xFF,0xF8,0x40,
0x00,0x43,0xB8,0x72,0xA8,0x92,0xA8,0x23,0xA8,0xFA,0xA8,0xAA,0xA8,0xFB,0xA8,0xAA,0x28,0xFB,0x28,0x02,
0xB8,0x1B,0xA0,0xE2,0xA0,0x00,0x20,0x20,0x80,0x20,0x40,0x39,0xF8,0x48,0x00,0x90,0x00,0x7D,0xF0,0x55,
0x10,0x7D,0x10,0x55,0xF0,0x7C,0x40,0x01,0x50,0x1D,0x48,0xE2,0x48,0x00,0xC0,0x20,0x00,0x21,0xF0,0x39,
0x50,0x49,0x50,0x91,0xF0,0x7D,0x50,0x55,0x50,0x7D,0xF0,0x54,0x00,0x7C,0x40,0x00,0x28,0x1E,0xA8,0xE2,
0x90,0x04,0x70,0x40,0x00,0x43,0xB8,0x72,0xA8,0x92,0xA8,0x23,0xB8,0xF8,0x00,0xA9,0xF0,0xF8,0x00,0xAB,
0xF8,0xF9,0x00,0x01,0xF8,0x18,0x08,0xE0,0x08,0x00,0x30,0x40,0x80,0x43,0xD0,0x70,0xA0,0x97,0xF8,0x20,
0x80,0xF9,0xE0,0xAB,0x08,0xFC,0xF8,0xA8,0x00,0xFB,0xF0,0x02,0x10,0x1B,0xF0,0xE2,0x10,0x03,0xF0,0x92,
0x40,0x54,0x78,0xFE,0x90,0xBB,0x50,0xD6,0x20,0x9F,0xD8,0x21,0x00,0x7F,0xE0,0xA2,0x20,0x3F,0xE0,0x22,
0x20,0x3F,0xE0,0x00,0x00,0xFF,0xF8,0x40,0x40,0x42,0x48,0x71,0x50,0x93,0xF8,0x20,0xE0,0xF9,0x50,0xAA,
0x48,0xF9,0x10,0xA9,0xB8,0xFA,0x90,0x05,0x50,0x19,0x78,0xE2,0x10,0x04,0x10,0x04,0x00,0x08,0x00,0x3F,
0xC0,0x20,0x40,0x28,0x40,0x25,0xC0,0x20,0x00,0x3F,0xF0,0x00,0x10,0x00,0x10,0xFF,0xD0,0x00,0x10,0x00,
0x10,0x00,0x60,0x00,0x40,0x00,0x80,0x7D,0xF0,0x05,0x10,0x05,0x50,0x49,0x10,0x29,0x70,0x11,0x00,0x19,
0xF8,0x28,0x08,0x25,0xE8,0x44,0x08,0x80,0x08,0x00,0x30,0x00,0x80,0x01,0x00,0xF3,0xF0,0x92,0x10,0x92,
0x90,0x92,0x30,0x92,0x00,0x93,0xF8,0x90,0x08,0xF0,0x08,0x97,0xE8,0x00,0x08,0x00,0x08,0x00,0x30,0x00,
0x40,0xFC,0x80,0x81,0xF0,0x81,0x10,0xC9,0x50,0xA9,0x10,0xA9,0x60,0x91,0x00,0x91,0xF8,0xA8,0x08,0xAB,
0xE8,0xC8,0x08,0x80,0x08,0xFC,0x30,0x00,0x40,0xFC,0x80,0x09,0xF0,0x49,0x10,0x49,0x50,0x89,0x10,0xFF,
0x60,0x19,0x00,0x29,0xF8,0x28,0x08,0x4B,0xE8,0x88,0x08,0x08,0x08,0x38,0x30,0x00,0x80,0xF9,0x00,0xAB,
0xE0,0xAA,0x20,0xAA,0xA0,0xFA,0x20,0xAA,0xE0,0xAA,0x00,0xAB,0xF0,0xF8,0x10,0xAB,0xD0,0x20,0x10,0x20,
0x10,0x20,0x60,0x02,0x00,0x3F,0xE0,0x22,0x20,0x22,0x20,0xFF,0xF8,0x08,0x80,0x30,0x60,0xC2,0x18,0x3F,
0xC0,0x24,0x40,0x22,0xC0,0x3F,0xF8,0x00,0x08,0x7F,0xD8,0x20,0x00,0x7D,0xF0,0x85,0x10,0x49,0x30,0x31,
0x08,0xC4,0xF8,0x3F,0xC0,0x28,0x40,0x25,0xC0,0x20,0x00,0x3F,0xF0,0x00,0x10,0xFF,0x90,0x00,0x30,0x10,
0x40,0x20,0x20,0x7D,0xF8,0x45,0x08,0x54,0x00,0x44,0x80,0x58,0x88,0x40,0x90,0x7E,0xE0,0x02,0x80,0xFA,
0x80,0x02,0x88,0x02,0x88,0x0C,0x78,0x10,0x40,0x10,0x80,0x29,0xF0,0x45,0x10,0x83,0x50,0x7D,0x10,0x01,
0x60,0x01,0x00,0x7D,0xF8,0x44,0x08,0x47,0xE8,0x44,0x08,0x7C,0x08,0x44,0x30,0x00,0x40,0x80,0x80,0x5D,
0xF0,0x09,0x10,0x89,0x50,0x49,0x10,0x09,0x70,0x29,0x00,0x29,0xF8,0x4C,0x08,0x59,0xE8,0x80,0x08,0x80,
0x08,0x00,0x30,0x00,0x80,0xF9,0x00,0x8B,0xE0,0x8A,0x20,0xFA,0xA0,0x02,0x20,0xFA,0xE0,0x8A,0x00,0xFB,
0xF0,0x88,0x10,0xFB,0xD0,0x88,0x10,0x88,0x10,0xB8,0x60,0x10,0x40,0x30,0x80,0xD9,0xF0,0x55,0x10,0x51,
0x50,0xFD,0x10,0x51,0x70,0x75,0x00,0x55,0xF8,0xD8,0x08,0x75,0xE8,0x54,0x08,0x4C,0x08,0xC4,0x30,0x08,
0x20,0x08,0x40,0x6C,0xF0,0x0A,0x90,0x08,0xD0,0xFE,0x90,0x28,0xB0,0x28,0x80,0xB8,0xF8,0xA8,0x08,0xA4,
0xE8,0xB5,0x08,0xC3,0x08,0x01,0x30,0x28,0x40,0x28,0x80,0x7D,0xF0,0x29,0x10,0x29,0x50,0xFF,0x10,0x01,
0x70,0x7D,0x00,0x45,0xF8,0x7C,0x08,0x45,0xE8,0x44,0x08,0x7C,0x08,0x44,0x30,0x00,0x20,0xEE,0x40,0xAA,
0xF0,0xAA,0x90,0xAA,0xD0,0xEE,0x90,0xAA,0xB0,0xAA,0x80,0xEE,0xF8,0xAA,0x08,0xAA,0xE8,0xAA,0x08,0x6A,
0x08,0x16,0x30,0x10,0x40,0x10,0x80,0xFD,0xF0,0xA5,0x10,0x41,0x50,0x51,0x10,0xFD,0x70,0x51,0x00,0x7D,
0xF8,0x50,0x08,0x7D,0xE8,0x50,0x08,0x7C,0x08,0x40,0x30,0x00,0x20,0xEE,0x40,0xAA,0xF0,0xAA,0x90,0xAA,
0xD0,0x44,0x90,0xAA,0xB0,0x10,0x80,0xFE,0xF8,0x24,0x08,0x68,0xE8,0x18,0x08,0x24,0x08,0xC2,0x30,0x01,
0x00,0x7F,0xF8,0x44,0xA0,0x49,0xF8,0x5B,0x20,0x6D,0xF0,0x49,0x20,0x49,0xF8,0x42,0x00,0x5F,0xE0,0x51,
0x20,0x5F,0xF8,0x40,0x08,0xBF,0x98,0x01,0x00,0x3F,0xF8,0x24,0x80,0x24,0x80,0x3F,0xF0,0x24,0x90,0x24,
0x90,0x3F,0xF0,0x28,0x80,0x28,0x90,0x2E,0xE0,0x48,0x88,0x4E,0x88,0x88,0x78,0x10,0x40,0xFD,0xF8,0x38,
0xE0,0x55,0x50,0x92,0x48,0x3F,0xF8,0x24,0x80,0x3F,0xF0,0x24,0x90,0x3F,0xF0,0x28,0x80,0x2E,0xE0,0x48,
0x88,0x8E,0x78,0x02,0x00,0x02,0x00,0x7F,0xF0,0x02,0x00,0x3F,0xE0,0x02,0x00,0xFF,0xF8,0x08,0x00,0x1F,
0xE0,0x28,0x40,0x44,0x80,0x03,0x00,0x1C,0xC0,0xE0,0x38,0x02,0x00,0x01,0x00,0x3F,0xF8,0x24,0x20,0x24,
0x20,0x3E,0xF8,0x24,0x20,0x24,0x20,0x2E,0x60,0x35,0x70,0x24,0xA8,0x45,0x20,0x44,0x20,0x84,0x20,0x08,
0x80,0x08,0x80,0x7F,0xF0,0x08,0x80,0xFF,0xF8,0x02,0x00,0x3F,0xE0,0x22,0x20,0x3F,0xE0,0x22,0x20,0x3F,
0xE0,0x10,0x40,0x20,0x20,0x40,0x10,0x00,0xE0,0x3F,0x00,0x02,0x00,0xFF,0xF8,0x12,0x20,0x65,0x10,0x08,
0x80,0x32,0x60,0xE2,0x58,0x16,0x80,0x0B,0x80,0x32,0x60,0xC2,0x10,0x0E,0x00,0x0C,0x80,0x70,0xF8,0x11,
0x48,0xFC,0x48,0x38,0x88,0x55,0x08,0x92,0x30,0x05,0x00,0x18,0xC0,0xE2,0x38,0x12,0x40,0x0A,0x80,0x12,
0x40,0x66,0x20,0x7F,0xF0,0x42,0x10,0x52,0x50,0x4A,0x90,0x7F,0xF0,0x02,0x00,0x7F,0xF0,0x02,0x00,0xFF,
0xF8,0x00,0x00,0x49,0x10,0x44,0x88,0x84,0x88,0x00,0x40,0xFE,0x40,0x92,0xA0,0xD6,0xA0,0xBB,0x10,0xFE,
0x88,0x10,0x40,0xFE,0x00,0x11,0xF0,0x1E,0x10,0xF0,0x20,0x00,0x20,0xAA,0x40,0xAA,0x40,0xFE,0x20,0x92,
0x30,0xD6,0x28,0xBA,0x20,0xFE,0xF8,0x10,0x20,0xFE,0x20,0x10,0x20,0x1E,0x20,0xF0,0x50,0x00,0x50,0xAA,
0x90,0xAA,0x08,0x00,0x20,0xFE,0x10,0x92,0xF8,0xD6,0x00,0xBA,0x88,0xFE,0x50,0x10,0xF8,0xFE,0x00,0x10,
0xF8,0x1E,0x88,0xF0,0xF8,0x00,0x88,0xAA,0xF8,0xAA,0x88,0x1F,0xC0,0x10,0x40,0x1F,0xC0,0x50,0x50,0x5F,
0xD0,0x50,0x50,0x5F,0xD0,0x40,0x10,0x7D,0xF0,0x05,0x00,0xFD,0xF0,0x25,0x10,0x25,0x10,0x45,0x10,0x10,
0x40,0x10,0x40,0xFD,0xF8,0x10,0x40,0x7C,0x40,0x01,0xF0,0x7C,0x90,0x44,0x90,0x7C,0x90,0x04,0xA0,0x48,
0xA0,0x3C,0x40,0xE0,0xA0,0x01,0x18,0x10,0x00,0xE1,0xE0,0x80,0x20,0xFB,0xE0,0x80,0x20,0xFF,0xE0,0x00,
0x00,0xAA,0x40,0x99,0x40,0xC8,0x40,0xAA,0x50,0x89,0x50,0xCC,0x30,0x88,0x10,0x08,0x00,0x3F,0xE0,0x20,
0x20,0x3F,0xE0,0x20,0x20,0x7F,0xF0,0x42,0x10,0x7F,0xF0,0x42,0x10,0x7F,0xF0,0x00,0x00,0xFF,0xF8,0x10,
0x40,0x60,0x40,0x02,0x00,0xFF,0xF8,0x10,0x40,0x08,0x80,0x07,0x00,0x18,0xC0,0xE0,0x38,0x10,0x40,0x10,
0x40,0x10,0x40,0x10,0x40,0x10,0x40,0x20,0x40,0x40,0x40,0x02,0x00,0x22,0x00,0x23,0xF0,0x22,0x00,0x22,
0x00,0xFF,0xF8,0x00,0x00,0x02,0x00,0x42,0x10,0x45,0x10,0x48,0x90,0x50,0x50,0x40,0x10,0x7F,0xF0,0x10,
0x40,0x10,0x40,0x5C,0xA0,0x50,0xA0,0x51,0x50,0xFE,0x48,0x00,0x00,0x95,0xF0,0x94,0x10,0xAC,0x20,0xC4,
0xA0,0x84,0x40,0xFC,0x20,0x04,0x20,0x10,0x30,0x11,0xC0,0x5C,0x40,0x51,0xF0,0x51,0x50,0xFD,0x50,0x01,
0xF0,0x94,0x40,0x95,0xF8,0xAD,0x48,0xC5,0x58,0x85,0xF8,0xFD,0x08,0x05,0x38,0x04,0x00,0x04,0x80,0x04,
0x40,0x04,0x00,0xFF,0xF8,0x05,0x00,0x09,0x10,0x09,0x20,0x09,0x40,0x11,0x80,0x11,0x00,0x23,0x08,0x4D,
0x08,0x80,0xF8,0x04,0x40,0x04,0x20,0xFF,0xF8,0x0A,0x40,0x12,0x80,0x23,0x10,0xDD,0xF0,0x08,0x80,0x7F,
0xF0,0x08,0x80,0x08,0x80,0xFF,0xF8,0x10,0x40,0x20,0x20,0x08,0x00,0x0F,0xC0,0x10,0x80,0x21,0x00,0x7F,
0xE0,0xA2,0x20,0x22,0x20,0x3F,0xE0,0x22,0x20,0x22,0x20,0x3F,0xE0,0x22,0x08,0x02,0x08,0x01,0xF8,0xC0,
0xC0,0xC0,0xC0,0xC0,0xC0,0xC0,0xC0,0x00,0x00,0xC0,0xC0,0x80,0x80,0x41,0x00,0x22,0x00,0x14,0x00,0x08,
0x00,0x7F,0x00,0x08,0x00,0x08,0x00,0x7F,0x00,0x08,0x00,0x08,0x00,0x08,0x00,
};

const ui_f14_glyph_t ui_f14_glyphs[3973] = {
{32,4,0,0,0,13,0},
{33,7,2,10,0,3,0},
{34,7,5,3,0,2,10},
{35,7,5,10,0,3,13},
{36,7,5,13,0,2,23},
{37,7,7,10,0,3,36},
{38,7,7,10,0,3,46},
{39,7,2,4,0,2,56},
{40,7,3,12,0,2,60},
{41,7,3,12,0,2,72},
{42,7,7,7,0,4,84},
{43,7,7,7,0,5,91},
{44,7,2,4,0,11,98},
{45,7,7,1,0,8,102},
{46,7,2,2,0,11,103},
{47,7,6,12,0,2,105},
{48,7,5,10,0,3,117},
{49,7,5,10,0,3,127},
{50,7,5,10,0,3,137},
{51,7,5,10,0,3,147},
{52,7,6,10,0,3,157},
{53,7,5,10,0,3,167},
{54,7,5,10,0,3,177},
{55,7,5,10,0,3,187},
{56,7,5,10,0,3,197},
{57,7,5,10,0,3,207},
{58,7,2,7,0,6,217},
{59,7,1,7,0,7,224},
{60,7,5,10,0,3,231},
{61,7,7,4,0,6,241},
{62,7,5,10,0,3,245},
{63,7,6,9,0,4,255},
{64,7,6,10,0,3,264},
{65,7,7,9,0,4,274},
{66,7,6,9,0,4,283},
{67,7,6,9,0,4,292},
{68,7,6,9,0,4,301},
{69,7,6,9,0,4,310},
{70,7,6,9,0,4,319},
{71,7,7,9,0,4,328},
{72,7,7,9,0,4,337},
{73,7,5,9,0,4,346},
{74,7,6,11,0,4,355},
{75,7,6,9,0,4,366},
{76,7,6,9,0,4,375},
{77,7,7,9,0,4,384},
{78,7,7,9,0,4,393},
{79,7,5,9,0,4,402},
{80,7,6,9,0,4,411},
{81,7,6,10,0,4,420},
{82,7,7,9,0,4,430},
{83,7,5,9,0,4,439},
{84,7,7,9,0,4,448},
{85,7,7,9,0,4,457},
{86,7,7,9,0,4,466},
{87,7,7,9,0,4,475},
{88,7,6,9,0,4,484},
{89,7,7,9,0,4,493},
{90,7,5,9,0,4,502},
{91,7,5,12,0,2,511},
{92,7,5,11,0,3,523},
{93,7,5,12,0,2,534},
{94,7,4,2,0,1,546},
{95,7,7,1,0,14,548},
{96,7,3,2,0,1,549},
{97,7,6,6,0,7,551},
{98,7,6,10,0,3,557},
{99,7,5,6,0,7,567},
{100,7,6,10,0,3,573},
{101,7,5,6,0,7,583},
{102,7,6,10,0,3,589},
{103,7,6,8,0,7,599},
{104,7,7,10,0,3,607},
{105,7,5,10,0,3,617},
{106,7,4,12,0,3,627},
{107,7,6,10,0,3,639},
{108,7,5,10,0,3,649},
{109,7,7,7,0,6,659},
{110,7,7,6,0,7,666},
{111,7,5,6,0,7,672},
{112,7,6,8,0,7,678},
{113,7,6,8,0,7,686},
{114,7,6,6,0,7,694},
{115,7,5,6,0,7,700},
{116,7,5,8,0,5,706},
{117,7,7,6,0,7,714},
{118,7,5,6,0,7,720},
{119,7,7,6,0,7,726},
{120,7,5,6,0,7,732},
{121,7,5,8,0,7,738},
{122,7,5,6,0,7,746},
{123,7,3,12,0,2,752},
{124,7,1,14,0,1,764},
{125,7,3,12,0,2,778},
{126,7,6,3,0,1,790},
{8230,14,10,2,0,7,793},
{19968,14,13,1,0,7,797},
{19969,14,13,13,0,2,799},
{19971,14,13,14,0,1,825},
{19975,14,13,14,0,1,853},
{19976,14,13,14,0,1,881},
{19977,14,13,13,0,2,909},
{19978,14,13,14,0,1,935},
{19979,14,13,13,0,2,963},
{19981,14,13,13,0,2,989},
{19982,14,13,14,0,1,1015},
{19984,14,13,13,0,2,1043},
{19985,14,13,13,0,2,1069},
{19987,14,13,14,0,1,1095},
{19988,14,13,13,0,2,1123},
{19990,14,13,14,0,1,1149},
{19992,14,13,13,0,2,1177},
{19993,14,13,13,0,2,1203},
{19994,14,13,14,0,1,1229},
{19995,14,13,14,0,1,1257},
{19996,14,12,14,0,1,1285},
{19997,14,13,14,0,1,1313},
{20002,14,13,14,0,1,1341},
{20004,14,13,13,0,2,1369},
{20005,14,13,14,0,1,1395},
{20007,14,13,14,0,1,1423},
{20010,14,13,14,0,1,1451},
{20011,14,11,14,0,1,1479},
{20013,14,11,14,0,1,1507},
{20016,14,13,14,0,1,1535},
{20018,14,13,14,0,1,1563},
{20020,14,12,14,0,1,1591},
{20024,14,13,14,0,1,1619},
{20025,14,13,13,0,2,1647},
{20026,14,12,14,0,1,1673},
{20027,14,13,14,0,1,1701},
{20029,14,13,13,0,2,1729},
{20030,14,13,14,0,1,1755},
{20035,14,13,13,0,2,1783},
{20037,14,13,14,0,1,1809},
{20040,14,13,14,0,1,1837},
{20041,14,13,14,0,1,1865},
{20043,14,13,14,0,1,1893},
{20044,14,12,14,0,1,1921},
{20045,14,13,14,0,1,1949},
{20046,14,13,14,0,1,1977},
{20047,14,13,13,0,2,2005},
{20048,14,13,14,0,1,2031},
{20050,14,13,14,0,1,2059},
{20051,14,13,14,0,1,2087},
{20052,14,13,14,0,1,2115},
{20054,14,13,14,0,1,2143},
{20056,14,13,14,0,1,2171},
{20057,14,12,13,0,2,2199},
{20061,14,13,14,0,1,2225},
{20062,14,12,14,0,1,2253},
{20063,14,13,14,0,1,2281},
{20064,14,12,13,0,2,2309},
{20065,14,12,14,0,1,2335},
{20070,14,13,14,0,1,2363},
{20080,14,13,13,0,2,2391},
{20081,14,13,14,0,1,2417},
{20083,14,13,14,0,1,2445},
{20094,14,13,14,0,1,2473},
{20102,14,11,14,0,1,2501},
{20104,14,13,13,0,2,2529},
{20105,14,13,14,0,1,2555},
{20107,14,13,14,0,1,2583},
{20108,14,13,11,0,3,2611},
{20110,14,13,13,0,2,2633},
{20111,14,13,14,0,1,2659},
{20113,14,13,13,0,2,2687},
{20114,14,13,13,0,2,2713},
{20116,14,13,13,0,2,2739},
{20117,14,13,14,0,1,2765},
{20122,14,13,13,0,2,2793},
{20123,14,13,14,0,1,2819},
{20129,14,13,14,0,1,2847},
{20130,14,13,14,0,1,2875},
{20132,14,13,14,0,1,2903},
{20133,14,13,14,0,1,2931},
{20134,14,13,14,0,1,2959},
{20135,14,13,14,0,1,2987},
{20136,14,13,14,0,1,3015},
{20137,14,13,14,0,1,3043},
{20139,14,13,14,0,1,3071},
{20140,14,13,14,0,1,3099},
{20141,14,13,14,0,1,3127},
{20142,14,13,14,0,1,3155},
{20146,14,13,14,0,1,3183},
{20154,14,13,14,0,1,3211},
{20159,14,13,14,0,1,3239},
{20160,14,13,14,0,1,3267},
{20161,14,13,14,0,1,3295},
{20165,14,13,14,0,1,3323},
{20166,14,13,14,0,1,3351},
{20167,14,13,14,0,1,3379},
{20170,14,13,14,0,1,3407},
{20171,14,13,14,0,1,3435},
{20173,14,13,14,0,1,3463},
{20174,14,13,14,0,1,3491},
{20177,14,13,14,0,1,3519},
{20179,14,13,14,0,1,3547},
{20180,14,13,14,0,1,3575},
{20181,14,13,14,0,1,3603},
{20182,14,13,14,0,1,3631},
{20183,14,13,14,0,1,3659},
{20184,14,13,14,0,1,3687},
{20185,14,13,14,0,1,3715},
{20191,14,13,14,0,1,3743},
{20195,14,13,14,0,1,3771},
{20196,14,13,14,0,1,3799},
{20197,14,13,14,0,1,3827},
{20202,14,13,14,0,1,3855},
{20204,14,13,14,0,1,3883},
{20208,14,13,14,0,1,3911},
{20210,14,13,14,0,1,3939},
{20214,14,13,14,0,1,3967},
{20215,14,13,14,0,1,3995},
{20219,14,13,14,0,1,4023},
{20221,14,13,14,0,1,4051},
{20223,14,13,14,0,1,4079},
{20225,14,13,14,0,1,4107},
{20234,14,13,14,0,1,4135},
{20237,14,13,14,0,1,4163},
{20238,14,13,14,0,1,4191},
{20239,14,13,14,0,1,4219},
{20240,14,13,14,0,1,4247},
{20241,14,13,14,0,1,4275},
{20247,14,13,14,0,1,4303},
{20248,14,13,14,0,1,4331},
{20249,14,13,14,0,1,4359},
{20250,14,13,14,0,1,4387},
{20254,14,13,14,0,1,4415},
{20255,14,13,14,0,1,4443},
{20256,14,13,14,0,1,4471},
{20260,14,13,14,0,1,4499},
{20262,14,13,14,0,1,4527},
{20266,14,13,14,0,1,4555},
{20271,14,13,14,0,1,4583},
{20272,14,13,14,0,1,4611},
{20276,14,13,14,0,1,4639},
{20278,14,13,14,0,1,4667},
{20280,14,12,14,0,1,4695},
{20282,14,13,14,0,1,4723},
{20284,14,13,14,0,1,4751},
{20291,14,13,14,0,1,4779},
{20294,14,13,14,0,1,4807},
{20301,14,13,14,0,1,4835},
{20302,14,13,14,0,1,4863},
{20303,14,13,14,0,1,4891},
{20304,14,13,14,0,1,4919},
{20305,14,13,14,0,1,4947},
{20307,14,13,14,0,1,4975},
{20309,14,13,14,0,1,5003},
{20313,14,13,14,0,1,5031},
{20315,14,13,14,0,1,5059},
{20316,14,13,14,0,1,5087},
{20320,14,13,14,0,1,5115},
{20323,14,13,14,0,1,5143},
{20329,14,13,14,0,1,5171},
{20332,14,13,14,0,1,5199},
{20335,14,13,14,0,1,5227},
{20336,14,13,14,0,1,5255},
{20339,14,13,14,0,1,5283},
{20351,14,13,14,0,1,5311},
{20356,14,13,14,0,1,5339},
{20360,14,13,14,0,1,5367},
{20363,14,13,14,0,1,5395},
{20365,14,13,14,0,1,5423},
{20375,14,13,14,0,1,5451},
{20379,14,13,14,0,1,5479},
{20381,14,13,14,0,1,5507},
{20384,14,13,14,0,1,5535},
{20387,14,13,14,0,1,5563},
{20389,14,13,14,0,1,5591},
{20390,14,13,14,0,1,5619},
{20391,14,13,14,0,1,5647},
{20392,14,13,14,0,1,5675},
{20393,14,13,14,0,1,5703},
{20398,14,13,14,0,1,5731},
{20399,14,13,14,0,1,5759},
{20405,14,13,14,0,1,5787},
{20415,14,13,14,0,1,5815},
{20419,14,13,14,0,1,5843},
{20420,14,13,14,0,1,5871},
{20426,14,13,14,0,1,5899},
{20431,14,12,14,0,1,5927},
{20432,14,13,14,0,1,5955},
{20439,14,13,14,0,1,5983},
{20440,14,13,14,0,1,6011},
{20445,14,13,14,0,1,6039},
{20446,14,13,14,0,1,6067},
{20449,14,13,14,0,1,6095},
{20457,14,13,14,0,1,6123},
{20461,14,13,14,0,1,6151},
{20462,14,13,14,0,1,6179},
{20463,14,13,14,0,1,6207},
{20465,14,13,14,0,1,6235},
{20474,14,13,14,0,1,6263},
{20493,14,13,14,0,1,6291},
{20498,14,13,14,0,1,6319},
{20500,14,13,14,0,1,6347},
{20504,14,13,14,0,1,6375},
{20505,14,13,14,0,1,6403},
{20506,14,13,14,0,1,6431},
{20511,14,13,14,0,1,6459},
{20513,14,13,14,0,1,6487},
{20518,14,13,14,0,1,6515},
{20522,14,13,14,0,1,6543},
{20538,14,13,14,0,1,6571},
{20540,14,13,14,0,1,6599},
{20542,14,13,14,0,1,6627},
{20551,14,13,14,0,1,6655},
{20558,14,13,14,0,1,6683},
{20559,14,12,14,0,1,6711},
{20570,14,13,14,0,1,6739},
{20572,14,13,14,0,1,6767},
{20581,14,13,14,0,1,6795},
{20598,14,13,14,0,1,6823},
{20599,14,13,14,0,1,6851},
{20607,14,13,14,0,1,6879},
{20608,14,13,14,0,1,6907},
{20613,14,13,14,0,1,6935},
{20616,14,13,14,0,1,6963},
{20621,14,13,14,0,1,6991},
{20643,14,13,14,0,1,7019},
{20648,14,13,14,0,1,7047},
{20652,14,13,14,0,1,7075},
{20658,14,13,14,0,1,7103},
{20667,14,13,14,0,1,7131},
{20687,14,13,14,0,1,7159},
{20698,14,13,14,0,1,7187},
{20711,14,13,14,0,1,7215},
{20723,14,13,14,0,1,7243},
{20725,14,13,14,0,1,7271},
{20731,14,13,14,0,1,7299},
{20754,14,13,14,0,1,7327},
{20769,14,13,14,0,1,7355},
{20799,14,13,14,0,1,7383},
{20801,14,13,14,0,1,7411},
{20803,14,13,13,0,2,7439},
{20804,14,13,13,0,2,7465},
{20805,14,13,14,0,1,7491},
{20806,14,13,14,0,1,7519},
{20808,14,13,14,0,1,7547},
{20809,14,13,14,0,1,7575},
{20811,14,13,14,0,1,7603},
{20813,14,13,14,0,1,7631},
{20817,14,13,14,0,1,7659},
{20820,14,13,14,0,1,7687},
{20826,14,13,14,0,1,7715},
{20828,14,13,14,0,1,7743},
{20834,14,13,14,0,1,7771},
{20837,14,13,14,0,1,7799},
{20840,14,13,14,0,1,7827},
{20843,14,13,14,0,1,7855},
{20844,14,13,14,0,1,7883},
{20845,14,13,14,0,1,7911},
{20848,14,13,14,0,1,7939},
{20849,14,13,14,0,1,7967},
{20851,14,13,14,0,1,7995},
{20852,14,13,14,0,1,8023},
{20853,14,13,14,0,1,8051},
{20854,14,13,14,0,1,8079},
{20855,14,13,14,0,1,8107},
{20856,14,13,14,0,1,8135},
{20857,14,13,14,0,1,8163},
{20859,14,13,14,0,1,8191},
{20860,14,13,14,0,1,8219},
{20861,14,13,14,0,1,8247},
{20864,14,13,14,0,1,8275},
{20869,14,12,14,0,1,8303},
{20872,14,12,13,0,2,8331},
{20873,14,13,14,0,1,8357},
{20876,14,13,13,0,2,8385},
{20877,14,13,14,0,1,8411},
{20882,14,11,13,0,2,8439},
{20885,14,13,14,0,1,8465},
{20887,14,13,13,0,2,8493},
{20889,14,13,13,0,2,8519},
{20891,14,13,13,0,2,8545},
{20892,14,13,14,0,1,8571},
{20896,14,13,13,0,2,8599},
{20900,14,13,13,0,2,8625},
{20901,14,13,13,0,2,8651},
{20908,14,13,14,0,1,8677},
{20911,14,13,13,0,2,8705},
{20912,14,13,14,0,1,8731},
{20914,14,13,14,0,1,8759},
{20915,14,13,14,0,1,8787},
{20917,14,13,13,0,2,8815},
{20918,14,13,14,0,1,8841},
{20919,14,12,14,0,1,8869},
{20923,14,13,14,0,1,8897},
{20928,14,13,14,0,1,8925},
{20932,14,13,14,0,1,8953},
{20934,14,13,14,0,1,8981},
{20937,14,13,14,0,1,9009},
{20939,14,12,13,0,2,9037},
{20940,14,13,14,0,1,9063},
{20943,14,13,14,0,1,9091},
{20945,14,13,14,0,1,9119},
{20955,14,13,14,0,1,9147},
{20957,14,12,14,0,1,9175},
{20960,14,13,14,0,1,9203},
{20961,14,13,14,0,1,9231},
{20964,14,13,14,0,1,9259},
{20973,14,13,14,0,1,9287},
{20975,14,13,14,0,1,9315},
{20976,14,13,14,0,1,9343},
{20979,14,13,14,0,1,9371},
{20982,14,13,14,0,1,9399},
{20984,14,12,13,0,2,9427},
{20985,14,12,13,0,2,9453},
{20986,14,13,14,0,1,9479},
{20987,14,13,14,0,1,9507},
{20989,14,13,14,0,1,9535},
{20991,14,13,14,0,1,9563},
{20992,14,12,13,0,2,9591},
{20993,14,12,13,0,2,9617},
{20995,14,12,13,0,2,9643},
{20998,14,13,14,0,1,9669},
{20999,14,13,14,0,1,9697},
{21002,14,12,14,0,1,9725},
{21009,14,12,14,0,1,9753},
{21010,14,12,14,0,1,9781},
{21015,14,13,14,0,1,9809},
{21016,14,13,14,0,1,9837},
{21017,14,13,14,0,1,9865},
{21018,14,12,14,0,1,9893},
{21019,14,12,14,0,1,9921},
{21021,14,13,14,0,1,9949},
{21024,14,13,14,0,1,9977},
{21028,14,13,14,0,1,10005},
{21032,14,13,14,0,1,10033},
{21033,14,13,14,0,1,10061},
{21035,14,13,14,0,1,10089},
{21038,14,12,14,0,1,10117},
{21040,14,12,14,0,1,10145},
{21046,14,12,14,0,1,10173},
{21047,14,13,14,0,1,10201},
{21048,14,13,14,0,1,10229},
{21049,14,12,14,0,1,10257},
{21050,14,12,14,0,1,10285},
{21051,14,12,14,0,1,10313},
{21053,14,13,14,0,1,10341},
{21057,14,13,14,0,1,10369},
{21058,14,13,14,0,1,10397},
{21059,14,12,14,0,1,10425},
{21066,14,12,14,0,1,10453},
{21069,14,13,14,0,1,10481},
{21072,14,13,14,0,1,10509},
{21073,14,12,14,0,1,10537},
{21076,14,12,14,0,1,10565},
{21078,14,13,14,0,1,10593},
{21093,14,12,14,0,1,10621},
{21095,14,13,14,0,1,10649},
{21097,14,13,14,0,1,10677},
{21098,14,13,14,0,1,10705},
{21103,14,12,14,0,1,10733},
{21106,14,13,14,0,1,10761},
{21119,14,12,14,0,1,10789},
{21128,14,13,14,0,1,10817},
{21147,14,12,14,0,1,10845},
{21149,14,13,14,0,1,10873},
{21150,14,13,14,0,1,10901},
{21151,14,12,14,0,1,10929},
{21152,14,13,14,0,1,10957},
{21153,14,13,14,0,1,10985},
{21155,14,13,14,0,1,11013},
{21160,14,13,14,0,1,11041},
{21161,14,13,14,0,1,11069},
{21162,14,13,14,0,1,11097},
{21163,14,13,14,0,1,11125},
{21169,14,13,14,0,1,11153},
{21170,14,13,14,0,1,11181},
{21171,14,13,14,0,1,11209},
{21183,14,13,14,0,1,11237},
{21187,14,13,14,0,1,11265},
{21191,14,11,14,0,1,11293},
{21193,14,13,14,0,1,11321},
{21195,14,13,14,0,1,11349},
{21202,14,13,14,0,1,11377},
{21208,14,13,14,0,1,11405},
{21215,14,13,14,0,1,11433},
{21220,14,13,14,0,1,11461},
{21242,14,13,14,0,1,11489},
{21246,14,13,14,0,1,11517},
{21247,14,12,14,0,1,11545},
{21248,14,13,14,0,1,11573},
{21253,14,13,14,0,1,11601},
{21254,14,12,14,0,1,11629},
{21256,14,13,14,0,1,11657},
{21269,14,10,14,0,1,11685},
{21270,14,13,14,0,1,11713},
{21271,14,13,14,0,1,11741},
{21273,14,13,14,0,1,11769},
{21277,14,12,14,0,1,11797},
{21280,14,12,13,0,2,11825},
{21281,14,12,13,0,2,11851},
{21283,14,12,14,0,1,11877},
{21290,14,12,13,0,2,11905},
{21305,14,12,13,0,2,11931},
{21306,14,12,14,0,1,11957},
{21307,14,12,13,0,2,11985},
{21310,14,12,13,0,2,12011},
{21311,14,12,13,0,2,12037},
{21313,14,13,14,0,1,12063},
{21315,14,13,14,0,1,12091},
{21319,14,13,14,0,1,12119},
{21320,14,13,14,0,1,12147},
{21321,14,13,14,0,1,12175},
{21322,14,13,14,0,1,12203},
{21326,14,13,14,0,1,12231},
{21327,14,13,14,0,1,12259},
{21329,14,13,14,0,1,12287},
{21330,14,13,14,0,1,12315},
{21331,14,13,14,0,1,12343},
{21333,14,13,14,0,1,12371},
{21334,14,13,14,0,1,12399},
{21335,14,13,14,0,1,12427},
{21338,14,13,14,0,1,12455},
{21340,14,7,14,0,1,12483},
{21342,14,13,14,0,1,12497},
{21344,14,12,14,0,1,12525},
{21345,14,13,14,0,1,12553},
{21346,14,13,14,0,1,12581},
{21348,14,13,14,0,1,12609},
{21350,14,13,14,0,1,12637},
{21351,14,12,14,0,1,12665},
{21355,14,13,13,0,2,12693},
{21359,14,12,14,0,1,12719},
{21360,14,12,14,0,1,12747},
{21361,14,13,14,0,1,12775},
{21363,14,13,13,0,2,12803},
{21364,14,13,14,0,1,12829},
{21365,14,12,14,0,1,12857},
{21367,14,13,14,0,1,12885},
{21368,14,13,14,0,1,12913},
{21375,14,13,14,0,1,12941},
{21378,14,13,13,0,2,12969},
{21380,14,13,13,0,2,12995},
{21381,14,13,13,0,2,13021},
{21382,14,13,13,0,2,13047},
{21385,14,13,13,0,2,13073},
{21387,14,13,13,0,2,13099},
{21388,14,13,13,0,2,13125},
{21397,14,13,13,0,2,13151},
{21400,14,13,14,0,1,13177},
{21402,14,13,14,0,1,13205},
{21407,14,13,14,0,1,13233},
{21410,14,13,13,0,2,13261},
{21414,14,13,14,0,1,13287},
{21416,14,13,13,0,2,13315},
{21417,14,13,13,0,2,13341},
{21435,14,13,14,0,1,13367},
{21439,14,13,14,0,1,13395},
{21441,14,13,14,0,1,13423},
{21442,14,13,14,0,1,13451},
{21448,14,13,13,0,2,13479},
{21449,14,13,13,0,2,13505},
{21450,14,13,13,0,2,13531},
{21451,14,13,14,0,1,13557},
{21452,14,13,13,0,2,13585},
{21453,14,13,14,0,1,13611},
{21457,14,13,14,0,1,13639},
{21460,14,13,14,0,1,13667},
{21462,14,13,13,0,2,13695},
{21463,14,13,14,0,1,13721},
{21464,14,13,14,0,1,13749},
{21465,14,13,14,0,1,13777},
{21467,14,13,14,0,1,13805},
{21472,14,13,14,0,1,13833},
{21475,14,11,11,0,3,13861},
{21476,14,13,14,0,1,13883},
{21477,14,13,14,0,1,13911},
{21478,14,13,14,0,1,13939},
{21480,14,12,12,0,3,13967},
{21481,14,12,13,0,2,13991},
{21482,14,12,13,0,2,14017},
{21483,14,12,14,0,1,14043},
{21484,14,12,14,0,1,14071},
{21485,14,13,14,0,1,14099},
{21486,14,13,13,0,2,14127},
{21487,14,13,13,0,2,14153},
{21488,14,12,14,0,1,14179},
{21490,14,13,14,0,1,14207},
{21491,14,13,14,0,1,14235},
{21494,14,13,14,0,1,14263},
{21495,14,13,14,0,1,14291},
{21496,14,12,14,0,1,14319},
{21497,14,13,13,0,2,14347},
{21500,14,13,13,0,2,14373},
{21501,14,13,13,0,2,14399},
{21505,14,13,13,0,2,14425},
{21507,14,13,14,0,1,14451},
{21508,14,13,14,0,1,14479},
{21510,14,13,14,0,1,14507},
{21512,14,13,14,0,1,14535},
{21513,14,13,14,0,1,14563},
{21514,14,11,14,0,1,14591},
{21516,14,12,14,0,1,14619},
{21517,14,12,14,0,1,14647},
{21518,14,13,14,0,1,14675},
{21519,14,13,14,0,1,14703},
{21520,14,13,14,0,1,14731},
{21521,14,12,14,0,1,14759},
{21523,14,13,13,0,2,14787},
{21525,14,12,14,0,1,14813},
{21527,14,13,13,0,2,14841},
{21531,14,13,14,0,1,14867},
{21533,14,13,14,0,1,14895},
{21534,14,13,14,0,1,14923},
{21535,14,13,14,0,1,14951},
{21536,14,13,14,0,1,14979},
{21542,14,13,13,0,2,15007},
{21543,14,13,13,0,2,15033},
{21544,14,13,14,0,1,15059},
{21545,14,13,14,0,1,15087},
{21547,14,13,14,0,1,15115},
{21548,14,13,14,0,1,15143},
{21549,14,13,14,0,1,15171},
{21550,14,13,14,0,1,15199},
{21551,14,12,14,0,1,15227},
{21553,14,13,14,0,1,15255},
{21556,14,13,14,0,1,15283},
{21557,14,13,14,0,1,15311},
{21560,14,13,13,0,2,15339},
{21561,14,13,14,0,1,15365},
{21563,14,13,14,0,1,15393},
{21564,14,13,14,0,1,15421},
{21566,14,13,13,0,2,15449},
{21568,14,13,13,0,2,15475},
{21574,14,13,14,0,1,15501},
{21576,14,13,14,0,1,15529},
{21578,14,13,14,0,1,15557},
{21584,14,12,14,0,1,15585},
{21589,14,13,13,0,2,15613},
{21592,14,12,14,0,1,15639},
{21595,14,13,14,0,1,15667},
{21596,14,13,14,0,1,15695},
{21602,14,13,13,0,2,15723},
{21608,14,13,14,0,1,15749},
{21619,14,13,14,0,1,15777},
{21621,14,13,13,0,2,15805},
{21624,14,13,13,0,2,15831},
{21627,14,12,14,0,1,15857},
{21628,14,13,14,0,1,15885},
{21629,14,13,14,0,1,15913},
{21632,14,13,13,0,2,15941},
{21636,14,13,14,0,1,15967},
{21638,14,13,14,0,1,15995},
{21643,14,13,14,0,1,16023},
{21644,14,13,14,0,1,16051},
{21646,14,13,14,0,1,16079},
{21647,14,13,14,0,1,16107},
{21648,14,13,14,0,1,16135},
{21650,14,13,13,0,2,16163},
{21653,14,13,14,0,1,16189},
{21654,14,12,14,0,1,16217},
{21657,14,13,14,0,1,16245},
{21671,14,12,14,0,1,16273},
{21672,14,13,14,0,1,16301},
{21674,14,13,14,0,1,16329},
{21676,14,13,14,0,1,16357},
{21679,14,13,14,0,1,16385},
{21681,14,13,14,0,1,16413},
{21683,14,13,14,0,1,16441},
{21688,14,13,14,0,1,16469},
{21693,14,12,13,0,2,16497},
{21696,14,13,14,0,1,16523},
{21697,14,13,13,0,2,16551},
{21700,14,13,14,0,1,16577},
{21702,14,13,14,0,1,16605},
{21703,14,13,14,0,1,16633},
{21704,14,13,14,0,1,16661},
{21705,14,13,14,0,1,16689},
{21709,14,13,14,0,1,16717},
{21710,14,13,14,0,1,16745},
{21713,14,13,13,0,2,16773},
{21719,14,13,14,0,1,16799},
{21727,14,13,14,0,1,16827},
{21733,14,13,13,0,2,16855},
{21734,14,13,14,0,1,16881},
{21736,14,12,14,0,1,16909},
{21737,14,13,13,0,2,16937},
{21738,14,13,13,0,2,16963},
{21741,14,13,14,0,1,16989},
{21742,14,13,14,0,1,17017},
{21746,14,13,14,0,1,17045},
{21754,14,13,14,0,1,17073},
{21756,14,13,14,0,1,17101},
{21761,14,13,14,0,1,17129},
{21766,14,13,14,0,1,17157},
{21767,14,13,14,0,1,17185},
{21769,14,13,14,0,1,17213},
{21776,14,13,14,0,1,17241},
{21792,14,13,14,0,1,17269},
{21796,14,13,14,0,1,17297},
{21799,14,12,13,0,2,17325},
{21804,14,12,14,0,1,17351},
{21806,14,13,14,0,1,17379},
{21807,14,13,14,0,1,17407},
{21809,14,13,13,0,2,17435},
{21822,14,13,14,0,1,17461},
{21827,14,13,14,0,1,17489},
{21828,14,13,13,0,2,17517},
{21830,14,13,14,0,1,17543},
{21834,14,13,13,0,2,17571},
{21857,14,13,14,0,1,17597},
{21860,14,13,14,0,1,17625},
{21861,14,13,14,0,1,17653},
{21862,14,12,14,0,1,17681},
{21866,14,13,14,0,1,17709},
{21870,14,13,14,0,1,17737},
{21872,14,12,13,0,2,17765},
{21880,14,13,14,0,1,17791},
{21884,14,13,14,0,1,17819},
{21888,14,13,14,0,1,17847},
{21890,14,13,14,0,1,17875},
{21892,14,13,14,0,1,17903},
{21895,14,13,14,0,1,17931},
{21897,14,13,14,0,1,17959},
{21898,14,13,14,0,1,17987},
{21912,14,13,14,0,1,18015},
{21916,14,13,14,0,1,18043},
{21917,14,12,13,0,2,18071},
{21927,14,13,14,0,1,18097},
{21939,14,13,14,0,1,18125},
{21943,14,13,14,0,1,18153},
{21947,14,13,14,0,1,18181},
{21957,14,13,14,0,1,18209},
{21971,14,13,14,0,1,18237},
{21980,14,13,14,0,1,18265},
{21985,14,13,14,0,1,18293},
{21987,14,13,13,0,2,18321},
{21990,14,13,14,0,1,18347},
{22013,14,13,14,0,1,18375},
{22016,14,13,14,0,1,18403},
{22025,14,13,14,0,1,18431},
{22030,14,13,14,0,1,18459},
{22040,14,13,14,0,1,18487},
{22043,14,13,14,0,1,18515},
{22065,14,13,14,0,1,18543},
{22066,14,13,14,0,1,18571},
{22068,14,13,14,0,1,18599},
{22070,14,13,14,0,1,18627},
{22073,14,13,14,0,1,18655},
{22075,14,13,14,0,1,18683},
{22079,14,13,13,0,2,18711},
{22094,14,13,14,0,1,18737},
{22120,14,13,14,0,1,18765},
{22121,14,13,13,0,2,18793},
{22122,14,13,14,0,1,18819},
{22124,14,13,14,0,1,18847},
{22134,14,13,14,0,1,18875},
{22158,14,13,14,0,1,18903},
{22159,14,13,14,0,1,18931},
{22179,14,13,14,0,1,18959},
{22199,14,13,14,0,1,18987},
{22204,14,12,14,0,1,19015},
{22218,14,13,14,0,1,19043},
{22234,14,12,14,0,1,19071},
{22235,14,12,13,0,2,19099},
{22238,14,12,13,0,2,19125},
{22240,14,12,14,0,1,19151},
{22242,14,12,14,0,1,19179},
{22244,14,12,14,0,1,19207},
{22253,14,12,14,0,1,19235},
{22256,14,12,14,0,1,19263},
{22257,14,12,14,0,1,19291},
{22260,14,12,14,0,1,19319},
{22266,14,12,14,0,1,19347},
{22269,14,12,14,0,1,19375},
{22270,14,12,14,0,1,19403},
{22275,14,12,14,0,1,19431},
{22278,14,12,14,0,1,19459},
{22280,14,12,14,0,1,19487},
{22303,14,13,14,0,1,19515},
{22307,14,13,13,0,2,19543},
{22312,14,13,14,0,1,19569},
{22317,14,13,14,0,1,19597},
{22320,14,13,14,0,1,19625},
{22330,14,13,14,0,1,19653},
{22334,14,13,14,0,1,19681},
{22336,14,13,14,0,1,19709},
{22343,14,13,14,0,1,19737},
{22346,14,13,14,0,1,19765},
{22349,14,13,14,0,1,19793},
{22350,14,13,14,0,1,19821},
{22351,14,13,14,0,1,19849},
{22352,14,13,14,0,1,19877},
{22353,14,13,14,0,1,19905},
{22359,14,13,14,0,1,19933},
{22362,14,13,14,0,1,19961},
{22363,14,13,14,0,1,19989},
{22365,14,12,14,0,1,20017},
{22366,14,13,14,0,1,20045},
{22367,14,13,14,0,1,20073},
{22368,14,13,14,0,1,20101},
{22369,14,13,14,0,1,20129},
{22372,14,13,14,0,1,20157},
{22374,14,13,14,0,1,20185},
{22378,14,13,14,0,1,20213},
{22383,14,13,14,0,1,20241},
{22391,14,13,14,0,1,20269},
{22402,14,13,14,0,1,20297},
{22403,14,13,14,0,1,20325},
{22404,14,13,14,0,1,20353},
{22411,14,13,14,0,1,20381},
{22418,14,13,14,0,1,20409},
{22427,14,13,14,0,1,20437},
{22434,14,13,14,0,1,20465},
{22435,14,13,14,0,1,20493},
{22438,14,13,13,0,2,20521},
{22443,14,13,14,0,1,20547},
{22446,14,13,14,0,1,20575},
{22466,14,13,14,0,1,20603},
{22467,14,13,14,0,1,20631},
{22475,14,13,14,0,1,20659},
{22478,14,13,14,0,1,20687},
{22484,14,13,14,0,1,20715},
{22495,14,13,14,0,1,20743},
{22496,14,13,14,0,1,20771},
{22521,14,13,14,0,1,20799},
{22522,14,13,14,0,1,20827},
{22530,14,13,14,0,1,20855},
{22534,14,13,14,0,1,20883},
{22545,14,13,14,0,1,20911},
{22549,14,13,14,0,1,20939},
{22561,14,13,14,0,1,20967},
{22564,14,13,14,0,1,20995},
{22570,14,13,14,0,1,21023},
{22576,14,13,14,0,1,21051},
{22581,14,13,14,0,1,21079},
{22604,14,13,14,0,1,21107},
{22609,14,13,14,0,1,21135},
{22612,14,13,14,0,1,21163},
{22616,14,13,14,0,1,21191},
{22622,14,13,14,0,1,21219},
{22635,14,13,14,0,1,21247},
{22659,14,13,14,0,1,21275},
{22661,14,13,14,0,1,21303},
{22674,14,13,14,0,1,21331},
{22675,14,13,14,0,1,21359},
{22681,14,13,14,0,1,21387},
{22686,14,13,14,0,1,21415},
{22687,14,13,14,0,1,21443},
{22696,14,13,14,0,1,21471},
{22697,14,13,14,0,1,21499},
{22721,14,13,14,0,1,21527},
{22741,14,13,14,0,1,21555},
{22756,14,13,14,0,1,21583},
{22763,14,13,14,0,1,21611},
{22764,14,13,14,0,1,21639},
{22766,14,13,14,0,1,21667},
{22768,14,13,14,0,1,21695},
{22771,14,13,14,0,1,21723},
{22774,14,13,14,0,1,21751},
{22777,14,13,14,0,1,21779},
{22788,14,13,14,0,1,21807},
{22791,14,13,14,0,1,21835},
{22797,14,13,14,0,1,21863},
{22799,14,13,14,0,1,21891},
{22805,14,12,14,0,1,21919},
{22806,14,13,14,0,1,21947},
{22810,14,12,14,0,1,21975},
{22812,14,13,14,0,1,22003},
{22815,14,13,14,0,1,22031},
{22823,14,13,14,0,1,22059},
{22825,14,13,13,0,2,22087},
{22826,14,13,14,0,1,22113},
{22827,14,13,14,0,1,22141},
{22829,14,13,14,0,1,22169},
{22830,14,13,14,0,1,22197},
{22831,14,13,14,0,1,22225},
{22833,14,13,14,0,1,22253},
{22836,14,13,14,0,1,22281},
{22839,14,13,14,0,1,22309},
{22840,14,13,14,0,1,22337},
{22841,14,13,14,0,1,22365},
{22842,14,13,14,0,1,22393},
{22852,14,13,14,0,1,22421},
{22855,14,13,14,0,1,22449},
{22856,14,13,14,0,1,22477},
{22857,14,13,14,0,1,22505},
{22859,14,13,14,0,1,22533},
{22862,14,13,14,0,1,22561},
{22863,14,13,14,0,1,22589},
{22865,14,13,14,0,1,22617},
{22868,14,13,14,0,1,22645},
{22870,14,13,14,0,1,22673},
{22871,14,13,14,0,1,22701},
{22880,14,13,14,0,1,22729},
{22882,14,13,14,0,1,22757},
{22885,14,13,14,0,1,22785},
{22899,14,13,14,0,1,22813},
{22900,14,13,14,0,1,22841},
{22902,14,13,14,0,1,22869},
{22904,14,13,14,0,1,22897},
{22905,14,13,14,0,1,22925},
{22909,14,13,14,0,1,22953},
{22914,14,13,14,0,1,22981},
{22915,14,13,14,0,1,23009},
{22916,14,13,14,0,1,23037},
{22918,14,13,14,0,1,23065},
{22919,14,13,14,0,1,23093},
{22920,14,13,14,0,1,23121},
{22922,14,13,14,0,1,23149},
{22930,14,13,14,0,1,23177},
{22931,14,13,14,0,1,23205},
{22934,14,13,14,0,1,23233},
{22937,14,13,14,0,1,23261},
{22949,14,13,14,0,1,23289},
{22952,14,13,14,0,1,23317},
{22958,14,13,14,0,1,23345},
{22969,14,13,14,0,1,23373},
{22971,14,13,14,0,1,23401},
{22982,14,13,14,0,1,23429},
{22986,14,13,14,0,1,23457},
{22987,14,13,14,0,1,23485},
{22992,14,13,14,0,1,23513},
{22993,14,13,14,0,1,23541},
{22995,14,13,14,0,1,23569},
{22996,14,13,14,0,1,23597},
{23002,14,13,14,0,1,23625},
{23004,14,13,14,0,1,23653},
{23013,14,13,14,0,1,23681},
{23016,14,13,14,0,1,23709},
{23020,14,13,14,0,1,23737},
{23035,14,13,14,0,1,23765},
{23039,14,13,14,0,1,23793},
{23041,14,13,14,0,1,23821},
{23043,14,13,14,0,1,23849},
{23044,14,13,14,0,1,23877},
{23047,14,13,14,0,1,23905},
{23064,14,13,14,0,1,23933},
{23068,14,13,14,0,1,23961},
{23071,14,13,14,0,1,23989},
{23072,14,13,14,0,1,24017},
{23077,14,13,14,0,1,24045},
{23081,14,13,14,0,1,24073},
{23089,14,13,14,0,1,24101},
{23094,14,13,14,0,1,24129},
{23110,14,13,14,0,1,24157},
{23113,14,13,14,0,1,24185},
{23130,14,13,14,0,1,24213},
{23146,14,13,14,0,1,24241},
{23156,14,13,14,0,1,24269},
{23158,14,13,14,0,1,24297},
{23167,14,13,14,0,1,24325},
{23186,14,13,14,0,1,24353},
{23194,14,13,14,0,1,24381},
{23219,14,13,14,0,1,24409},
{23233,14,13,14,0,1,24437},
{23234,14,13,14,0,1,24465},
{23241,14,13,14,0,1,24493},
{23244,14,13,14,0,1,24521},
{23265,14,13,14,0,1,24549},
{23273,14,13,14,0,1,24577},
{23376,14,13,14,0,1,24605},
{23380,14,13,14,0,1,24633},
{23381,14,13,14,0,1,24661},
{23383,14,13,14,0,1,24689},
{23384,14,13,14,0,1,24717},
{23385,14,13,14,0,1,24745},
{23388,14,13,14,0,1,24773},
{23389,14,13,14,0,1,24801},
{23391,14,13,13,0,2,24829},
{23395,14,13,14,0,1,24855},
{23396,14,13,13,0,2,24883},
{23398,14,13,14,0,1,24909},
{23401,14,13,14,0,1,24937},
{23402,14,13,14,0,1,24965},
{23408,14,13,14,0,1,24993},
{23413,14,13,14,0,1,25021},
{23418,14,13,14,0,1,25049},
{23421,14,13,14,0,1,25077},
{23425,14,13,14,0,1,25105},
{23427,14,13,14,0,1,25133},
{23429,14,13,14,0,1,25161},
{23431,14,13,14,0,1,25189},
{23432,14,13,14,0,1,25217},
{23433,14,13,14,0,1,25245},
{23435,14,13,14,0,1,25273},
{23436,14,13,14,0,1,25301},
{23439,14,13,14,0,1,25329},
{23447,14,13,14,0,1,25357},
{23448,14,13,14,0,1,25385},
{23449,14,13,14,0,1,25413},
{23450,14,13,14,0,1,25441},
{23451,14,13,14,0,1,25469},
{23452,14,13,14,0,1,25497},
{23453,14,13,14,0,1,25525},
{23454,14,13,14,0,1,25553},
{23456,14,13,14,0,1,25581},
{23457,14,13,14,0,1,25609},
{23458,14,13,14,0,1,25637},
{23459,14,13,14,0,1,25665},
{23460,14,13,14,0,1,25693},
{23462,14,13,14,0,1,25721},
{23466,14,13,14,0,1,25749},
{23467,14,13,14,0,1,25777},
{23472,14,13,14,0,1,25805},
{23475,14,13,14,0,1,25833},
{23476,14,13,14,0,1,25861},
{23477,14,13,14,0,1,25889},
{23478,14,13,14,0,1,25917},
{23481,14,13,14,0,1,25945},
{23485,14,13,14,0,1,25973},
{23486,14,13,14,0,1,26001},
{23487,14,13,14,0,1,26029},
{23490,14,13,14,0,1,26057},
{23492,14,13,14,0,1,26085},
{23493,14,13,14,0,1,26113},
{23494,14,13,14,0,1,26141},
{23495,14,13,14,0,1,26169},
{23500,14,13,14,0,1,26197},
{23504,14,13,14,0,1,26225},
{23506,14,13,14,0,1,26253},
{23507,14,13,14,0,1,26281},
{23517,14,13,14,0,1,26309},
{23518,14,13,14,0,1,26337},
{23519,14,13,14,0,1,26365},
{23521,14,13,14,0,1,26393},
{23525,14,13,14,0,1,26421},
{23528,14,13,14,0,1,26449},
{23544,14,13,14,0,1,26477},
{23545,14,13,14,0,1,26505},
{23546,14,13,14,0,1,26533},
{23547,14,13,14,0,1,26561},
{23548,14,13,14,0,1,26589},
{23551,14,13,14,0,1,26617},
{23553,14,13,14,0,1,26645},
{23556,14,13,14,0,1,26673},
{23558,14,13,14,0,1,26701},
{23561,14,13,14,0,1,26729},
{23562,14,13,14,0,1,26757},
{23567,14,13,14,0,1,26785},
{23569,14,13,14,0,1,26813},
{23572,14,13,14,0,1,26841},
{23574,14,13,14,0,1,26869},
{23576,14,13,14,0,1,26897},
{23578,14,11,14,0,1,26925},
{23581,14,13,14,0,1,26953},
{23588,14,13,14,0,1,26981},
{23591,14,13,14,0,1,27009},
{23596,14,13,14,0,1,27037},
{23601,14,13,14,0,1,27065},
{23604,14,13,14,0,1,27093},
{23608,14,13,13,0,2,27121},
{23609,14,13,13,0,2,27147},
{23610,14,13,13,0,2,27173},
{23612,14,13,14,0,1,27199},
{23613,14,13,13,0,2,27227},
{23614,14,13,13,0,2,27253},
{23615,14,13,13,0,2,27279},
{23616,14,13,13,0,2,27305},
{23617,14,13,13,0,2,27331},
{23618,14,13,14,0,1,27357},
{23621,14,13,14,0,1,27385},
{23624,14,12,14,0,1,27413},
{23625,14,13,14,0,1,27441},
{23626,14,13,13,0,2,27469},
{23627,14,13,14,0,1,27495},
{23630,14,13,13,0,2,27523},
{23631,14,13,13,0,2,27549},
{23633,14,13,13,0,2,27575},
{23637,14,13,14,0,1,27601},
{23646,14,13,14,0,1,27629},
{23648,14,13,13,0,2,27657},
{23649,14,13,14,0,1,27683},
{23653,14,13,14,0,1,27711},
{23663,14,13,14,0,1,27739},
{23665,14,11,14,0,1,27767},
{23673,14,13,14,0,1,27795},
{23679,14,13,14,0,1,27823},
{23681,14,12,14,0,1,27851},
{23682,14,12,14,0,1,27879},
{23700,14,13,14,0,1,27907},
{23702,14,13,14,0,1,27935},
{23703,14,11,14,0,1,27963},
{23707,14,12,14,0,1,27991},
{23721,14,13,14,0,1,28019},
{23725,14,13,14,0,1,28047},
{23731,14,13,14,0,1,28075},
{23736,14,13,14,0,1,28103},
{23743,14,11,14,0,1,28131},
{23769,14,13,14,0,1,28159},
{23777,14,13,14,0,1,28187},
{23782,14,13,14,0,1,28215},
{23784,14,13,14,0,1,28243},
{23786,14,13,14,0,1,28271},
{23789,14,13,14,0,1,28299},
{23792,14,13,14,0,1,28327},
{23803,14,13,14,0,1,28355},
{23815,14,13,14,0,1,28383},
{23822,14,13,14,0,1,28411},
{23828,14,13,14,0,1,28439},
{23830,14,13,14,0,1,28467},
{23835,14,13,14,0,1,28495},
{23849,14,12,14,0,1,28523},
{23853,14,12,14,0,1,28551},
{23884,14,13,14,0,1,28579},
{24005,14,13,14,0,1,28607},
{24013,14,13,14,0,1,28635},
{24029,14,13,14,0,1,28663},
{24030,14,13,14,0,1,28691},
{24033,14,13,13,0,2,28719},
{24034,14,13,14,0,1,28745},
{24037,14,13,12,0,2,28773},
{24038,14,13,14,0,1,28797},
{24039,14,13,13,0,2,28825},
{24040,14,12,13,0,2,28851},
{24041,14,13,13,0,2,28877},
{24043,14,13,13,0,2,28903},
{24046,14,13,14,0,1,28929},
{24049,14,12,13,0,2,28957},
{24050,14,12,13,0,2,28983},
{24051,14,12,13,0,2,29009},
{24052,14,12,13,0,2,29035},
{24055,14,13,14,0,1,29061},
{24062,14,11,14,0,1,29089},
{24065,14,13,14,0,1,29117},
{24066,14,13,14,0,1,29145},
{24067,14,13,14,0,1,29173},
{24069,14,12,14,0,1,29201},
{24070,14,13,14,0,1,29229},
{24072,14,12,14,0,1,29257},
{24076,14,13,14,0,1,29285},
{24080,14,13,14,0,1,29313},
{24085,14,13,14,0,1,29341},
{24086,14,13,14,0,1,29369},
{24088,14,13,14,0,1,29397},
{24090,14,13,14,0,1,29425},
{24091,14,11,14,0,1,29453},
{24092,14,13,14,0,1,29481},
{24093,14,13,14,0,1,29509},
{24102,14,13,14,0,1,29537},
{24103,14,13,14,0,1,29565},
{24109,14,13,14,0,1,29593},
{24110,14,13,14,0,1,29621},
{24119,14,13,14,0,1,29649},
{24120,14,13,14,0,1,29677},
{24125,14,13,14,0,1,29705},
{24130,14,13,14,0,1,29733},
{24133,14,13,14,0,1,29761},
{24140,14,13,14,0,1,29789},
{24149,14,13,14,0,1,29817},
{24162,14,13,14,0,1,29845},
{24178,14,13,13,0,2,29873},
{24179,14,13,14,0,1,29899},
{24180,14,13,14,0,1,29927},
{24182,14,13,14,0,1,29955},
{24184,14,13,14,0,1,29983},
{24187,14,13,14,0,1,30011},
{24188,14,13,14,0,1,30039},
{24189,14,13,14,0,1,30067},
{24191,14,13,14,0,1,30095},
{24196,14,13,14,0,1,30123},
{24198,14,13,14,0,1,30151},
{24199,14,13,14,0,1,30179},
{24202,14,13,14,0,1,30207},
{24207,14,13,14,0,1,30235},
{24208,14,13,14,0,1,30263},
{24211,14,13,14,0,1,30291},
{24212,14,13,14,0,1,30319},
{24213,14,13,14,0,1,30347},
{24215,14,13,14,0,1,30375},
{24217,14,13,14,0,1,30403},
{24218,14,13,14,0,1,30431},
{24220,14,13,14,0,1,30459},
{24222,14,13,14,0,1,30487},
{24223,14,13,14,0,1,30515},
{24230,14,13,14,0,1,30543},
{24231,14,13,14,0,1,30571},
{24237,14,13,14,0,1,30599},
{24245,14,13,14,0,1,30627},
{24246,14,13,14,0,1,30655},
{24247,14,13,14,0,1,30683},
{24248,14,13,14,0,1,30711},
{24265,14,13,14,0,1,30739},
{24266,14,13,14,0,1,30767},
{24275,14,13,14,0,1,30795},
{24278,14,13,14,0,1,30823},
{24310,14,13,13,0,2,30851},
{24311,14,13,13,0,2,30877},
{24314,14,13,14,0,1,30903},
{24320,14,13,14,0,1,30931},
{24322,14,13,14,0,1,30959},
{24323,14,13,14,0,1,30987},
{24324,14,13,14,0,1,31015},
{24330,14,13,14,0,1,31043},
{24335,14,13,14,0,1,31071},
{24339,14,12,13,0,2,31099},
{24341,14,11,14,0,1,31125},
{24343,14,12,14,0,1,31153},
{24344,14,13,14,0,1,31181},
{24347,14,13,14,0,1,31209},
{24351,14,12,14,0,1,31237},
{24352,14,13,14,0,1,31265},
{24357,14,13,14,0,1,31293},
{24358,14,13,14,0,1,31321},
{24359,14,13,13,0,2,31349},
{24367,14,13,14,0,1,31375},
{24369,14,12,13,0,2,31403},
{24377,14,13,14,0,1,31429},
{24378,14,13,13,0,2,31457},
{24402,14,12,14,0,1,31483},
{24403,14,12,14,0,1,31511},
{24405,14,13,13,0,2,31539},
{24413,14,13,14,0,1,31565},
{24418,14,13,14,0,1,31593},
{24420,14,13,14,0,1,31621},
{24422,14,13,14,0,1,31649},
{24425,14,13,14,0,1,31677},
{24426,14,13,14,0,1,31705},
{24428,14,13,14,0,1,31733},
{24429,14,13,14,0,1,31761},
{24432,14,13,14,0,1,31789},
{24433,14,13,14,0,1,31817},
{24441,14,13,14,0,1,31845},
{24443,14,13,14,0,1,31873},
{24444,14,13,14,0,1,31901},
{24448,14,13,14,0,1,31929},
{24449,14,13,14,0,1,31957},
{24452,14,13,14,0,1,31985},
{24453,14,13,14,0,1,32013},
{24456,14,12,14,0,1,32041},
{24458,14,13,14,0,1,32069},
{24459,14,13,14,0,1,32097},
{24464,14,13,14,0,1,32125},
{24466,14,13,14,0,1,32153},
{24471,14,13,14,0,1,32181},
{24472,14,13,14,0,1,32209},
{24473,14,13,14,0,1,32237},
{24481,14,13,14,0,1,32265},
{24490,14,13,14,0,1,32293},
{24494,14,13,14,0,1,32321},
{24503,14,13,14,0,1,32349},
{24509,14,13,14,0,1,32377},
{24515,14,13,14,0,1,32405},
{24517,14,13,14,0,1,32433},
{24518,14,13,14,0,1,32461},
{24524,14,13,13,0,2,32489},
{24525,14,13,13,0,2,32515},
{24535,14,13,14,0,1,32541},
{24536,14,13,14,0,1,32569},
{24537,14,13,14,0,1,32597},
{24544,14,13,14,0,1,32625},
{24551,14,13,14,0,1,32653},
{24555,14,13,14,0,1,32681},
{24561,14,13,14,0,1,32709},
{24565,14,13,14,0,1,32737},
{24571,14,13,14,0,1,32765},
{24573,14,13,14,0,1,32793},
{24575,14,13,14,0,1,32821},
{24576,14,13,14,0,1,32849},
{24577,14,13,14,0,1,32877},
{24578,14,13,14,0,1,32905},
{24590,14,13,14,0,1,32933},
{24594,14,13,14,0,1,32961},
{24596,14,13,14,0,1,32989},
{24597,14,13,14,0,1,33017},
{24598,14,13,14,0,1,33045},
{24604,14,13,14,0,1,33073},
{24605,14,13,13,0,2,33101},
{24608,14,13,14,0,1,33127},
{24609,14,13,14,0,1,33155},
{24613,14,13,14,0,1,33183},
{24615,14,13,14,0,1,33211},
{24616,14,13,14,0,1,33239},
{24618,14,13,14,0,1,33267},
{24623,14,13,14,0,1,33295},
{24635,14,13,14,0,1,33323},
{24643,14,13,14,0,1,33351},
{24651,14,13,14,0,1,33379},
{24653,14,13,14,0,1,33407},
{24656,14,13,13,0,2,33435},
{24658,14,13,14,0,1,33461},
{24661,14,13,14,0,1,33489},
{24674,14,13,14,0,1,33517},
{24676,14,13,14,0,1,33545},
{24680,14,13,14,0,1,33573},
{24681,14,13,14,0,1,33601},
{24683,14,13,14,0,1,33629},
{24684,14,13,14,0,1,33657},
{24685,14,13,14,0,1,33685},
{24687,14,13,14,0,1,33713},
{24688,14,13,14,0,1,33741},
{24691,14,13,13,0,2,33769},
{24694,14,13,14,0,1,33795},
{24700,14,13,14,0,1,33823},
{24703,14,13,14,0,1,33851},
{24708,14,13,14,0,1,33879},
{24713,14,13,14,0,1,33907},
{24717,14,13,14,0,1,33935},
{24724,14,13,14,0,1,33963},
{24726,14,13,14,0,1,33991},
{24735,14,13,14,0,1,34019},
{24736,14,13,14,0,1,34047},
{24739,14,13,14,0,1,34075},
{24742,14,13,14,0,1,34103},
{24744,14,13,14,0,1,34131},
{24748,14,13,14,0,1,34159},
{24751,14,13,14,0,1,34187},
{24754,14,13,14,0,1,34215},
{24756,14,13,14,0,1,34243},
{24760,14,13,14,0,1,34271},
{24764,14,13,14,0,1,34299},
{24773,14,13,14,0,1,34327},
{24778,14,13,14,0,1,34355},
{24779,14,13,14,0,1,34383},
{24785,14,13,14,0,1,34411},
{24789,14,13,14,0,1,34439},
{24796,14,13,14,0,1,34467},
{24799,14,13,14,0,1,34495},
{24800,14,13,14,0,1,34523},
{24806,14,13,14,0,1,34551},
{24807,14,13,14,0,1,34579},
{24808,14,13,14,0,1,34607},
{24809,14,13,14,0,1,34635},
{24811,14,13,14,0,1,34663},
{24813,14,13,14,0,1,34691},
{24814,14,13,14,0,1,34719},
{24815,14,13,14,0,1,34747},
{24816,14,13,14,0,1,34775},
{24819,14,13,14,0,1,34803},
{24822,14,13,14,0,1,34831},
{24825,14,13,14,0,1,34859},
{24826,14,13,14,0,1,34887},
{24833,14,13,14,0,1,34915},
{24840,14,13,14,0,1,34943},
{24841,14,13,14,0,1,34971},
{24847,14,13,14,0,1,34999},
{24853,14,13,14,0,1,35027},
{24858,14,13,14,0,1,35055},
{24863,14,13,14,0,1,35083},
{24867,14,13,14,0,1,35111},
{24868,14,13,14,0,1,35139},
{24871,14,13,14,0,1,35167},
{24895,14,13,14,0,1,35195},
{24904,14,13,14,0,1,35223},
{24908,14,13,14,0,1,35251},
{24910,14,13,14,0,1,35279},
{24913,14,13,14,0,1,35307},
{24917,14,13,14,0,1,35335},
{24930,14,13,14,0,1,35363},
{24935,14,13,14,0,1,35391},
{24936,14,13,14,0,1,35419},
{24944,14,13,14,0,1,35447},
{24951,14,13,14,0,1,35475},
{24971,14,13,14,0,1,35503},
{24974,14,13,14,0,1,35531},
{24980,14,13,14,0,1,35559},
{25000,14,13,14,0,1,35587},
{25022,14,13,14,0,1,35615},
{25026,14,13,14,0,1,35643},
{25032,14,13,14,0,1,35671},
{25034,14,13,14,0,1,35699},
{25042,14,13,14,0,1,35727},
{25062,14,13,14,0,1,35755},
{25096,14,13,14,0,1,35783},
{25098,14,13,14,0,1,35811},
{25100,14,13,14,0,1,35839},
{25101,14,13,14,0,1,35867},
{25102,14,13,14,0,1,35895},
{25103,14,13,14,0,1,35923},
{25104,14,13,14,0,1,35951},
{25105,14,13,14,0,1,35979},
{25106,14,13,14,0,1,36007},
{25110,14,13,14,0,1,36035},
{25112,14,13,14,0,1,36063},
{25114,14,13,14,0,1,36091},
{25130,14,13,14,0,1,36119},
{25134,14,13,14,0,1,36147},
{25139,14,13,14,0,1,36175},
{25140,14,13,14,0,1,36203},
{25143,14,13,14,0,1,36231},
{25151,14,13,14,0,1,36259},
{25152,14,13,14,0,1,36287},
{25153,14,13,14,0,1,36315},
{25159,14,13,14,0,1,36343},
{25163,14,13,14,0,1,36371},
{25165,14,13,14,0,1,36399},
{25166,14,13,14,0,1,36427},
{25169,14,13,14,0,1,36455},
{25170,14,13,14,0,1,36483},
{25171,14,13,14,0,1,36511},
{25172,14,13,14,0,1,36539},
{25176,14,13,14,0,1,36567},
{25179,14,13,14,0,1,36595},
{25187,14,12,14,0,1,36623},
{25190,14,13,14,0,1,36651},
{25191,14,13,14,0,1,36679},
{25193,14,13,14,0,1,36707},
{25195,14,13,14,0,1,36735},
{25196,14,13,14,0,1,36763},
{25197,14,13,14,0,1,36791},
{25198,14,13,14,0,1,36819},
{25199,14,13,14,0,1,36847},
{25200,14,13,14,0,1,36875},
{25203,14,13,14,0,1,36903},
{25206,14,13,14,0,1,36931},
{25209,14,13,14,0,1,36959},
{25212,14,13,14,0,1,36987},
{25214,14,13,14,0,1,37015},
{25215,14,13,13,0,2,37043},
{25216,14,13,14,0,1,37069},
{25220,14,13,14,0,1,37097},
{25225,14,13,14,0,1,37125},
{25226,14,13,14,0,1,37153},
{25233,14,13,14,0,1,37181},
{25234,14,13,14,0,1,37209},
{25235,14,13,14,0,1,37237},
{25237,14,13,14,0,1,37265},
{25238,14,13,14,0,1,37293},
{25239,14,13,14,0,1,37321},
{25240,14,13,14,0,1,37349},
{25242,14,13,14,0,1,37377},
{25243,14,13,14,0,1,37405},
{25248,14,13,14,0,1,37433},
{25249,14,13,14,0,1,37461},
{25250,14,13,14,0,1,37489},
{25252,14,13,14,0,1,37517},
{25253,14,13,14,0,1,37545},
{25256,14,13,14,0,1,37573},
{25259,14,13,14,0,1,37601},
{25260,14,13,14,0,1,37629},
{25265,14,13,14,0,1,37657},
{25269,14,13,14,0,1,37685},
{25273,14,13,14,0,1,37713},
{25276,14,13,14,0,1,37741},
{25277,14,13,14,0,1,37769},
{25279,14,13,14,0,1,37797},
{25282,14,13,14,0,1,37825},
{25284,14,13,14,0,1,37853},
{25285,14,13,14,0,1,37881},
{25286,14,13,14,0,1,37909},
{25287,14,13,14,0,1,37937},
{25288,14,13,14,0,1,37965},
{25289,14,13,14,0,1,37993},
{25292,14,13,14,0,1,38021},
{25293,14,13,14,0,1,38049},
{25294,14,13,14,0,1,38077},
{25296,14,13,14,0,1,38105},
{25298,14,13,14,0,1,38133},
{25299,14,13,14,0,1,38161},
{25300,14,13,14,0,1,38189},
{25302,14,13,14,0,1,38217},
{25303,14,13,14,0,1,38245},
{25304,14,13,14,0,1,38273},
{25305,14,13,14,0,1,38301},
{25307,14,13,14,0,1,38329},
{25308,14,13,13,0,2,38357},
{25311,14,13,14,0,1,38383},
{25314,14,13,14,0,1,38411},
{25315,14,13,14,0,1,38439},
{25317,14,13,14,0,1,38467},
{25318,14,13,14,0,1,38495},
{25319,14,13,14,0,1,38523},
{25320,14,13,14,0,1,38551},
{25321,14,13,14,0,1,38579},
{25324,14,13,14,0,1,38607},
{25325,14,13,14,0,1,38635},
{25327,14,13,14,0,1,38663},
{25329,14,13,14,0,1,38691},
{25331,14,13,14,0,1,38719},
{25332,14,13,14,0,1,38747},
{25335,14,13,14,0,1,38775},
{25340,14,13,14,0,1,38803},
{25341,14,13,14,0,1,38831},
{25342,14,13,14,0,1,38859},
{25343,14,13,14,0,1,38887},
{25345,14,13,14,0,1,38915},
{25346,14,13,14,0,1,38943},
{25351,14,13,14,0,1,38971},
{25353,14,13,14,0,1,38999},
{25358,14,13,14,0,1,39027},
{25361,14,13,14,0,1,39055},
{25366,14,13,14,0,1,39083},
{25370,14,13,14,0,1,39111},
{25371,14,13,14,0,1,39139},
{25373,14,13,14,0,1,39167},
{25374,14,13,14,0,1,39195},
{25375,14,13,14,0,1,39223},
{25376,14,13,14,0,1,39251},
{25377,14,13,14,0,1,39279},
{25379,14,13,14,0,1,39307},
{25380,14,13,14,0,1,39335},
{25381,14,13,14,0,1,39363},
{25384,14,13,14,0,1,39391},
{25386,14,13,14,0,1,39419},
{25387,14,13,14,0,1,39447},
{25391,14,13,14,0,1,39475},
{25402,14,13,14,0,1,39503},
{25405,14,13,14,0,1,39531},
{25410,14,13,14,0,1,39559},
{25413,14,13,14,0,1,39587},
{25414,14,13,14,0,1,39615},
{25417,14,13,14,0,1,39643},
{25420,14,13,14,0,1,39671},
{25421,14,13,14,0,1,39699},
{25422,14,13,14,0,1,39727},
{25423,14,13,14,0,1,39755},
{25424,14,13,14,0,1,39783},
{25429,14,13,14,0,1,39811},
{25438,14,13,14,0,1,39839},
{25439,14,12,14,0,1,39867},
{25441,14,13,14,0,1,39895},
{25442,14,13,14,0,1,39923},
{25443,14,13,14,0,1,39951},
{25447,14,13,14,0,1,39979},
{25454,14,13,14,0,1,40007},
{25462,14,13,14,0,1,40035},
{25463,14,13,14,0,1,40063},
{25466,14,13,14,0,1,40091},
{25467,14,13,14,0,1,40119},
{25472,14,13,14,0,1,40147},
{25474,14,13,14,0,1,40175},
{25479,14,13,14,0,1,40203},
{25480,14,13,14,0,1,40231},
{25481,14,13,14,0,1,40259},
{25484,14,13,14,0,1,40287},
{25487,14,13,14,0,1,40315},
{25488,14,13,14,0,1,40343},
{25490,14,13,14,0,1,40371},
{25494,14,13,14,0,1,40399},
{25496,14,13,14,0,1,40427},
{25504,14,13,14,0,1,40455},
{25506,14,13,14,0,1,40483},
{25507,14,13,14,0,1,40511},
{25509,14,13,14,0,1,40539},
{25511,14,13,14,0,1,40567},
{25512,14,13,14,0,1,40595},
{25513,14,13,14,0,1,40623},
{25514,14,13,14,0,1,40651},
{25520,14,13,14,0,1,40679},
{25523,14,13,14,0,1,40707},
{25527,14,13,14,0,1,40735},
{25528,14,13,14,0,1,40763},
{25530,14,13,14,0,1,40791},
{25545,14,13,14,0,1,40819},
{25549,14,13,14,0,1,40847},
{25551,14,13,14,0,1,40875},
{25552,14,13,14,0,1,40903},
{25554,14,13,14,0,1,40931},
{25558,14,13,14,0,1,40959},
{25569,14,13,14,0,1,40987},
{25571,14,13,14,0,1,41015},
{25577,14,13,14,0,1,41043},
{25578,14,13,14,0,1,41071},
{25581,14,13,14,0,1,41099},
{25588,14,13,14,0,1,41127},
{25597,14,13,14,0,1,41155},
{25600,14,13,14,0,1,41183},
{25601,14,13,14,0,1,41211},
{25602,14,13,14,0,1,41239},
{25605,14,13,14,0,1,41267},
{25615,14,13,14,0,1,41295},
{25616,14,13,14,0,1,41323},
{25619,14,13,14,0,1,41351},
{25620,14,13,14,0,1,41379},
{25628,14,13,14,0,1,41407},
{25630,14,13,14,0,1,41435},
{25642,14,13,14,0,1,41463},
{25644,14,13,14,0,1,41491},
{25645,14,13,14,0,1,41519},
{25658,14,13,14,0,1,41547},
{25661,14,13,14,0,1,41575},
{25668,14,13,14,0,1,41603},
{25670,14,13,14,0,1,41631},
{25671,14,13,14,0,1,41659},
{25672,14,13,14,0,1,41687},
{25674,14,13,14,0,1,41715},
{25684,14,13,14,0,1,41743},
{25688,14,12,14,0,1,41771},
{25703,14,13,14,0,1,41799},
{25705,14,13,14,0,1,41827},
{25720,14,13,14,0,1,41855},
{25721,14,13,14,0,1,41883},
{25730,14,13,14,0,1,41911},
{25733,14,13,14,0,1,41939},
{25735,14,13,14,0,1,41967},
{25745,14,13,14,0,1,41995},
{25746,14,13,14,0,1,42023},
{25749,14,13,14,0,1,42051},
{25758,14,13,14,0,1,42079},
{25764,14,13,14,0,1,42107},
{25769,14,13,14,0,1,42135},
{25772,14,13,14,0,1,42163},
{25773,14,13,14,0,1,42191},
{25774,14,13,14,0,1,42219},
{25776,14,13,14,0,1,42247},
{25781,14,13,14,0,1,42275},
{25788,14,13,14,0,1,42303},
{25794,14,12,14,0,1,42331},
{25797,14,13,14,0,1,42359},
{25805,14,13,14,0,1,42387},
{25806,14,13,14,0,1,42415},
{25810,14,13,14,0,1,42443},
{25822,14,13,14,0,1,42471},
{25830,14,13,14,0,1,42499},
{25856,14,13,14,0,1,42527},
{25874,14,13,14,0,1,42555},
{25880,14,13,14,0,1,42583},
{25899,14,13,14,0,1,42611},
{25903,14,13,14,0,1,42639},
{25910,14,12,14,0,1,42667},
{25913,14,13,14,0,1,42695},
{25915,14,13,14,0,1,42723},
{25918,14,13,14,0,1,42751},
{25919,14,13,14,0,1,42779},
{25925,14,13,14,0,1,42807},
{25928,14,13,14,0,1,42835},
{25932,14,13,14,0,1,42863},
{25935,14,13,14,0,1,42891},
{25937,14,13,14,0,1,42919},
{25942,14,13,14,0,1,42947},
{25945,14,13,14,0,1,42975},
{25947,14,13,14,0,1,43003},
{25949,14,13,14,0,1,43031},
{25950,14,13,14,0,1,43059},
{25954,14,13,14,0,1,43087},
{25955,14,13,14,0,1,43115},
{25958,14,13,14,0,1,43143},
{25964,14,13,14,0,1,43171},
{25968,14,13,14,0,1,43199},
{25970,14,13,14,0,1,43227},
{25972,14,13,14,0,1,43255},
{25975,14,13,14,0,1,43283},
{25991,14,13,14,0,1,43311},
{25995,14,13,14,0,1,43339},
{25996,14,13,14,0,1,43367},
{26001,14,13,14,0,1,43395},
{26007,14,13,14,0,1,43423},
{26009,14,13,14,0,1,43451},
{26012,14,13,14,0,1,43479},
{26015,14,13,14,0,1,43507},
{26017,14,13,14,0,1,43535},
{26020,14,13,14,0,1,43563},
{26021,14,13,14,0,1,43591},
{26023,14,13,14,0,1,43619},
{26025,14,13,14,0,1,43647},
{26029,14,13,14,0,1,43675},
{26031,14,13,14,0,1,43703},
{26032,14,13,14,0,1,43731},
{26041,14,13,14,0,1,43759},
{26045,14,13,14,0,1,43787},
{26049,14,13,14,0,1,43815},
{26053,14,13,14,0,1,43843},
{26059,14,13,14,0,1,43871},
{26063,14,13,14,0,1,43899},
{26071,14,13,14,0,1,43927},
{26080,14,13,13,0,2,43955},
{26082,14,12,13,0,2,43981},
{26085,14,11,14,0,1,44007},
{26086,14,13,13,0,2,44035},
{26087,14,11,13,0,2,44061},
{26088,14,11,14,0,1,44087},
{26089,14,13,14,0,1,44115},
{26092,14,13,14,0,1,44143},
{26093,14,13,14,0,1,44171},
{26097,14,13,14,0,1,44199},
{26102,14,13,14,0,1,44227},
{26103,14,13,14,0,1,44255},
{26106,14,13,13,0,2,44283},
{26114,14,11,14,0,1,44309},
{26118,14,12,14,0,1,44337},
{26124,14,12,13,0,2,44365},
{26126,14,13,14,0,1,44391},
{26127,14,12,14,0,1,44419},
{26131,14,12,14,0,1,44447},
{26132,14,13,14,0,1,44475},
{26143,14,13,14,0,1,44503},
{26144,14,13,14,0,1,44531},
{26149,14,13,14,0,1,44559},
{26151,14,13,14,0,1,44587},
{26152,14,13,14,0,1,44615},
{26157,14,13,13,0,2,44643},
{26159,14,13,14,0,1,44669},
{26172,14,13,14,0,1,44697},
{26174,14,13,14,0,1,44725},
{26179,14,13,13,0,2,44753},
{26187,14,13,14,0,1,44779},
{26188,14,13,14,0,1,44807},
{26194,14,13,13,0,2,44835},
{26195,14,13,14,0,1,44861},
{26197,14,13,14,0,1,44889},
{26202,14,13,14,0,1,44917},
{26212,14,13,14,0,1,44945},
{26214,14,13,14,0,1,44973},
{26216,14,13,14,0,1,45001},
{26222,14,13,14,0,1,45029},
{26223,14,13,14,0,1,45057},
{26224,14,13,14,0,1,45085},
{26228,14,13,14,0,1,45113},
{26230,14,13,14,0,1,45141},
{26234,14,12,14,0,1,45169},
{26238,14,13,14,0,1,45197},
{26242,14,13,14,0,1,45225},
{26247,14,13,13,0,2,45253},
{26257,14,13,14,0,1,45279},
{26262,14,13,14,0,1,45307},
{26263,14,13,14,0,1,45335},
{26286,14,13,14,0,1,45363},
{26292,14,13,14,0,1,45391},
{26329,14,13,14,0,1,45419},
{26333,14,13,14,0,1,45447},
{26352,14,12,12,0,3,45475},
{26354,14,12,14,0,1,45499},
{26355,14,13,14,0,1,45527},
{26356,14,13,13,0,2,45555},
{26361,14,13,14,0,1,45581},
{26364,14,13,14,0,1,45609},
{26366,14,11,14,0,1,45637},
{26367,14,13,14,0,1,45665},
{26368,14,13,14,0,1,45693},
{26376,14,11,14,0,1,45721},
{26377,14,13,14,0,1,45749},
{26379,14,13,13,0,2,45777},
{26381,14,13,13,0,2,45803},
{26388,14,13,14,0,1,45829},
{26391,14,13,14,0,1,45857},
{26395,14,13,14,0,1,45885},
{26397,14,13,14,0,1,45913},
{26399,14,13,14,0,1,45941},
{26406,14,13,14,0,1,45969},
{26408,14,13,14,0,1,45997},
{26410,14,13,14,0,1,46025},
{26411,14,13,14,0,1,46053},
{26412,14,13,14,0,1,46081},
{26413,14,13,14,0,1,46109},
{26415,14,13,14,0,1,46137},
{26417,14,13,14,0,1,46165},
{26420,14,13,14,0,1,46193},
{26421,14,13,14,0,1,46221},
{26426,14,13,14,0,1,46249},
{26429,14,13,14,0,1,46277},
{26432,14,13,14,0,1,46305},
{26434,14,13,14,0,1,46333},
{26435,14,13,14,0,1,46361},
{26438,14,13,14,0,1,46389},
{26441,14,12,14,0,1,46417},
{26446,14,13,14,0,1,46445},
{26447,14,13,14,0,1,46473},
{26448,14,13,14,0,1,46501},
{26449,14,13,14,0,1,46529},
{26454,14,13,14,0,1,46557},
{26460,14,13,14,0,1,46585},
{26463,14,13,14,0,1,46613},
{26464,14,13,14,0,1,46641},
{26465,14,13,14,0,1,46669},
{26469,14,13,14,0,1,46697},
{26472,14,13,14,0,1,46725},
{26477,14,13,14,0,1,46753},
{26479,14,13,14,0,1,46781},
{26480,14,13,14,0,1,46809},
{26494,14,13,14,0,1,46837},
{26495,14,13,14,0,1,46865},
{26497,14,13,14,0,1,46893},
{26500,14,13,14,0,1,46921},
{26505,14,13,14,0,1,46949},
{26512,14,13,14,0,1,46977},
{26517,14,13,14,0,1,47005},
{26519,14,13,14,0,1,47033},
{26522,14,13,14,0,1,47061},
{26524,14,13,14,0,1,47089},
{26525,14,13,14,0,1,47117},
{26530,14,13,14,0,1,47145},
{26531,14,13,14,0,1,47173},
{26538,14,13,14,0,1,47201},
{26539,14,13,14,0,1,47229},
{26543,14,13,14,0,1,47257},
{26550,14,13,14,0,1,47285},
{26551,14,13,14,0,1,47313},
{26564,14,13,14,0,1,47341},
{26575,14,13,14,0,1,47369},
{26576,14,13,14,0,1,47397},
{26577,14,13,14,0,1,47425},
{26578,14,13,14,0,1,47453},
{26579,14,13,14,0,1,47481},
{26580,14,13,14,0,1,47509},
{26588,14,13,14,0,1,47537},
{26590,14,13,14,0,1,47565},
{26592,14,13,14,0,1,47593},
{26597,14,13,14,0,1,47621},
{26604,14,13,14,0,1,47649},
{26607,14,13,14,0,1,47677},
{26609,14,13,14,0,1,47705},
{26611,14,13,14,0,1,47733},
{26612,14,13,14,0,1,47761},
{26623,14,13,14,0,1,47789},
{26629,14,13,14,0,1,47817},
{26631,14,13,14,0,1,47845},
{26632,14,13,14,0,1,47873},
{26635,14,13,14,0,1,47901},
{26639,14,13,14,0,1,47929},
{26641,14,13,14,0,1,47957},
{26643,14,13,14,0,1,47985},
{26646,14,13,14,0,1,48013},
{26647,14,13,13,0,2,48041},
{26657,14,13,14,0,1,48067},
{26666,14,13,14,0,1,48095},
{26679,14,13,14,0,1,48123},
{26680,14,13,14,0,1,48151},
{26681,14,13,14,0,1,48179},
{26684,14,13,14,0,1,48207},
{26685,14,13,14,0,1,48235},
{26690,14,13,14,0,1,48263},
{26691,14,13,14,0,1,48291},
{26693,14,13,14,0,1,48319},
{26694,14,13,14,0,1,48347},
{26696,14,13,14,0,1,48375},
{26700,14,13,14,0,1,48403},
{26704,14,13,14,0,1,48431},
{26705,14,13,14,0,1,48459},
{26707,14,13,14,0,1,48487},
{26708,14,13,14,0,1,48515},
{26723,14,13,14,0,1,48543},
{26725,14,13,14,0,1,48571},
{26726,14,13,14,0,1,48599},
{26728,14,13,14,0,1,48627},
{26729,14,13,14,0,1,48655},
{26742,14,13,14,0,1,48683},
{26753,14,13,14,0,1,48711},
{26757,14,13,14,0,1,48739},
{26758,14,13,14,0,1,48767},
{26775,14,13,14,0,1,48795},
{26786,14,13,14,0,1,48823},
{26790,14,13,14,0,1,48851},
{26791,14,13,14,0,1,48879},
{26792,14,13,14,0,1,48907},
{26797,14,13,14,0,1,48935},
{26799,14,13,14,0,1,48963},
{26800,14,13,14,0,1,48991},
{26803,14,13,14,0,1,49019},
{26816,14,13,14,0,1,49047},
{26825,14,13,14,0,1,49075},
{26827,14,13,14,0,1,49103},
{26829,14,13,14,0,1,49131},
{26834,14,13,14,0,1,49159},
{26837,14,13,14,0,1,49187},
{26840,14,13,14,0,1,49215},
{26842,14,12,14,0,1,49243},
{26848,14,13,14,0,1,49271},
{26862,14,13,14,0,1,49299},
{26865,14,13,14,0,1,49327},
{26869,14,13,14,0,1,49355},
{26874,14,13,14,0,1,49383},
{26885,14,13,14,0,1,49411},
{26893,14,13,14,0,1,49439},
{26894,14,13,14,0,1,49467},
{26898,14,13,14,0,1,49495},
{26925,14,13,14,0,1,49523},
{26928,14,13,14,0,1,49551},
{26941,14,13,14,0,1,49579},
{26943,14,13,14,0,1,49607},
{26964,14,13,14,0,1,49635},
{26970,14,13,14,0,1,49663},
{26974,14,13,14,0,1,49691},
{26999,14,13,14,0,1,49719},
{27004,14,13,14,0,1,49747},
{27010,14,13,14,0,1,49775},
{27012,14,13,14,0,1,49803},
{27014,14,13,14,0,1,49831},
{27028,14,13,14,0,1,49859},
{27029,14,13,14,0,1,49887},
{27036,14,13,14,0,1,49915},
{27048,14,13,14,0,1,49943},
{27060,14,13,14,0,1,49971},
{27063,14,13,14,0,1,49999},
{27088,14,13,14,0,1,50027},
{27099,14,13,14,0,1,50055},
{27133,14,13,14,0,1,50083},
{27146,14,13,14,0,1,50111},
{27167,14,13,14,0,1,50139},
{27169,14,13,14,0,1,50167},
{27178,14,13,14,0,1,50195},
{27185,14,13,14,0,1,50223},
{27204,14,13,14,0,1,50251},
{27207,14,13,14,0,1,50279},
{27224,14,13,14,0,1,50307},
{27225,14,13,14,0,1,50335},
{27233,14,13,14,0,1,50363},
{27249,14,13,14,0,1,50391},
{27264,14,13,14,0,1,50419},
{27268,14,13,14,0,1,50447},
{27280,14,13,14,0,1,50475},
{27308,14,13,14,0,1,50503},
{27424,14,13,14,0,1,50531},
{27425,14,13,14,0,1,50559},
{27426,14,13,14,0,1,50587},
{27427,14,13,14,0,1,50615},
{27431,14,13,14,0,1,50643},
{27442,14,13,14,0,1,50671},
{27450,14,13,14,0,1,50699},
{27454,14,13,14,0,1,50727},
{27463,14,13,14,0,1,50755},
{27465,14,13,14,0,1,50783},
{27468,14,13,14,0,1,50811},
{27490,14,13,14,0,1,50839},
{27491,14,13,13,0,2,50867},
{27492,14,13,14,0,1,50893},
{27493,14,13,14,0,1,50921},
{27494,14,13,14,0,1,50949},
{27495,14,13,14,0,1,50977},
{27498,14,13,13,0,2,51005},
{27513,14,13,13,0,2,51031},
{27515,14,13,13,0,2,51057},
{27516,14,13,14,0,1,51083},
{27523,14,13,14,0,1,51111},
{27526,14,13,14,0,1,51139},
{27529,14,13,14,0,1,51167},
{27530,14,13,14,0,1,51195},
{27531,14,13,14,0,1,51223},
{27542,14,13,14,0,1,51251},
{27572,14,13,13,0,2,51279},
{27573,14,13,14,0,1,51305},
{27575,14,13,14,0,1,51333},
{27583,14,13,13,0,2,51361},
{27585,14,13,14,0,1,51387},
{27589,14,13,14,0,1,51415},
{27595,14,13,13,0,2,51443},
{27597,14,13,13,0,2,51469},
{27599,14,13,14,0,1,51495},
{27602,14,13,14,0,1,51523},
{27604,14,12,14,0,1,51551},
{27605,14,13,14,0,1,51579},
{27606,14,13,14,0,1,51607},
{27607,14,13,14,0,1,51635},
{27609,14,13,14,0,1,51663},
{27611,14,13,14,0,1,51691},
{27617,14,13,14,0,1,51719},
{27627,14,13,14,0,1,51747},
{27631,14,13,14,0,1,51775},
{27663,14,12,14,0,1,51803},
{27665,14,12,14,0,1,51831},
{27667,14,13,14,0,1,51859},
{27668,14,13,14,0,1,51887},
{27670,14,13,14,0,1,51915},
{27675,14,13,14,0,1,51943},
{27679,14,13,14,0,1,51971},
{27682,14,13,14,0,1,51999},
{27686,14,13,14,0,1,52027},
{27687,14,13,14,0,1,52055},
{27688,14,13,14,0,1,52083},
{27694,14,13,14,0,1,52111},
{27695,14,13,14,0,1,52139},
{27696,14,13,14,0,1,52167},
{27700,14,13,14,0,1,52195},
{27704,14,13,14,0,1,52223},
{27712,14,13,13,0,2,52251},
{27713,14,13,14,0,1,52277},
{27714,14,13,14,0,1,52305},
{27719,14,13,13,0,2,52333},
{27721,14,13,13,0,2,52359},
{27728,14,13,14,0,1,52385},
{27733,14,13,14,0,1,52413},
{27735,14,13,13,0,2,52441},
{27739,14,13,13,0,2,52467},
{27741,14,13,14,0,1,52493},
{27742,14,13,13,0,2,52521},
{27743,14,13,13,0,2,52547},
{27744,14,13,14,0,1,52573},
{27745,14,13,13,0,2,52601},
{27748,14,13,14,0,1,52627},
{27754,14,13,13,0,2,52655},
{27760,14,13,14,0,1,52681},
{27762,14,13,13,0,2,52709},
{27769,14,13,14,0,1,52735},
{27773,14,13,14,0,1,52763},
{27774,14,13,14,0,1,52791},
{27777,14,13,13,0,2,52819},
{27778,14,13,14,0,1,52845},
{27779,14,13,13,0,2,52873},
{27784,14,13,14,0,1,52899},
{27785,14,13,13,0,2,52927},
{27791,14,13,14,0,1,52953},
{27792,14,13,14,0,1,52981},
{27801,14,13,14,0,1,53009},
{27803,14,13,14,0,1,53037},
{27807,14,13,14,0,1,53065},
{27809,14,13,13,0,2,53093},
{27812,14,13,13,0,2,53119},
{27813,14,13,13,0,2,53145},
{27814,14,13,14,0,1,53171},
{27815,14,13,14,0,1,53199},
{27818,14,13,14,0,1,53227},
{27819,14,13,14,0,1,53255},
{27822,14,13,13,0,2,53283},
{27827,14,13,13,0,2,53309},
{27832,14,13,14,0,1,53335},
{27833,14,13,14,0,1,53363},
{27835,14,13,14,0,1,53391},
{27836,14,13,13,0,2,53419},
{27837,14,13,14,0,1,53445},
{27838,14,13,14,0,1,53473},
{27839,14,13,13,0,2,53501},
{27844,14,13,14,0,1,53527},
{27845,14,13,13,0,2,53555},
{27849,14,13,14,0,1,53581},
{27850,14,13,14,0,1,53609},
{27852,14,13,14,0,1,53637},
{27861,14,13,14,0,1,53665},
{27867,14,13,13,0,2,53693},
{27870,14,13,14,0,1,53719},
{27873,14,13,14,0,1,53747},
{27874,14,13,14,0,1,53775},
{27875,14,13,14,0,1,53803},
{27877,14,13,13,0,2,53831},
{27880,14,13,14,0,1,53857},
{27882,14,12,13,0,2,53885},
{27888,14,13,14,0,1,53911},
{27891,14,13,14,0,1,53939},
{27893,14,13,13,0,2,53967},
{27899,14,13,13,0,2,53993},
{27900,14,13,14,0,1,54019},
{27901,14,13,13,0,2,54047},
{27905,14,13,14,0,1,54073},
{27915,14,13,14,0,1,54101},
{27922,14,13,13,0,2,54129},
{27927,14,13,14,0,1,54155},
{27931,14,13,14,0,1,54183},
{27934,14,13,13,0,2,54211},
{27941,14,13,14,0,1,54237},
{27946,14,13,14,0,1,54265},
{27953,14,13,13,0,2,54293},
{27954,14,13,14,0,1,54319},
{27963,14,13,13,0,2,54347},
{27964,14,13,14,0,1,54373},
{27965,14,13,14,0,1,54401},
{27966,14,13,14,0,1,54429},
{27969,14,13,14,0,1,54457},
{27973,14,13,14,0,1,54485},
{27974,14,13,14,0,1,54513},
{27975,14,13,14,0,1,54541},
{27978,14,13,14,0,1,54569},
{27979,14,13,14,0,1,54597},
{27982,14,13,14,0,1,54625},
{27983,14,12,14,0,1,54653},
{27985,14,13,13,0,2,54681},
{27987,14,13,14,0,1,54707},
{27993,14,13,14,0,1,54735},
{27994,14,13,14,0,1,54763},
{28006,14,13,14,0,1,54791},
{28009,14,13,14,0,1,54819},
{28010,14,13,14,0,1,54847},
{28014,14,13,14,0,1,54875},
{28020,14,13,14,0,1,54903},
{28023,14,13,14,0,1,54931},
{28024,14,13,14,0,1,54959},
{28034,14,13,14,0,1,54987},
{28037,14,13,13,0,2,55015},
{28040,14,12,14,0,1,55041},
{28041,14,13,14,0,1,55069},
{28044,14,13,13,0,2,55097},
{28046,14,13,13,0,2,55123},
{28053,14,13,14,0,1,55149},
{28059,14,13,14,0,1,55177},
{28061,14,13,14,0,1,55205},
{28063,14,13,14,0,1,55233},
{28065,14,13,13,0,2,55261},
{28067,14,13,14,0,1,55287},
{28068,14,13,14,0,1,55315},
{28070,14,13,14,0,1,55343},
{28071,14,13,14,0,1,55371},
{28072,14,13,14,0,1,55399},
{28073,14,13,13,0,2,55427},
{28074,14,13,14,0,1,55453},
{28078,14,13,14,0,1,55481},
{28079,14,13,13,0,2,55509},
{28082,14,13,14,0,1,55535},
{28085,14,13,13,0,2,55563},
{28088,14,13,13,0,2,55589},
{28096,14,13,14,0,1,55615},
{28100,14,12,14,0,1,55643},
{28102,14,13,14,0,1,55671},
{28107,14,13,14,0,1,55699},
{28108,14,13,14,0,1,55727},
{28113,14,13,14,0,1,55755},
{28118,14,13,14,0,1,55783},
{28120,14,13,14,0,1,55811},
{28129,14,13,14,0,1,55839},
{28132,14,13,14,0,1,55867},
{28139,14,13,14,0,1,55895},
{28140,14,13,14,0,1,55923},
{28142,14,13,14,0,1,55951},
{28145,14,13,13,0,2,55979},
{28147,14,13,14,0,1,56005},
{28151,14,13,13,0,2,56033},
{28153,14,13,14,0,1,56059},
{28155,14,13,13,0,2,56087},
{28165,14,13,14,0,1,56113},
{28170,14,12,14,0,1,56141},
{28173,14,13,14,0,1,56169},
{28176,14,13,14,0,1,56197},
{28180,14,13,14,0,1,56225},
{28183,14,13,14,0,1,56253},
{28189,14,13,14,0,1,56281},
{28192,14,13,14,0,1,56309},
{28193,14,13,14,0,1,56337},
{28195,14,13,14,0,1,56365},
{28196,14,12,14,0,1,56393},
{28201,14,13,14,0,1,56421},
{28205,14,13,13,0,2,56449},
{28207,14,13,14,0,1,56475},
{28210,14,13,14,0,1,56503},
{28212,14,12,13,0,2,56531},
{28216,14,13,14,0,1,56557},
{28218,14,13,14,0,1,56585},
{28227,14,13,13,0,2,56613},
{28237,14,13,14,0,1,56639},
{28246,14,12,14,0,1,56667},
{28248,14,12,14,0,1,56695},
{28251,14,13,14,0,1,56723},
{28286,14,13,14,0,1,56751},
{28287,14,13,13,0,2,56779},
{28291,14,13,14,0,1,56805},
{28293,14,13,14,0,1,56833},
{28297,14,13,13,0,2,56861},
{28304,14,13,13,0,2,56887},
{28316,14,13,14,0,1,56913},
{28322,14,13,14,0,1,56941},
{28330,14,13,14,0,1,56969},
{28335,14,13,14,0,1,56997},
{28342,14,13,14,0,1,57025},
{28346,14,13,13,0,2,57053},
{28353,14,13,14,0,1,57079},
{28359,14,13,14,0,1,57107},
{28363,14,13,14,0,1,57135},
{28369,14,13,14,0,1,57163},
{28371,14,13,14,0,1,57191},
{28372,14,12,14,0,1,57219},
{28378,14,13,14,0,1,57247},
{28382,14,13,14,0,1,57275},
{28385,14,13,14,0,1,57303},
{28388,14,13,14,0,1,57331},
{28389,14,13,14,0,1,57359},
{28390,14,13,14,0,1,57387},
{28392,14,13,14,0,1,57415},
{28393,14,13,14,0,1,57443},
{28404,14,13,14,0,1,57471},
{28418,14,13,13,0,2,57499},
{28422,14,13,14,0,1,57525},
{28431,14,13,13,0,2,57553},
{28435,14,13,14,0,1,57579},
{28436,14,13,14,0,1,57607},
{28448,14,13,14,0,1,57635},
{28459,14,13,14,0,1,57663},
{28465,14,13,14,0,1,57691},
{28467,14,13,14,0,1,57719},
{28478,14,13,14,0,1,57747},
{28487,14,13,14,0,1,57775},
{28493,14,13,14,0,1,57803},
{28504,14,13,14,0,1,57831},
{28508,14,13,14,0,1,57859},
{28510,14,13,14,0,1,57887},
{28518,14,13,14,0,1,57915},
{28525,14,13,14,0,1,57943},
{28526,14,13,14,0,1,57971},
{28548,14,13,14,0,1,57999},
{28552,14,13,14,0,1,58027},
{28558,14,13,14,0,1,58055},
{28572,14,13,14,0,1,58083},
{28577,14,13,14,0,1,58111},
{28595,14,13,14,0,1,58139},
{28608,14,13,14,0,1,58167},
{28626,14,13,14,0,1,58195},
{28689,14,13,14,0,1,58223},
{28748,14,13,14,0,1,58251},
{28779,14,13,14,0,1,58279},
{28781,14,13,13,0,2,58307},
{28783,14,13,14,0,1,58333},
{28784,14,13,14,0,1,58361},
{28789,14,13,14,0,1,58389},
{28790,14,13,14,0,1,58417},
{28792,14,13,14,0,1,58445},
{28796,14,13,14,0,1,58473},
{28798,14,13,14,0,1,58501},
{28799,14,12,14,0,1,58529},
{28809,14,13,14,0,1,58557},
{28810,14,13,14,0,1,58585},
{28814,14,13,14,0,1,58613},
{28818,14,13,14,0,1,58641},
{28820,14,13,14,0,1,58669},
{28821,14,13,14,0,1,58697},
{28825,14,13,14,0,1,58725},
{28843,14,13,14,0,1,58753},
{28844,14,13,14,0,1,58781},
{28845,14,13,14,0,1,58809},
{28846,14,13,14,0,1,58837},
{28847,14,13,14,0,1,58865},
{28851,14,13,14,0,1,58893},
{28856,14,13,14,0,1,58921},
{28857,14,13,14,0,1,58949},
{28860,14,13,14,0,1,58977},
{28861,14,13,14,0,1,59005},
{28865,14,13,14,0,1,59033},
{28866,14,13,14,0,1,59061},
{28867,14,13,14,0,1,59089},
{28872,14,13,13,0,2,59117},
{28888,14,13,14,0,1,59143},
{28889,14,13,14,0,1,59171},
{28891,14,13,14,0,1,59199},
{28895,14,12,14,0,1,59227},
{28900,14,13,14,0,1,59255},
{28902,14,13,14,0,1,59283},
{28903,14,13,14,0,1,59311},
{28905,14,13,14,0,1,59339},
{28907,14,13,14,0,1,59367},
{28908,14,13,14,0,1,59395},
{28909,14,13,14,0,1,59423},
{28911,14,13,14,0,1,59451},
{28919,14,13,14,0,1,59479},
{28921,14,13,14,0,1,59507},
{28925,14,13,14,0,1,59535},
{28937,14,13,13,0,2,59563},
{28938,14,13,14,0,1,59589},
{28949,14,13,14,0,1,59617},
{28953,14,13,14,0,1,59645},
{28954,14,13,14,0,1,59673},
{28966,14,13,14,0,1,59701},
{28976,14,13,14,0,1,59729},
{28982,14,13,14,0,1,59757},
{29004,14,13,14,0,1,59785},
{29006,14,13,14,0,1,59813},
{29022,14,13,14,0,1,59841},
{29028,14,13,14,0,1,59869},
{29031,14,13,14,0,1,59897},
{29038,14,13,14,0,1,59925},
{29053,14,13,14,0,1,59953},
{29060,14,13,14,0,1,59981},
{29066,14,13,14,0,1,60009},
{29071,14,13,14,0,1,60037},
{29076,14,13,14,0,1,60065},
{29081,14,13,14,0,1,60093},
{29087,14,13,14,0,1,60121},
{29100,14,13,14,0,1,60149},
{29123,14,13,14,0,1,60177},
{29134,14,12,14,0,1,60205},
{29141,14,13,14,0,1,60233},
{29157,14,13,14,0,1,60261},
{29190,14,13,14,0,1,60289},
{29226,14,13,14,0,1,60317},
{29228,14,13,14,0,1,60345},
{29233,14,13,14,0,1,60373},
{29237,14,13,14,0,1,60401},
{29238,14,13,14,0,1,60429},
{29239,14,13,14,0,1,60457},
{29240,14,13,14,0,1,60485},
{29241,14,13,14,0,1,60513},
{29245,14,13,14,0,1,60541},
{29255,14,12,14,0,1,60569},
{29256,14,13,14,0,1,60597},
{29260,14,13,14,0,1,60625},
{29273,14,13,13,0,2,60653},
{29275,14,13,14,0,1,60679},
{29279,14,13,14,0,1,60707},
{29281,14,13,14,0,1,60735},
{29282,14,13,14,0,1,60763},
{29287,14,13,14,0,1,60791},
{29289,14,13,14,0,1,60819},
{29298,14,13,14,0,1,60847},
{29301,14,13,14,0,1,60875},
{29305,14,13,14,0,1,60903},
{29306,14,13,14,0,1,60931},
{29312,14,13,14,0,1,60959},
{29313,14,13,14,0,1,60987},
{29322,14,13,14,0,1,61015},
{29356,14,13,14,0,1,61043},
{29359,14,13,14,0,1,61071},
{29366,14,13,14,0,1,61099},
{29369,14,13,14,0,1,61127},
{29378,14,13,14,0,1,61155},
{29380,14,13,14,0,1,61183},
{29384,14,13,14,0,1,61211},
{29392,14,13,14,0,1,61239},
{29399,14,13,14,0,1,61267},
{29401,14,13,14,0,1,61295},
{29406,14,13,14,0,1,61323},
{29408,14,13,14,0,1,61351},
{29409,14,13,14,0,1,61379},
{29420,14,13,14,0,1,61407},
{29421,14,13,14,0,1,61435},
{29422,14,13,14,0,1,61463},
{29424,14,13,14,0,1,61491},
{29425,14,13,14,0,1,61519},
{29432,14,13,14,0,1,61547},
{29436,14,13,14,0,1,61575},
{29454,14,13,14,0,1,61603},
{29462,14,13,14,0,1,61631},
{29467,14,13,14,0,1,61659},
{29468,14,13,14,0,1,61687},
{29481,14,13,14,0,1,61715},
{29482,14,13,14,0,1,61743},
{29483,14,13,14,0,1,61771},
{29484,14,13,14,0,1,61799},
{29486,14,13,14,0,1,61827},
{29492,14,13,14,0,1,61855},
{29502,14,13,14,0,1,61883},
{29503,14,13,14,0,1,61911},
{29549,14,13,14,0,1,61939},
{29572,14,13,14,0,1,61967},
{29575,14,13,14,0,1,61995},
{29577,14,13,13,0,2,62023},
{29579,14,13,13,0,2,62049},
{29590,14,13,14,0,1,62075},
{29595,14,13,13,0,2,62103},
{29609,14,13,13,0,2,62129},
{29611,14,13,14,0,1,62155},
{29615,14,13,13,0,2,62183},
{29616,14,13,13,0,2,62209},
{29618,14,13,14,0,1,62235},
{29623,14,13,14,0,1,62263},
{29627,14,13,14,0,1,62291},
{29642,14,13,13,0,2,62319},
{29645,14,13,14,0,1,62345},
{29648,14,13,14,0,1,62373},
{29664,14,13,14,0,1,62401},
{29677,14,13,14,0,1,62429},
{29699,14,13,14,0,1,62457},
{29701,14,13,14,0,1,62485},
{29702,14,13,13,0,2,62513},
{29705,14,13,14,0,1,62539},
{29712,14,13,14,0,1,62567},
{29730,14,13,13,0,2,62595},
{29747,14,13,14,0,1,62621},
{29748,14,13,13,0,2,62649},
{29749,14,13,13,0,2,62675},
{29750,14,13,13,0,2,62701},
{29756,14,13,14,0,1,62727},
{29785,14,13,14,0,1,62755},
{29786,14,13,14,0,1,62783},
{29790,14,13,14,0,1,62811},
{29791,14,13,13,0,2,62839},
{29808,14,13,14,0,1,62865},
{29814,14,13,14,0,1,62893},
{29827,14,13,14,0,1,62921},
{29863,14,13,14,0,1,62949},
{29916,14,13,14,0,1,62977},
{29922,14,13,14,0,1,63005},
{29923,14,13,14,0,1,63033},
{29924,14,13,14,0,1,63061},
{29926,14,13,13,0,2,63089},
{29934,14,13,14,0,1,63115},
{29942,14,13,14,0,1,63143},
{29943,14,13,14,0,1,63171},
{29956,14,13,13,0,2,63199},
{29976,14,13,14,0,1,63225},
{29978,14,13,14,0,1,63253},
{29980,14,13,13,0,2,63281},
{29983,14,13,14,0,1,63307},
{29989,14,13,14,0,1,63335},
{29992,14,13,13,0,2,63363},
{29993,14,13,14,0,1,63389},
{29995,14,13,14,0,1,63417},
{29997,14,13,13,0,2,63445},
{30000,14,11,13,0,2,63471},
{30001,14,11,14,0,1,63497},
{30002,14,11,13,0,2,63525},
{30003,14,11,14,0,1,63551},
{30005,14,12,14,0,1,63579},
{30007,14,12,14,0,1,63607},
{30008,14,13,14,0,1,63635},
{30011,14,13,14,0,1,63663},
{30021,14,13,14,0,1,63691},
{30028,14,13,14,0,1,63719},
{30031,14,13,13,0,2,63747},
{30036,14,13,14,0,1,63773},
{30041,14,13,14,0,1,63801},
{30044,14,13,14,0,1,63829},
{30053,14,13,14,0,1,63857},
{30054,14,13,14,0,1,63885},
{30058,14,13,14,0,1,63913},
{30068,14,13,14,0,1,63941},
{30072,14,13,14,0,1,63969},
{30086,14,13,13,0,2,63997},
{30095,14,13,14,0,1,64023},
{30097,14,13,14,0,1,64051},
{30103,14,13,14,0,1,64079},
{30105,14,13,14,0,1,64107},
{30106,14,13,14,0,1,64135},
{30111,14,13,14,0,1,64163},
{30113,14,13,14,0,1,64191},
{30116,14,13,14,0,1,64219},
{30117,14,13,14,0,1,64247},
{30123,14,13,14,0,1,64275},
{30126,14,13,14,0,1,64303},
{30127,14,13,14,0,1,64331},
{30130,14,13,14,0,1,64359},
{30133,14,13,14,0,1,64387},
{30137,14,13,14,0,1,64415},
{30140,14,13,14,0,1,64443},
{30141,14,13,14,0,1,64471},
{30142,14,13,14,0,1,64499},
{30149,14,13,14,0,1,64527},
{30151,14,13,14,0,1,64555},
{30152,14,13,14,0,1,64583},
{30153,14,13,14,0,1,64611},
{30154,14,13,14,0,1,64639},
{30162,14,13,14,0,1,64667},
{30164,14,13,14,0,1,64695},
{30165,14,13,14,0,1,64723},
{30168,14,13,14,0,1,64751},
{30171,14,13,14,0,1,64779},
{30174,14,13,14,0,1,64807},
{30178,14,13,14,0,1,64835},
{30186,14,13,14,0,1,64863},
{30192,14,13,14,0,1,64891},
{30196,14,13,14,0,1,64919},
{30201,14,13,14,0,1,64947},
{30209,14,13,14,0,1,64975},
{30239,14,13,14,0,1,65003},
{30244,14,13,14,0,1,65031},
{30246,14,13,14,0,1,65059},
{30249,14,13,14,0,1,65087},
{30250,14,13,14,0,1,65115},
{30251,14,13,14,0,1,65143},
{30260,14,13,14,0,1,65171},
{30264,14,13,14,0,1,65199},
{30270,14,13,14,0,1,65227},
{30284,14,13,14,0,1,65255},
{30307,14,13,14,0,1,65283},
{30328,14,13,14,0,1,65311},
{30331,14,13,14,0,1,65339},
{30333,14,11,14,0,1,65367},
{30334,14,12,14,0,1,65395},
{30338,14,13,14,0,1,65423},
{30340,14,12,14,0,1,65451},
{30342,14,12,14,0,1,65479},
{30343,14,13,14,0,1,65507},
{30347,14,13,14,0,1,65535},
{30353,14,13,14,0,1,65563},
{30355,14,13,14,0,1,65591},
{30358,14,13,14,0,1,65619},
{30382,14,13,14,0,1,65647},
{30385,14,13,14,0,1,65675},
{30399,14,13,12,0,3,65703},
{30402,14,13,14,0,1,65727},
{30405,14,13,14,0,1,65755},
{30406,14,13,14,0,1,65783},
{30408,14,13,14,0,1,65811},
{30410,14,13,14,0,1,65839},
{30414,14,13,14,0,1,65867},
{30415,14,13,14,0,1,65895},
{30416,14,13,14,0,1,65923},
{30417,14,13,14,0,1,65951},
{30418,14,13,14,0,1,65979},
{30420,14,13,14,0,1,66007},
{30422,14,13,14,0,1,66035},
{30423,14,13,14,0,1,66063},
{30424,14,13,14,0,1,66091},
{30427,14,13,14,0,1,66119},
{30431,14,13,13,0,2,66147},
{30446,14,11,14,0,1,66173},
{30447,14,13,13,0,2,66201},
{30450,14,13,14,0,1,66227},
{30452,14,13,14,0,1,66255},
{30456,14,13,14,0,1,66283},
{30457,14,13,14,0,1,66311},
{30460,14,13,14,0,1,66339},
{30462,14,13,14,0,1,66367},
{30465,14,13,14,0,1,66395},
{30473,14,13,14,0,1,66423},
{30475,14,13,14,0,1,66451},
{30495,14,13,14,0,1,66479},
{30496,14,13,14,0,1,66507},
{30504,14,13,13,0,2,66535},
{30505,14,13,14,0,1,66561},
{30511,14,13,14,0,1,66589},
{30518,14,13,13,0,2,66617},
{30519,14,13,14,0,1,66643},
{30522,14,13,14,0,1,66671},
{30524,14,12,13,0,2,66699},
{30528,14,13,14,0,1,66725},
{30529,14,13,14,0,1,66753},
{30544,14,13,14,0,1,66781},
{30555,14,13,14,0,1,66809},
{30561,14,13,14,0,1,66837},
{30563,14,13,14,0,1,66865},
{30566,14,13,14,0,1,66893},
{30571,14,13,14,0,1,66921},
{30572,14,13,14,0,1,66949},
{30585,14,13,14,0,1,66977},
{30596,14,13,14,0,1,67005},
{30597,14,13,14,0,1,67033},
{30606,14,13,14,0,1,67061},
{30610,14,13,14,0,1,67089},
{30629,14,13,14,0,1,67117},
{30631,14,13,14,0,1,67145},
{30633,14,13,14,0,1,67173},
{30634,14,13,14,0,1,67201},
{30636,14,13,14,0,1,67229},
{30637,14,13,14,0,1,67257},
{30643,14,13,14,0,1,67285},
{30651,14,13,14,0,1,67313},
{30679,14,13,14,0,1,67341},
{30683,14,13,13,0,2,67369},
{30690,14,13,14,0,1,67395},
{30691,14,13,14,0,1,67423},
{30693,14,13,14,0,1,67451},
{30697,14,13,14,0,1,67479},
{30699,14,13,14,0,1,67507},
{30701,14,13,14,0,1,67535},
{30702,14,13,14,0,1,67563},
{30707,14,13,13,0,2,67591},
{30717,14,13,14,0,1,67617},
{30718,14,13,13,0,2,67645},
{30719,14,13,14,0,1,67671},
{30721,14,13,13,0,2,67699},
{30722,14,13,14,0,1,67725},
{30732,14,13,14,0,1,67753},
{30733,14,13,14,0,1,67781},
{30738,14,13,14,0,1,67809},
{30740,14,13,13,0,2,67837},
{30742,14,13,14,0,1,67863},
{30746,14,13,13,0,2,67891},
{30759,14,13,14,0,1,67917},
{30768,14,13,13,0,2,67945},
{30772,14,13,14,0,1,67971},
{30775,14,13,14,0,1,67999},
{30776,14,13,13,0,2,68027},
{30782,14,13,13,0,2,68053},
{30784,14,13,14,0,1,68079},
{30789,14,13,14,0,1,68107},
{30802,14,13,13,0,2,68135},
{30805,14,13,13,0,2,68161},
{30813,14,13,14,0,1,68187},
{30827,14,13,14,0,1,68215},
{30828,14,13,13,0,2,68243},
{30830,14,13,14,0,1,68269},
{30839,14,13,14,0,1,68297},
{30844,14,12,13,0,2,68325},
{30857,14,13,13,0,2,68351},
{30860,14,13,13,0,2,68377},
{30861,14,13,13,0,2,68403},
{30862,14,13,14,0,1,68429},
{30865,14,13,14,0,1,68457},
{30871,14,13,14,0,1,68485},
{30872,14,13,14,0,1,68513},
{30879,14,13,14,0,1,68541},
{30887,14,13,14,0,1,68569},
{30896,14,13,14,0,1,68597},
{30897,14,13,14,0,1,68625},
{30899,14,13,14,0,1,68653},
{30900,14,13,14,0,1,68681},
{30910,14,13,13,0,2,68709},
{30913,14,13,14,0,1,68735},
{30917,14,13,14,0,1,68763},
{30922,14,13,14,0,1,68791},
{30923,14,13,14,0,1,68819},
{30928,14,13,14,0,1,68847},
{30933,14,13,14,0,1,68875},
{30952,14,13,14,0,1,68903},
{30967,14,13,14,0,1,68931},
{30970,14,13,14,0,1,68959},
{30977,14,13,14,0,1,68987},
{31034,14,13,13,0,2,69015},
{31036,14,13,14,0,1,69041},
{31038,14,13,14,0,1,69069},
{31040,14,13,14,0,1,69097},
{31041,14,13,14,0,1,69125},
{31048,14,13,14,0,1,69153},
{31062,14,13,14,0,1,69181},
{31069,14,13,14,0,1,69209},
{31070,14,12,14,0,1,69237},
{31071,14,13,14,0,1,69265},
{31072,14,13,14,0,1,69293},
{31077,14,13,14,0,1,69321},
{31080,14,13,14,0,1,69349},
{31085,14,13,14,0,1,69377},
{31095,14,13,14,0,1,69405},
{31096,14,13,14,0,1,69433},
{31104,14,13,14,0,1,69461},
{31105,14,13,14,0,1,69489},
{31108,14,13,14,0,1,69517},
{31109,14,13,14,0,1,69545},
{31119,14,12,14,0,1,69573},
{31161,14,11,14,0,1,69601},
{31163,14,13,14,0,1,69629},
{31165,14,13,14,0,1,69657},
{31166,14,13,14,0,1,69685},
{31168,14,13,14,0,1,69713},
{31169,14,13,14,0,1,69741},
{31171,14,13,14,0,1,69769},
{31174,14,13,14,0,1,69797},
{31177,14,13,14,0,1,69825},
{31179,14,13,14,0,1,69853},
{31181,14,13,14,0,1,69881},
{31185,14,13,14,0,1,69909},
{31186,14,13,14,0,1,69937},
{31192,14,13,14,0,1,69965},
{31199,14,13,13,0,2,69993},
{31204,14,13,14,0,1,70019},
{31206,14,13,14,0,1,70047},
{31207,14,13,14,0,1,70075},
{31209,14,13,14,0,1,70103},
{31215,14,13,13,0,2,70131},
{31216,14,13,14,0,1,70157},
{31224,14,13,14,0,1,70185},
{31227,14,13,14,0,1,70213},
{31229,14,13,14,0,1,70241},
{31232,14,13,14,0,1,70269},
{31243,14,13,13,0,2,70297},
{31245,14,13,14,0,1,70323},
{31246,14,13,14,0,1,70351},
{31255,14,13,14,0,1,70379},
{31258,14,13,14,0,1,70407},
{31264,14,13,13,0,2,70435},
{31283,14,13,14,0,1,70461},
{31291,14,13,14,0,1,70489},
{31292,14,13,14,0,1,70517},
{31293,14,13,14,0,1,70545},
{31295,14,13,14,0,1,70573},
{31302,14,13,14,0,1,70601},
{31319,14,13,14,0,1,70629},
{31348,14,13,14,0,1,70657},
{31350,14,13,14,0,1,70685},
{31351,14,13,14,0,1,70713},
{31354,14,13,14,0,1,70741},
{31359,14,13,14,0,1,70769},
{31361,14,13,14,0,1,70797},
{31363,14,13,14,0,1,70825},
{31364,14,13,14,0,1,70853},
{31373,14,13,14,0,1,70881},
{31377,14,13,14,0,1,70909},
{31378,14,13,14,0,1,70937},
{31382,14,13,14,0,1,70965},
{31383,14,13,14,0,1,70993},
{31384,14,13,14,0,1,71021},
{31388,14,13,14,0,1,71049},
{31389,14,13,14,0,1,71077},
{31391,14,13,14,0,1,71105},
{31397,14,13,14,0,1,71133},
{31423,14,13,14,0,1,71161},
{31435,14,13,14,0,1,71189},
{31446,14,13,14,0,1,71217},
{31449,14,13,14,0,1,71245},
{31454,14,13,14,0,1,71273},
{31455,14,13,14,0,1,71301},
{31456,14,13,14,0,1,71329},
{31459,14,13,14,0,1,71357},
{31461,14,13,14,0,1,71385},
{31469,14,12,14,0,1,71413},
{31471,14,13,14,0,1,71441},
{31481,14,13,14,0,1,71469},
{31487,14,13,14,0,1,71497},
{31494,14,13,14,0,1,71525},
{31499,14,13,14,0,1,71553},
{31505,14,13,14,0,1,71581},
{31508,14,13,14,0,1,71609},
{31513,14,13,14,0,1,71637},
{31515,14,13,14,0,1,71665},
{31526,14,13,14,0,1,71693},
{31528,14,13,14,0,1,71721},
{31532,14,13,14,0,1,71749},
{31546,14,13,14,0,1,71777},
{31548,14,13,14,0,1,71805},
{31561,14,13,14,0,1,71833},
{31563,14,13,14,0,1,71861},
{31567,14,13,14,0,1,71889},
{31568,14,13,14,0,1,71917},
{31569,14,13,14,0,1,71945},
{31570,14,13,14,0,1,71973},
{31572,14,13,14,0,1,72001},
{31574,14,13,14,0,1,72029},
{31579,14,13,14,0,1,72057},
{31581,14,13,14,0,1,72085},
{31607,14,13,14,0,1,72113},
{31609,14,13,14,0,1,72141},
{31614,14,13,14,0,1,72169},
{31616,14,13,14,0,1,72197},
{31629,14,13,14,0,1,72225},
{31636,14,13,14,0,1,72253},
{31637,14,13,14,0,1,72281},
{31639,14,13,14,0,1,72309},
{31649,14,13,14,0,1,72337},
{31657,14,13,14,0,1,72365},
{31659,14,13,14,0,1,72393},
{31661,14,13,14,0,1,72421},
{31665,14,13,14,0,1,72449},
{31686,14,13,14,0,1,72477},
{31687,14,13,14,0,1,72505},
{31699,14,13,14,0,1,72533},
{31705,14,13,14,0,1,72561},
{31713,14,13,14,0,1,72589},
{31726,14,13,14,0,1,72617},
{31729,14,13,14,0,1,72645},
{31735,14,13,14,0,1,72673},
{31751,14,13,14,0,1,72701},
{31783,14,13,14,0,1,72729},
{31800,14,13,14,0,1,72757},
{31807,14,13,14,0,1,72785},
{31821,14,13,14,0,1,72813},
{31859,14,13,14,0,1,72841},
{31867,14,13,14,0,1,72869},
{31869,14,13,14,0,1,72897},
{31881,14,13,14,0,1,72925},
{31890,14,13,14,0,1,72953},
{31893,14,13,14,0,1,72981},
{31895,14,13,14,0,1,73009},
{31896,14,13,14,0,1,73037},
{31903,14,13,13,0,2,73065},
{31908,14,13,14,0,1,73091},
{31909,14,13,14,0,1,73119},
{31914,14,13,14,0,1,73147},
{31918,14,13,14,0,1,73175},
{31921,14,13,14,0,1,73203},
{31923,14,13,14,0,1,73231},
{31929,14,13,14,0,1,73259},
{31934,14,13,14,0,1,73287},
{31946,14,12,14,0,1,73315},
{31957,14,13,14,0,1,73343},
{31958,14,13,14,0,1,73371},
{31961,14,13,14,0,1,73399},
{31964,14,13,14,0,1,73427},
{31967,14,13,14,0,1,73455},
{31968,14,13,14,0,1,73483},
{31983,14,13,14,0,1,73511},
{31995,14,11,14,0,1,73539},
{32010,14,13,14,0,1,73567},
{32032,14,13,14,0,1,73595},
{32034,14,13,14,0,1,73623},
{32039,14,12,14,0,1,73651},
{32043,14,13,14,0,1,73679},
{32047,14,12,14,0,1,73707},
{32110,14,12,14,0,1,73735},
{32321,14,13,14,0,1,73763},
{32386,14,13,14,0,1,73791},
{32416,14,12,14,0,1,73819},
{32418,14,13,14,0,1,73847},
{32420,14,13,14,0,1,73875},
{32422,14,13,14,0,1,73903},
{32423,14,13,14,0,1,73931},
{32426,14,13,14,0,1,73959},
{32427,14,13,14,0,1,73987},
{32428,14,13,14,0,1,74015},
{32431,14,13,14,0,1,74043},
{32433,14,13,14,0,1,74071},
{32434,14,13,14,0,1,74099},
{32435,14,12,14,0,1,74127},
{32437,14,13,14,0,1,74155},
{32438,14,13,14,0,1,74183},
{32439,14,13,14,0,1,74211},
{32440,14,13,14,0,1,74239},
{32441,14,13,14,0,1,74267},
{32442,14,13,14,0,1,74295},
{32445,14,13,14,0,1,74323},
{32447,14,13,14,0,1,74351},
{32451,14,13,14,0,1,74379},
{32452,14,13,14,0,1,74407},
{32453,14,12,14,0,1,74435},
{32454,14,13,14,0,1,74463},
{32455,14,13,14,0,1,74491},
{32456,14,13,14,0,1,74519},
{32458,14,13,14,0,1,74547},
{32461,14,13,14,0,1,74575},
{32462,14,13,14,0,1,74603},
{32463,14,13,14,0,1,74631},
{32465,14,13,14,0,1,74659},
{32466,14,13,14,0,1,74687},
{32467,14,13,14,0,1,74715},
{32469,14,13,14,0,1,74743},
{32472,14,13,14,0,1,74771},
{32473,14,13,14,0,1,74799},
{32474,14,13,14,0,1,74827},
{32476,14,13,14,0,1,74855},
{32477,14,13,14,0,1,74883},
{32478,14,13,14,0,1,74911},
{32479,14,13,14,0,1,74939},
{32482,14,13,14,0,1,74967},
{32483,14,13,14,0,1,74995},
{32485,14,13,14,0,1,75023},
{32486,14,13,14,0,1,75051},
{32487,14,13,14,0,1,75079},
{32489,14,13,14,0,1,75107},
{32490,14,13,14,0,1,75135},
{32493,14,13,14,0,1,75163},
{32496,14,13,14,0,1,75191},
{32499,14,13,14,0,1,75219},
{32500,14,13,14,0,1,75247},
{32501,14,13,14,0,1,75275},
{32503,14,12,14,0,1,75303},
{32504,14,13,14,0,1,75331},
{32508,14,13,14,0,1,75359},
{32509,14,13,14,0,1,75387},
{32511,14,13,14,0,1,75415},
{32512,14,13,14,0,1,75443},
{32516,14,13,14,0,1,75471},
{32517,14,13,14,0,1,75499},
{32518,14,13,14,0,1,75527},
{32521,14,13,14,0,1,75555},
{32526,14,13,14,0,1,75583},
{32531,14,13,14,0,1,75611},
{32532,14,13,14,0,1,75639},
{32533,14,13,14,0,1,75667},
{32534,14,13,14,0,1,75695},
{32536,14,13,14,0,1,75723},
{32538,14,13,14,0,1,75751},
{32541,14,13,14,0,1,75779},
{32544,14,13,14,0,1,75807},
{32548,14,13,14,0,1,75835},
{32552,14,13,14,0,1,75863},
{32553,14,13,14,0,1,75891},
{32557,14,13,14,0,1,75919},
{32558,14,13,14,0,1,75947},
{32560,14,13,14,0,1,75975},
{32564,14,13,14,0,1,76003},
{32568,14,13,14,0,1,76031},
{32570,14,13,14,0,1,76059},
{32592,14,13,14,0,1,76087},
{32593,14,12,13,0,2,76115},
{32597,14,13,13,0,2,76141},
{32599,14,13,14,0,1,76167},
{32602,14,12,14,0,1,76195},
{32610,14,13,14,0,1,76223},
{32617,14,13,14,0,1,76251},
{32618,14,13,14,0,1,76279},
{32622,14,13,14,0,1,76307},
{32626,14,13,14,0,1,76335},
{32650,14,13,14,0,1,76363},
{32652,14,13,14,0,1,76391},
{32654,14,13,14,0,1,76419},
{32660,14,13,14,0,1,76447},
{32666,14,13,14,0,1,76475},
{32670,14,13,14,0,1,76503},
{32673,14,13,14,0,1,76531},
{32676,14,13,14,0,1,76559},
{32697,14,13,14,0,1,76587},
{32701,14,13,13,0,2,76615},
{32705,14,13,14,0,1,76641},
{32709,14,13,14,0,1,76669},
{32716,14,13,14,0,1,76697},
{32724,14,13,14,0,1,76725},
{32728,14,13,14,0,1,76753},
{32735,14,13,14,0,1,76781},
{32736,14,13,14,0,1,76809},
{32745,14,13,14,0,1,76837},
{32752,14,13,14,0,1,76865},
{32753,14,13,14,0,1,76893},
{32763,14,13,14,0,1,76921},
{32764,14,13,14,0,1,76949},
{32768,14,13,14,0,1,76977},
{32769,14,13,14,0,1,77005},
{32771,14,13,14,0,1,77033},
{32773,14,13,14,0,1,77061},
{32780,14,13,13,0,2,77089},
{32781,14,13,13,0,2,77115},
{32784,14,13,14,0,1,77141},
{32789,14,13,14,0,1,77169},
{32791,14,13,14,0,1,77197},
{32792,14,13,14,0,1,77225},
{32793,14,13,14,0,1,77253},
{32810,14,13,14,0,1,77281},
{32819,14,13,13,0,2,77309},
{32822,14,13,13,0,2,77335},
{32824,14,13,14,0,1,77361},
{32827,14,13,14,0,1,77389},
{32829,14,13,14,0,1,77417},
{32831,14,13,14,0,1,77445},
{32834,14,13,14,0,1,77473},
{32838,14,13,14,0,1,77501},
{32842,14,13,14,0,1,77529},
{32843,14,13,14,0,1,77557},
{32844,14,13,13,0,2,77585},
{32852,14,13,14,0,1,77611},
{32856,14,13,14,0,1,77639},
{32858,14,13,14,0,1,77667},
{32874,14,13,14,0,1,77695},
{32899,14,13,14,0,1,77723},
{32900,14,13,14,0,1,77751},
{32902,14,13,14,0,1,77779},
{32903,14,13,14,0,1,77807},
{32905,14,12,14,0,1,77835},
{32907,14,13,14,0,1,77863},
{32908,14,13,13,0,2,77891},
{32918,14,11,14,0,1,77917},
{32920,14,13,14,0,1,77945},
{32922,14,13,14,0,1,77973},
{32923,14,13,13,0,2,78001},
{32925,14,13,13,0,2,78027},
{32928,14,13,13,0,2,78053},
{32929,14,13,13,0,2,78079},
{32930,14,13,14,0,1,78105},
{32932,14,13,14,0,1,78133},
{32933,14,13,13,0,2,78161},
{32937,14,13,14,0,1,78187},
{32938,14,13,14,0,1,78215},
{32942,14,13,14,0,1,78243},
{32943,14,13,14,0,1,78271},
{32946,14,13,14,0,1,78299},
{32948,14,13,14,0,1,78327},
{32954,14,13,14,0,1,78355},
{32958,14,12,14,0,1,78383},
{32959,14,13,14,0,1,78411},
{32960,14,13,14,0,1,78439},
{32961,14,13,14,0,1,78467},
{32963,14,11,13,0,2,78495},
{32966,14,13,13,0,2,78521},
{32972,14,13,14,0,1,78547},
{32974,14,13,14,0,1,78575},
{32982,14,13,14,0,1,78603},
{32986,14,13,13,0,2,78631},
{32988,14,13,14,0,1,78657},
{32990,14,13,14,0,1,78685},
{32993,14,13,14,0,1,78713},
{32999,14,13,14,0,1,78741},
{33007,14,13,14,0,1,78769},
{33008,14,13,14,0,1,78797},
{33011,14,13,14,0,1,78825},
{33014,14,13,14,0,1,78853},
{33016,14,13,14,0,1,78881},
{33018,14,13,14,0,1,78909},
{33021,14,13,14,0,1,78937},
{33026,14,13,14,0,1,78965},
{33030,14,13,14,0,1,78993},
{33033,14,13,14,0,1,79021},
{33034,14,13,14,0,1,79049},
{33039,14,13,14,0,1,79077},
{33040,14,13,14,0,1,79105},
{33041,14,13,14,0,1,79133},
{33043,14,13,14,0,1,79161},
{33046,14,13,14,0,1,79189},
{33050,14,13,14,0,1,79217},
{33071,14,13,14,0,1,79245},
{33073,14,13,14,0,1,79273},
{33080,14,13,14,0,1,79301},
{33086,14,13,14,0,1,79329},
{33094,14,13,14,0,1,79357},
{33098,14,13,14,0,1,79385},
{33099,14,13,14,0,1,79413},
{33104,14,13,14,0,1,79441},
{33105,14,13,14,0,1,79469},
{33108,14,13,14,0,1,79497},
{33109,14,13,14,0,1,79525},
{33125,14,13,13,0,2,79553},
{33134,14,13,13,0,2,79579},
{33136,14,13,13,0,2,79605},
{33145,14,13,14,0,1,79631},
{33146,14,13,14,0,1,79659},
{33147,14,13,14,0,1,79687},
{33150,14,13,14,0,1,79715},
{33151,14,13,13,0,2,79743},
{33152,14,13,14,0,1,79769},
{33162,14,13,14,0,1,79797},
{33167,14,13,14,0,1,79825},
{33176,14,13,13,0,2,79853},
{33179,14,13,14,0,1,79879},
{33180,14,13,14,0,1,79907},
{33181,14,13,14,0,1,79935},
{33192,14,13,14,0,1,79963},
{33203,14,13,14,0,1,79991},
{33216,14,13,14,0,1,80019},
{33218,14,13,14,0,1,80047},
{33219,14,13,14,0,1,80075},
{33222,14,13,14,0,1,80103},
{33226,14,13,13,0,2,80131},
{33251,14,12,13,0,2,80157},
{33258,14,11,14,0,1,80183},
{33261,14,13,14,0,1,80211},
{33267,14,13,13,0,2,80239},
{33268,14,13,14,0,1,80265},
{33275,14,13,14,0,1,80293},
{33276,14,11,13,0,2,80321},
{33280,14,13,14,0,1,80347},
{33285,14,12,14,0,1,80375},
{33286,14,13,14,0,1,80403},
{33292,14,13,14,0,1,80431},
{33293,14,13,14,0,1,80459},
{33298,14,13,14,0,1,80487},
{33300,14,13,13,0,2,80515},
{33308,14,13,14,0,1,80541},
{33310,14,13,14,0,1,80569},
{33311,14,13,14,0,1,80597},
{33322,14,13,14,0,1,80625},
{33324,14,13,14,0,1,80653},
{33328,14,13,14,0,1,80681},
{33329,14,13,14,0,1,80709},
{33333,14,13,14,0,1,80737},
{33334,14,13,14,0,1,80765},
{33335,14,13,14,0,1,80793},
{33337,14,13,14,0,1,80821},
{33351,14,13,14,0,1,80849},
{33368,14,13,14,0,1,80877},
{33391,14,12,14,0,1,80905},
{33392,14,13,13,0,2,80933},
{33394,14,13,14,0,1,80959},
{33395,14,13,14,0,1,80987},
{33402,14,13,14,0,1,81015},
{33406,14,13,14,0,1,81043},
{33410,14,13,14,0,1,81071},
{33419,14,13,14,0,1,81099},
{33421,14,13,14,0,1,81127},
{33426,14,13,14,0,1,81155},
{33433,14,13,14,0,1,81183},
{33436,14,13,14,0,1,81211},
{33437,14,13,14,0,1,81239},
{33445,14,13,14,0,1,81267},
{33446,14,13,14,0,1,81295},
{33452,14,13,14,0,1,81323},
{33453,14,13,14,0,1,81351},
{33455,14,13,14,0,1,81379},
{33457,14,13,14,0,1,81407},
{33459,14,13,14,0,1,81435},
{33465,14,13,14,0,1,81463},
{33469,14,13,14,0,1,81491},
{33479,14,13,14,0,1,81519},
{33485,14,13,14,0,1,81547},
{33487,14,13,14,0,1,81575},
{33489,14,13,14,0,1,81603},
{33492,14,13,14,0,1,81631},
{33495,14,13,14,0,1,81659},
{33499,14,13,14,0,1,81687},
{33502,14,13,14,0,1,81715},
{33503,14,13,14,0,1,81743},
{33509,14,13,14,0,1,81771},
{33510,14,13,14,0,1,81799},
{33515,14,13,14,0,1,81827},
{33519,14,13,14,0,1,81855},
{33521,14,13,14,0,1,81883},
{33529,14,13,14,0,1,81911},
{33537,14,13,14,0,1,81939},
{33538,14,13,14,0,1,81967},
{33539,14,13,14,0,1,81995},
{33540,14,13,14,0,1,82023},
{33541,14,13,14,0,1,82051},
{33545,14,13,14,0,1,82079},
{33550,14,13,14,0,1,82107},
{33575,14,13,14,0,1,82135},
{33576,14,13,14,0,1,82163},
{33579,14,13,14,0,1,82191},
{33580,14,13,14,0,1,82219},
{33589,14,13,14,0,1,82247},
{33590,14,13,14,0,1,82275},
{33592,14,13,14,0,1,82303},
{33593,14,13,14,0,1,82331},
{33606,14,13,14,0,1,82359},
{33609,14,13,14,0,1,82387},
{33616,14,13,14,0,1,82415},
{33618,14,13,14,0,1,82443},
{33620,14,13,14,0,1,82471},
{33626,14,13,14,0,1,82499},
{33633,14,13,14,0,1,82527},
{33635,14,13,14,0,1,82555},
{33636,14,13,14,0,1,82583},
{33639,14,13,14,0,1,82611},
{33643,14,13,14,0,1,82639},
{33647,14,13,14,0,1,82667},
{33655,14,13,14,0,1,82695},
{33670,14,13,14,0,1,82723},
{33673,14,13,14,0,1,82751},
{33678,14,13,14,0,1,82779},
{33707,14,13,14,0,1,82807},
{33713,14,13,14,0,1,82835},
{33714,14,13,14,0,1,82863},
{33719,14,13,14,0,1,82891},
{33721,14,13,14,0,1,82919},
{33722,14,13,14,0,1,82947},
{33725,14,13,14,0,1,82975},
{33735,14,13,14,0,1,83003},
{33738,14,13,14,0,1,83031},
{33740,14,13,14,0,1,83059},
{33743,14,13,14,0,1,83087},
{33756,14,13,14,0,1,83115},
{33760,14,13,14,0,1,83143},
{33769,14,13,14,0,1,83171},
{33777,14,13,14,0,1,83199},
{33778,14,13,14,0,1,83227},
{33796,14,13,14,0,1,83255},
{33804,14,13,14,0,1,83283},
{33805,14,13,14,0,1,83311},
{33806,14,13,14,0,1,83339},
{33821,14,13,14,0,1,83367},
{33828,14,13,14,0,1,83395},
{33829,14,13,14,0,1,83423},
{33831,14,13,14,0,1,83451},
{33832,14,13,14,0,1,83479},
{33853,14,13,14,0,1,83507},
{33879,14,13,14,0,1,83535},
{33883,14,13,14,0,1,83563},
{33889,14,13,14,0,1,83591},
{33891,14,13,14,0,1,83619},
{33899,14,13,14,0,1,83647},
{33900,14,13,14,0,1,83675},
{33905,14,13,14,0,1,83703},
{33909,14,13,14,0,1,83731},
{33922,14,13,14,0,1,83759},
{33931,14,13,14,0,1,83787},
{33945,14,13,14,0,1,83815},
{33948,14,13,14,0,1,83843},
{33970,14,13,14,0,1,83871},
{33976,14,13,14,0,1,83899},
{33988,14,13,14,0,1,83927},
{33993,14,13,14,0,1,83955},
{34001,14,13,14,0,1,83983},
{34006,14,13,14,0,1,84011},
{34013,14,13,14,0,1,84039},
{34015,14,13,14,0,1,84067},
{34028,14,13,14,0,1,84095},
{34065,14,13,14,0,1,84123},
{34067,14,13,14,0,1,84151},
{34071,14,13,14,0,1,84179},
{34074,14,13,14,0,1,84207},
{34081,14,13,14,0,1,84235},
{34091,14,13,14,0,1,84263},
{34092,14,13,14,0,1,84291},
{34103,14,13,14,0,1,84319},
{34108,14,13,14,0,1,84347},
{34109,14,13,14,0,1,84375},
{34121,14,13,14,0,1,84403},
{34122,14,13,14,0,1,84431},
{34164,14,13,14,0,1,84459},
{34174,14,13,14,0,1,84487},
{34180,14,13,14,0,1,84515},
{34183,14,13,14,0,1,84543},
{34203,14,13,14,0,1,84571},
{34218,14,13,14,0,1,84599},
{34223,14,13,14,0,1,84627},
{34249,14,13,14,0,1,84655},
{34255,14,13,14,0,1,84683},
{34256,14,13,14,0,1,84711},
{34261,14,13,14,0,1,84739},
{34276,14,13,14,0,1,84767},
{34281,14,13,14,0,1,84795},
{34299,14,13,14,0,1,84823},
{34321,14,13,14,0,1,84851},
{34360,14,13,14,0,1,84879},
{34382,14,13,14,0,1,84907},
{34383,14,13,14,0,1,84935},
{34384,14,13,14,0,1,84963},
{34385,14,13,14,0,1,84991},
{34394,14,13,14,0,1,85019},
{34398,14,13,14,0,1,85047},
{34411,14,13,14,0,1,85075},
{34417,14,13,13,0,2,85103},
{34425,14,13,14,0,1,85129},
{34429,14,13,14,0,1,85157},
{34430,14,13,14,0,1,85185},
{34432,14,13,14,0,1,85213},
{34433,14,13,14,0,1,85241},
{34434,14,13,14,0,1,85269},
{34442,14,13,14,0,1,85297},
{34444,14,13,14,0,1,85325},
{34451,14,12,14,0,1,85353},
{34453,14,13,14,0,1,85381},
{34460,14,13,14,0,1,85409},
{34467,14,13,14,0,1,85437},
{34468,14,13,14,0,1,85465},
{34474,14,13,14,0,1,85493},
{34479,14,13,14,0,1,85521},
{34496,14,13,14,0,1,85549},
{34502,14,13,14,0,1,85577},
{34503,14,13,14,0,1,85605},
{34506,14,13,14,0,1,85633},
{34507,14,13,13,0,2,85661},
{34516,14,13,14,0,1,85687},
{34521,14,13,14,0,1,85715},
{34523,14,13,14,0,1,85743},
{34532,14,13,14,0,1,85771},
{34542,14,13,14,0,1,85799},
{34544,14,13,14,0,1,85827},
{34553,14,13,14,0,1,85855},
{34558,14,13,14,0,1,85883},
{34560,14,12,14,0,1,85911},
{34562,14,13,14,0,1,85939},
{34568,14,13,14,0,1,85967},
{34578,14,13,14,0,1,85995},
{34579,14,13,14,0,1,86023},
{34581,14,13,14,0,1,86051},
{34583,14,13,14,0,1,86079},
{34584,14,13,14,0,1,86107},
{34588,14,13,14,0,1,86135},
{34593,14,13,14,0,1,86163},
{34619,14,13,14,0,1,86191},
{34631,14,13,14,0,1,86219},
{34633,14,13,14,0,1,86247},
{34636,14,13,14,0,1,86275},
{34638,14,13,14,0,1,86303},
{34647,14,13,14,0,1,86331},
{34649,14,13,14,0,1,86359},
{34656,14,13,14,0,1,86387},
{34676,14,13,14,0,1,86415},
{34678,14,13,14,0,1,86443},
{34691,14,13,14,0,1,86471},
{34701,14,13,14,0,1,86499},
{34719,14,13,14,0,1,86527},
{34746,14,13,14,0,1,86555},
{34752,14,13,14,0,1,86583},
{34758,14,13,14,0,1,86611},
{34763,14,13,14,0,1,86639},
{34809,14,13,14,0,1,86667},
{34837,14,13,14,0,1,86695},
{34850,14,13,14,0,1,86723},
{34880,14,13,14,0,1,86751},
{34885,14,13,14,0,1,86779},
{34892,14,13,14,0,1,86807},
{34893,14,13,14,0,1,86835},
{34900,14,13,14,0,1,86863},
{34903,14,13,14,0,1,86891},
{34905,14,13,14,0,1,86919},
{34913,14,13,14,0,1,86947},
{34915,14,13,14,0,1,86975},
{34917,14,13,14,0,1,87003},
{34920,14,13,14,0,1,87031},
{34923,14,12,14,0,1,87059},
{34924,14,13,14,0,1,87087},
{34928,14,13,14,0,1,87115},
{34935,14,13,14,0,1,87143},
{34945,14,13,14,0,1,87171},
{34948,14,13,14,0,1,87199},
{34955,14,13,14,0,1,87227},
{34957,14,13,14,0,1,87255},
{34962,14,13,14,0,1,87283},
{34966,14,13,14,0,1,87311},
{34972,14,13,14,0,1,87339},
{34987,14,13,14,0,1,87367},
{34989,14,13,14,0,1,87395},
{34993,14,13,14,0,1,87423},
{35009,14,13,14,0,1,87451},
{35010,14,13,13,0,2,87479},
{35013,14,13,14,0,1,87505},
{35028,14,13,14,0,1,87533},
{35029,14,13,14,0,1,87561},
{35033,14,13,14,0,1,87589},
{35044,14,13,14,0,1,87617},
{35059,14,13,14,0,1,87645},
{35060,14,13,14,0,1,87673},
{35064,14,13,14,0,1,87701},
{35065,14,13,14,0,1,87729},
{35074,14,13,14,0,1,87757},
{35088,14,12,14,0,1,87785},
{35090,14,13,14,0,1,87813},
{35109,14,13,14,0,1,87841},
{35114,14,13,14,0,1,87869},
{35140,14,13,14,0,1,87897},
{35167,14,13,14,0,1,87925},
{35199,14,13,13,0,2,87953},
{35201,14,13,14,0,1,87979},
{35206,14,13,14,0,1,88007},
{35265,14,13,14,0,1,88035},
{35266,14,13,13,0,2,88063},
{35268,14,13,14,0,1,88089},
{35269,14,13,14,0,1,88117},
{35270,14,13,14,0,1,88145},
{35272,14,12,14,0,1,88173},
{35273,14,13,14,0,1,88201},
{35282,14,12,14,0,1,88229},
{35299,14,13,14,0,1,88257},
{35302,14,13,14,0,1,88285},
{35328,14,13,14,0,1,88313},
{35449,14,13,14,0,1,88341},
{35465,14,13,14,0,1,88369},
{35466,14,13,14,0,1,88397},
{35475,14,13,14,0,1,88425},
{35686,14,13,14,0,1,88453},
{35692,14,13,14,0,1,88481},
{35745,14,13,14,0,1,88509},
{35746,14,13,14,0,1,88537},
{35747,14,13,14,0,1,88565},
{35748,14,13,14,0,1,88593},
{35749,14,13,14,0,1,88621},
{35752,14,13,14,0,1,88649},
{35753,14,13,14,0,1,88677},
{35755,14,13,14,0,1,88705},
{35757,14,13,14,0,1,88733},
{35758,14,13,14,0,1,88761},
{35759,14,13,14,0,1,88789},
{35760,14,13,14,0,1,88817},
{35762,14,13,14,0,1,88845},
{35763,14,13,14,0,1,88873},
{35766,14,13,14,0,1,88901},
{35768,14,13,14,0,1,88929},
{35769,14,13,14,0,1,88957},
{35770,14,13,14,0,1,88985},
{35772,14,13,14,0,1,89013},
{35773,14,13,14,0,1,89041},
{35774,14,13,14,0,1,89069},
{35775,14,13,14,0,1,89097},
{35776,14,13,14,0,1,89125},
{35777,14,13,14,0,1,89153},
{35780,14,13,14,0,1,89181},
{35781,14,13,14,0,1,89209},
{35782,14,13,14,0,1,89237},
{35784,14,13,14,0,1,89265},
{35785,14,13,14,0,1,89293},
{35786,14,13,14,0,1,89321},
{35788,14,13,14,0,1,89349},
{35789,14,13,14,0,1,89377},
{35793,14,13,14,0,1,89405},
{35797,14,13,14,0,1,89433},
{35799,14,13,14,0,1,89461},
{35802,14,13,14,0,1,89489},
{35803,14,13,14,0,1,89517},
{35805,14,13,14,0,1,89545},
{35806,14,13,14,0,1,89573},
{35809,14,13,14,0,1,89601},
{35810,14,13,14,0,1,89629},
{35811,14,13,14,0,1,89657},
{35813,14,13,14,0,1,89685},
{35814,14,13,14,0,1,89713},
{35815,14,13,14,0,1,89741},
{35819,14,13,14,0,1,89769},
{35820,14,13,14,0,1,89797},
{35821,14,13,14,0,1,89825},
{35823,14,13,14,0,1,89853},
{35825,14,13,14,0,1,89881},
{35826,14,13,14,0,1,89909},
{35828,14,13,14,0,1,89937},
{35829,14,13,14,0,1,89965},
{35831,14,13,14,0,1,89993},
{35832,14,13,14,0,1,90021},
{35834,14,13,14,0,1,90049},
{35835,14,13,14,0,1,90077},
{35837,14,13,14,0,1,90105},
{35838,14,13,14,0,1,90133},
{35841,14,13,14,0,1,90161},
{35843,14,13,14,0,1,90189},
{35845,14,13,14,0,1,90217},
{35846,14,13,14,0,1,90245},
{35848,14,13,14,0,1,90273},
{35850,14,13,14,0,1,90301},
{35851,14,13,14,0,1,90329},
{35853,14,13,14,0,1,90357},
{35854,14,13,14,0,1,90385},
{35856,14,13,14,0,1,90413},
{35859,14,13,14,0,1,90441},
{35863,14,13,14,0,1,90469},
{35866,14,13,14,0,1,90497},
{35868,14,13,14,0,1,90525},
{35874,14,13,14,0,1,90553},
{35875,14,13,14,0,1,90581},
{35876,14,13,14,0,1,90609},
{35878,14,13,14,0,1,90637},
{35880,14,13,14,0,1,90665},
{35881,14,13,14,0,1,90693},
{35884,14,13,14,0,1,90721},
{35885,14,13,14,0,1,90749},
{35888,14,13,14,0,1,90777},
{35889,14,13,14,0,1,90805},
{35892,14,13,14,0,1,90833},
{35895,14,13,14,0,1,90861},
{35905,14,13,14,0,1,90889},
{35910,14,13,13,0,2,90917},
{35916,14,13,14,0,1,90943},
{35930,14,13,13,0,2,90971},
{35937,14,13,14,0,1,90997},
{35938,14,13,14,0,1,91025},
{35946,14,13,14,0,1,91053},
{35947,14,13,14,0,1,91081},
{35961,14,13,14,0,1,91109},
{35962,14,13,14,0,1,91137},
{35977,14,13,14,0,1,91165},
{35980,14,13,14,0,1,91193},
{36125,14,12,13,0,2,91221},
{36126,14,13,14,0,1,91247},
{36127,14,13,14,0,1,91275},
{36129,14,13,14,0,1,91303},
{36130,14,13,14,0,1,91331},
{36131,14,13,14,0,1,91359},
{36132,14,12,14,0,1,91387},
{36133,14,13,14,0,1,91415},
{36134,14,13,14,0,1,91443},
{36135,14,13,14,0,1,91471},
{36136,14,13,14,0,1,91499},
{36137,14,13,13,0,2,91527},
{36138,14,13,14,0,1,91553},
{36139,14,13,14,0,1,91581},
{36140,14,13,13,0,2,91609},
{36141,14,13,14,0,1,91635},
{36142,14,13,14,0,1,91663},
{36143,14,13,14,0,1,91691},
{36144,14,13,14,0,1,91719},
{36145,14,13,14,0,1,91747},
{36148,14,13,14,0,1,91775},
{36149,14,13,14,0,1,91803},
{36151,14,13,14,0,1,91831},
{36152,14,12,14,0,1,91859},
{36153,14,13,14,0,1,91887},
{36154,14,12,14,0,1,91915},
{36155,14,13,14,0,1,91943},
{36156,14,13,14,0,1,91971},
{36158,14,13,13,0,2,91999},
{36159,14,13,14,0,1,92025},
{36161,14,13,14,0,1,92053},
{36162,14,13,14,0,1,92081},
{36163,14,13,14,0,1,92109},
{36164,14,13,14,0,1,92137},
{36170,14,13,14,0,1,92165},
{36171,14,13,14,0,1,92193},
{36172,14,13,14,0,1,92221},
{36174,14,13,14,0,1,92249},
{36175,14,13,14,0,1,92277},
{36176,14,13,13,0,2,92305},
{36180,14,13,14,0,1,92331},
{36182,14,13,14,0,1,92359},
{36184,14,13,14,0,1,92387},
{36186,14,13,14,0,1,92415},
{36187,14,13,14,0,1,92443},
{36190,14,13,14,0,1,92471},
{36192,14,13,14,0,1,92499},
{36193,14,13,14,0,1,92527},
{36194,14,13,14,0,1,92555},
{36195,14,13,14,0,1,92583},
{36196,14,13,14,0,1,92611},
{36198,14,13,14,0,1,92639},
{36203,14,13,14,0,1,92667},
{36208,14,13,14,0,1,92695},
{36212,14,13,14,0,1,92723},
{36213,14,13,14,0,1,92751},
{36214,14,13,14,0,1,92779},
{36215,14,13,14,0,1,92807},
{36225,14,13,14,0,1,92835},
{36229,14,13,14,0,1,92863},
{36234,14,13,14,0,1,92891},
{36235,14,13,14,0,1,92919},
{36255,14,13,14,0,1,92947},
{36259,14,13,14,0,1,92975},
{36275,14,13,13,0,2,93003},
{36276,14,13,14,0,1,93029},
{36286,14,13,14,0,1,93057},
{36291,14,13,13,0,2,93085},
{36299,14,13,14,0,1,93111},
{36300,14,13,14,0,1,93139},
{36305,14,13,14,0,1,93167},
{36315,14,13,14,0,1,93195},
{36317,14,13,13,0,2,93223},
{36319,14,13,13,0,2,93249},
{36324,14,13,14,0,1,93275},
{36328,14,13,14,0,1,93303},
{36330,14,13,14,0,1,93331},
{36335,14,13,14,0,1,93359},
{36339,14,13,14,0,1,93387},
{36341,14,13,14,0,1,93415},
{36343,14,13,14,0,1,93443},
{36346,14,13,13,0,2,93471},
{36362,14,13,13,0,2,93497},
{36364,14,13,14,0,1,93523},
{36367,14,13,14,0,1,93551},
{36382,14,13,13,0,2,93579},
{36386,14,13,13,0,2,93605},
{36393,14,13,14,0,1,93631},
{36394,14,13,14,0,1,93659},
{36401,14,13,14,0,1,93687},
{36418,14,13,13,0,2,93715},
{36420,14,13,14,0,1,93741},
{36424,14,13,14,0,1,93769},
{36427,14,13,13,0,2,93797},
{36454,14,12,14,0,1,93823},
{36460,14,13,14,0,1,93851},
{36461,14,13,14,0,1,93879},
{36466,14,13,14,0,1,93907},
{36479,14,13,14,0,1,93935},
{36481,14,13,13,0,2,93963},
{36487,14,13,14,0,1,93989},
{36495,14,13,14,0,1,94017},
{36523,14,13,14,0,1,94045},
{36524,14,13,14,0,1,94073},
{36527,14,13,14,0,1,94101},
{36530,14,13,14,0,1,94129},
{36538,14,13,14,0,1,94157},
{36710,14,13,14,0,1,94185},
{36711,14,13,14,0,1,94213},
{36712,14,13,14,0,1,94241},
{36713,14,13,14,0,1,94269},
{36716,14,13,14,0,1,94297},
{36718,14,13,14,0,1,94325},
{36719,14,13,14,0,1,94353},
{36720,14,13,14,0,1,94381},
{36724,14,13,14,0,1,94409},
{36731,14,13,14,0,1,94437},
{36733,14,13,14,0,1,94465},
{36735,14,13,14,0,1,94493},
{36739,14,13,14,0,1,94521},
{36741,14,13,14,0,1,94549},
{36742,14,13,14,0,1,94577},
{36744,14,13,14,0,1,94605},
{36745,14,13,14,0,1,94633},
{36746,14,13,14,0,1,94661},
{36752,14,12,14,0,1,94689},
{36753,14,13,14,0,1,94717},
{36755,14,13,14,0,1,94745},
{36757,14,13,14,0,1,94773},
{36758,14,13,14,0,1,94801},
{36759,14,13,14,0,1,94829},
{36761,14,13,14,0,1,94857},
{36763,14,13,14,0,1,94885},
{36764,14,13,14,0,1,94913},
{36766,14,13,14,0,1,94941},
{36767,14,13,14,0,1,94969},
{36771,14,13,14,0,1,94997},
{36776,14,13,14,0,1,95025},
{36777,14,13,14,0,1,95053},
{36779,14,13,14,0,1,95081},
{36784,14,13,13,0,2,95109},
{36785,14,13,13,0,2,95135},
{36793,14,13,14,0,1,95161},
{36797,14,13,14,0,1,95189},
{36798,14,13,14,0,1,95217},
{36801,14,13,14,0,1,95245},
{36802,14,13,13,0,2,95273},
{36804,14,13,14,0,1,95299},
{36805,14,13,13,0,2,95327},
{36807,14,13,14,0,1,95353},
{36808,14,13,13,0,2,95381},
{36814,14,13,13,0,2,95407},
{36816,14,13,13,0,2,95433},
{36817,14,13,14,0,1,95459},
{36820,14,13,14,0,1,95487},
{36824,14,13,13,0,2,95515},
{36825,14,13,14,0,1,95541},
{36827,14,13,14,0,1,95569},
{36828,14,13,13,0,2,95597},
{36829,14,13,14,0,1,95623},
{36830,14,13,14,0,1,95651},
{36831,14,13,13,0,2,95679},
{36834,14,13,13,0,2,95705},
{36842,14,13,14,0,1,95731},
{36843,14,13,14,0,1,95759},
{36845,14,13,14,0,1,95787},
{36848,14,13,14,0,1,95815},
{36855,14,13,14,0,1,95843},
{36856,14,13,14,0,1,95871},
{36857,14,13,14,0,1,95899},
{36861,14,13,14,0,1,95927},
{36864,14,13,13,0,2,95955},
{36865,14,13,14,0,1,95981},
{36866,14,13,14,0,1,96009},
{36867,14,13,14,0,1,96037},
{36870,14,13,14,0,1,96065},
{36873,14,13,14,0,1,96093},
{36874,14,13,14,0,1,96121},
{36879,14,13,14,0,1,96149},
{36880,14,13,13,0,2,96177},
{36882,14,13,14,0,1,96203},
{36884,14,13,14,0,1,96231},
{36887,14,13,13,0,2,96259},
{36890,14,13,14,0,1,96285},
{36891,14,13,14,0,1,96313},
{36893,14,13,14,0,1,96341},
{36894,14,13,13,0,2,96369},
{36895,14,13,14,0,1,96395},
{36896,14,13,14,0,1,96423},
{36898,14,13,14,0,1,96451},
{36910,14,13,14,0,1,96479},
{36920,14,13,14,0,1,96507},
{36923,14,13,14,0,1,96535},
{36924,14,13,14,0,1,96563},
{36926,14,13,14,0,1,96591},
{36929,14,13,14,0,1,96619},
{36930,14,13,14,0,1,96647},
{36935,14,13,14,0,1,96675},
{36941,14,13,14,0,1,96703},
{36943,14,13,13,0,2,96731},
{36947,14,13,14,0,1,96757},
{36951,14,13,14,0,1,96785},
{36963,14,13,14,0,1,96813},
{36965,14,13,14,0,1,96841},
{36973,14,13,14,0,1,96869},
{36974,14,13,14,0,1,96897},
{36981,14,13,14,0,1,96925},
{36991,14,13,14,0,1,96953},
{36992,14,13,14,0,1,96981},
{37009,14,12,14,0,1,97009},
{37011,14,13,13,0,2,97037},
{37026,14,13,13,0,2,97063},
{37027,14,13,13,0,2,97089},
{37030,14,13,14,0,1,97115},
{37034,14,13,13,0,2,97143},
{37038,14,13,14,0,1,97169},
{37039,14,13,14,0,1,97197},
{37041,14,13,14,0,1,97225},
{37045,14,13,13,0,2,97253},
{37049,14,13,14,0,1,97279},
{37051,14,13,14,0,1,97307},
{37057,14,13,14,0,1,97335},
{37066,14,13,14,0,1,97363},
{37070,14,12,14,0,1,97391},
{37073,14,13,14,0,1,97419},
{37085,14,13,14,0,1,97447},
{37089,14,13,13,0,2,97475},
{37095,14,13,14,0,1,97501},
{37096,14,13,14,0,1,97529},
{37101,14,13,14,0,1,97557},
{37108,14,13,14,0,1,97585},
{37112,14,13,14,0,1,97613},
{37117,14,13,14,0,1,97641},
{37122,14,13,13,0,2,97669},
{37145,14,13,14,0,1,97695},
{37193,14,13,13,0,2,97723},
{37195,14,13,14,0,1,97749},
{37196,14,13,14,0,1,97777},
{37197,14,13,13,0,2,97805},
{37202,14,13,13,0,2,97831},
{37207,14,13,13,0,2,97857},
{37210,14,13,14,0,1,97883},
{37213,14,13,13,0,2,97911},
{37214,14,13,14,0,1,97937},
{37219,14,13,14,0,1,97965},
{37221,14,13,13,0,2,97993},
{37226,14,13,14,0,1,98019},
{37228,14,13,14,0,1,98047},
{37230,14,13,13,0,2,98075},
{37233,14,13,14,0,1,98101},
{37237,14,13,14,0,1,98129},
{37238,14,13,14,0,1,98157},
{37239,14,13,14,0,1,98185},
{37240,14,13,14,0,1,98213},
{37247,14,13,14,0,1,98241},
{37255,14,13,14,0,1,98269},
{37257,14,13,14,0,1,98297},
{37259,14,13,14,0,1,98325},
{37266,14,13,13,0,2,98353},
{37274,14,13,14,0,1,98379},
{37275,14,13,14,0,1,98407},
{37319,14,13,14,0,1,98435},
{37321,14,13,14,0,1,98463},
{37322,14,13,14,0,1,98491},
{37324,14,13,14,0,1,98519},
{37325,14,13,14,0,1,98547},
{37326,14,13,13,0,2,98575},
{37327,14,13,14,0,1,98601},
{37329,14,13,14,0,1,98629},
{37340,14,13,14,0,1,98657},
{37492,14,13,14,0,1,98685},
{38024,14,13,14,0,1,98713},
{38025,14,13,14,0,1,98741},
{38030,14,13,14,0,1,98769},
{38034,14,13,14,0,1,98797},
{38035,14,13,14,0,1,98825},
{38041,14,13,14,0,1,98853},
{38045,14,13,14,0,1,98881},
{38046,14,13,14,0,1,98909},
{38047,14,13,14,0,1,98937},
{38048,14,13,14,0,1,98965},
{38049,14,13,14,0,1,98993},
{38050,14,13,14,0,1,99021},
{38053,14,13,14,0,1,99049},
{38054,14,13,14,0,1,99077},
{38055,14,13,14,0,1,99105},
{38056,14,13,14,0,1,99133},
{38057,14,13,14,0,1,99161},
{38062,14,13,14,0,1,99189},
{38065,14,13,14,0,1,99217},
{38067,14,13,14,0,1,99245},
{38069,14,13,14,0,1,99273},
{38075,14,13,14,0,1,99301},
{38078,14,13,14,0,1,99329},
{38080,14,13,14,0,1,99357},
{38081,14,13,14,0,1,99385},
{38082,14,13,14,0,1,99413},
{38083,14,13,14,0,1,99441},
{38085,14,13,14,0,1,99469},
{38086,14,13,14,0,1,99497},
{38096,14,13,14,0,1,99525},
{38107,14,13,14,0,1,99553},
{38108,14,13,14,0,1,99581},
{38109,14,13,14,0,1,99609},
{38113,14,13,14,0,1,99637},
{38115,14,13,14,0,1,99665},
{38124,14,13,14,0,1,99693},
{38125,14,13,14,0,1,99721},
{38128,14,13,14,0,1,99749},
{38129,14,13,14,0,1,99777},
{38130,14,13,14,0,1,99805},
{38134,14,13,14,0,1,99833},
{38136,14,13,14,0,1,99861},
{38138,14,13,14,0,1,99889},
{38142,14,13,14,0,1,99917},
{38144,14,13,14,0,1,99945},
{38145,14,13,14,0,1,99973},
{38148,14,13,14,0,1,100001},
{38149,14,13,14,0,1,100029},
{38152,14,13,14,0,1,100057},
{38155,14,13,14,0,1,100085},
{38156,14,13,14,0,1,100113},
{38160,14,13,14,0,1,100141},
{38161,14,13,14,0,1,100169},
{38167,14,13,14,0,1,100197},
{38169,14,13,14,0,1,100225},
{38170,14,13,14,0,1,100253},
{38177,14,13,14,0,1,100281},
{38179,14,13,14,0,1,100309},
{38180,14,13,14,0,1,100337},
{38181,14,13,14,0,1,100365},
{38182,14,13,14,0,1,100393},
{38184,14,13,14,0,1,100421},
{38189,14,13,14,0,1,100449},
{38190,14,13,14,0,1,100477},
{38191,14,13,14,0,1,100505},
{38192,14,13,14,0,1,100533},
{38201,14,13,14,0,1,100561},
{38203,14,13,14,0,1,100589},
{38208,14,13,14,0,1,100617},
{38209,14,13,14,0,1,100645},
{38215,14,13,14,0,1,100673},
{38218,14,13,14,0,1,100701},
{38221,14,13,14,0,1,100729},
{38224,14,13,14,0,1,100757},
{38225,14,13,14,0,1,100785},
{38236,14,13,14,0,1,100813},
{38243,14,13,14,0,1,100841},
{38253,14,13,14,0,1,100869},
{38256,14,13,14,0,1,100897},
{38262,14,13,14,0,1,100925},
{38271,14,13,14,0,1,100953},
{38376,14,12,14,0,1,100981},
{38378,14,12,14,0,1,101009},
{38381,14,12,14,0,1,101037},
{38382,14,12,14,0,1,101065},
{38383,14,12,14,0,1,101093},
{38384,14,12,14,0,1,101121},
{38386,14,12,14,0,1,101149},
{38388,14,12,14,0,1,101177},
{38391,14,12,14,0,1,101205},
{38392,14,12,14,0,1,101233},
{38393,14,12,14,0,1,101261},
{38394,14,12,14,0,1,101289},
{38395,14,12,14,0,1,101317},
{38397,14,12,14,0,1,101345},
{38400,14,12,14,0,1,101373},
{38401,14,12,14,0,1,101401},
{38402,14,12,14,0,1,101429},
{38405,14,12,14,0,1,101457},
{38409,14,12,14,0,1,101485},
{38414,14,12,14,0,1,101513},
{38416,14,12,14,0,1,101541},
{38417,14,12,14,0,1,101569},
{38420,14,12,14,0,1,101597},
{38428,14,13,14,0,1,101625},
{38431,14,12,14,0,1,101653},
{38446,14,12,13,0,2,101681},
{38450,14,12,14,0,1,101707},
{38451,14,12,13,0,2,101735},
{38452,14,12,13,0,2,101761},
{38453,14,13,14,0,1,101787},
{38454,14,12,14,0,1,101815},
{38459,14,13,13,0,2,101843},
{38463,14,12,13,0,2,101869},
{38464,14,13,14,0,1,101895},
{38468,14,12,14,0,1,101923},
{38469,14,13,13,0,2,101951},
{38470,14,13,14,0,1,101977},
{38471,14,12,14,0,1,102005},
{38472,14,12,14,0,1,102033},
{38475,14,13,13,0,2,102061},
{38476,14,12,13,0,2,102087},
{38477,14,12,14,0,1,102113},
{38480,14,12,13,0,2,102141},
{38485,14,13,14,0,1,102167},
{38491,14,13,14,0,1,102195},
{38497,14,12,14,0,1,102223},
{38498,14,13,14,0,1,102251},
{38500,14,13,14,0,1,102279},
{38504,14,12,14,0,1,102307},
{38505,14,13,14,0,1,102335},
{38506,14,12,14,0,1,102363},
{38517,14,13,14,0,1,102391},
{38518,14,13,14,0,1,102419},
{38519,14,13,14,0,1,102447},
{38533,14,13,13,0,2,102475},
{38534,14,13,14,0,1,102501},
{38539,14,13,14,0,1,102529},
{38543,14,13,14,0,1,102557},
{38544,14,12,14,0,1,102585},
{38548,14,12,13,0,2,102613},
{38552,14,13,14,0,1,102639},
{38553,14,13,14,0,1,102667},
{38556,14,13,14,0,1,102695},
{38567,14,13,14,0,1,102723},
{38582,14,13,14,0,1,102751},
{38590,14,13,14,0,1,102779},
{38592,14,13,14,0,1,102807},
{38593,14,13,13,0,2,102835},
{38596,14,13,14,0,1,102861},
{38597,14,13,14,0,1,102889},
{38598,14,13,14,0,1,102917},
{38599,14,13,14,0,1,102945},
{38604,14,13,14,0,1,102973},
{38605,14,13,14,0,1,103001},
{38607,14,13,14,0,1,103029},
{38613,14,13,14,0,1,103057},
{38632,14,13,13,0,2,103085},
{38634,14,13,14,0,1,103111},
{38643,14,13,14,0,1,103139},
{38646,14,13,14,0,1,103167},
{38647,14,13,14,0,1,103195},
{38649,14,13,14,0,1,103223},
{38654,14,13,14,0,1,103251},
{38656,14,13,14,0,1,103279},
{38660,14,13,14,0,1,103307},
{38663,14,13,14,0,1,103335},
{38665,14,13,14,0,1,103363},
{38669,14,13,14,0,1,103391},
{38670,14,13,14,0,1,103419},
{38675,14,13,14,0,1,103447},
{38678,14,13,14,0,1,103475},
{38684,14,13,14,0,1,103503},
{38686,14,13,14,0,1,103531},
{38706,14,13,14,0,1,103559},
{38712,14,13,14,0,1,103587},
{38713,14,13,14,0,1,103615},
{38738,14,13,14,0,1,103643},
{38742,14,13,14,0,1,103671},
{38745,14,13,14,0,1,103699},
{38747,14,13,14,0,1,103727},
{38750,14,13,14,0,1,103755},
{38752,14,13,14,0,1,103783},
{38753,14,13,14,0,1,103811},
{38754,14,13,14,0,1,103839},
{38761,14,13,14,0,1,103867},
{38771,14,13,14,0,1,103895},
{38772,14,13,14,0,1,103923},
{38774,14,13,14,0,1,103951},
{38795,14,13,14,0,1,103979},
{38797,14,13,14,0,1,104007},
{38808,14,13,14,0,1,104035},
{38816,14,13,14,0,1,104063},
{38829,14,13,14,0,1,104091},
{38886,14,13,14,0,1,104119},
{38887,14,13,14,0,1,104147},
{38889,14,13,14,0,1,104175},
{38893,14,13,14,0,1,104203},
{38899,14,13,14,0,1,104231},
{38901,14,13,14,0,1,104259},
{38902,14,13,14,0,1,104287},
{39029,14,13,13,0,2,104315},
{39030,14,13,13,0,2,104341},
{39031,14,12,13,0,2,104367},
{39033,14,13,13,0,2,104393},
{39034,14,13,14,0,1,104419},
{39035,14,13,14,0,1,104447},
{39037,14,13,13,0,2,104475},
{39038,14,13,13,0,2,104501},
{39039,14,13,14,0,1,104527},
{39041,14,13,14,0,1,104555},
{39042,14,13,13,0,2,104583},
{39044,14,13,13,0,2,104609},
{39045,14,13,14,0,1,104635},
{39046,14,13,14,0,1,104663},
{39047,14,13,14,0,1,104691},
{39048,14,13,13,0,2,104719},
{39050,14,13,14,0,1,104745},
{39056,14,12,13,0,2,104773},
{39057,14,13,14,0,1,104799},
{39059,14,13,14,0,1,104827},
{39062,14,13,14,0,1,104855},
{39063,14,13,13,0,2,104883},
{39064,14,13,13,0,2,104909},
{39068,14,13,14,0,1,104935},
{39069,14,13,14,0,1,104963},
{39072,14,13,14,0,1,104991},
{39076,14,13,14,0,1,105019},
{39079,14,13,14,0,1,105047},
{39118,14,13,14,0,1,105075},
{39128,14,13,13,0,2,105103},
{39134,14,13,13,0,2,105129},
{39135,14,13,14,0,1,105155},
{39184,14,13,14,0,1,105183},
{39269,14,13,14,0,1,105211},
{39277,14,13,14,0,1,105239},
{39278,14,13,14,0,1,105267},
{39279,14,13,14,0,1,105295},
{39280,14,13,14,0,1,105323},
{39281,14,13,14,0,1,105351},
{39282,14,13,14,0,1,105379},
{39285,14,13,14,0,1,105407},
{39286,14,13,14,0,1,105435},
{39290,14,13,14,0,1,105463},
{39292,14,13,14,0,1,105491},
{39295,14,13,14,0,1,105519},
{39297,14,13,14,0,1,105547},
{39301,14,13,14,0,1,105575},
{39302,14,13,14,0,1,105603},
{39304,14,13,14,0,1,105631},
{39307,14,13,14,0,1,105659},
{39309,14,13,14,0,1,105687},
{39311,14,13,14,0,1,105715},
{39314,14,13,14,0,1,105743},
{39318,14,13,14,0,1,105771},
{39321,14,13,14,0,1,105799},
{39336,14,13,14,0,1,105827},
{39532,14,13,14,0,1,105855},
{39533,14,13,13,0,2,105883},
{39534,14,13,14,0,1,105909},
{39535,14,13,14,0,1,105937},
{39536,14,13,14,0,1,105965},
{39537,14,13,13,0,2,105993},
{39539,14,13,14,0,1,106019},
{39540,14,13,14,0,1,106047},
{39542,14,13,14,0,1,106075},
{39545,14,13,14,0,1,106103},
{39547,14,13,14,0,1,106131},
{39548,14,13,14,0,1,106159},
{39550,14,12,14,0,1,106187},
{39554,14,13,14,0,1,106215},
{39556,14,13,14,0,1,106243},
{39558,14,13,14,0,1,106271},
{39559,14,13,14,0,1,106299},
{39563,14,13,14,0,1,106327},
{39564,14,13,14,0,1,106355},
{39567,14,13,14,0,1,106383},
{39569,14,13,14,0,1,106411},
{39575,14,13,14,0,1,106439},
{39578,14,13,13,0,2,106467},
{39585,14,13,13,0,2,106493},
{39588,14,13,14,0,1,106519},
{39592,14,13,14,0,1,106547},
{39608,14,13,14,0,1,106575},
{39635,14,13,14,0,1,106603},
{39640,14,13,14,0,1,106631},
{39683,14,13,14,0,1,106659},
{39699,14,13,14,0,1,106687},
{39740,14,13,14,0,1,106715},
{39745,14,13,14,0,1,106743},
{39746,14,13,14,0,1,106771},
{39748,14,13,14,0,1,106799},
{39749,14,13,14,0,1,106827},
{39759,14,13,14,0,1,106855},
{39764,14,13,14,0,1,106883},
{40060,14,13,14,0,1,106911},
{40065,14,13,14,0,1,106939},
{40077,14,13,14,0,1,106967},
{40092,14,13,14,0,1,106995},
{40100,14,13,14,0,1,107023},
{40104,14,13,14,0,1,107051},
{40107,14,13,14,0,1,107079},
{40120,14,13,14,0,1,107107},
{40131,14,13,14,0,1,107135},
{40132,14,13,14,0,1,107163},
{40141,14,13,14,0,1,107191},
{40150,14,13,14,0,1,107219},
{40158,14,13,14,0,1,107247},
{40479,14,12,14,0,1,107275},
{40481,14,13,14,0,1,107303},
{40483,14,13,14,0,1,107331},
{40485,14,13,14,0,1,107359},
{40486,14,13,14,0,1,107387},
{40493,14,12,14,0,1,107415},
{40495,14,13,14,0,1,107443},
{40499,14,13,14,0,1,107471},
{40501,14,13,14,0,1,107499},
{40509,14,13,14,0,1,107527},
{40511,14,13,14,0,1,107555},
{40515,14,12,14,0,1,107583},
{40517,14,13,14,0,1,107611},
{40521,14,13,14,0,1,107639},
{40522,14,13,14,0,1,107667},
{40527,14,13,14,0,1,107695},
{40548,14,13,14,0,1,107723},
{40550,14,13,14,0,1,107751},
{40560,14,13,14,0,1,107779},
{40575,14,13,14,0,1,107807},
{40595,14,13,14,0,1,107835},
{40614,14,13,14,0,1,107863},
{40635,14,13,14,0,1,107891},
{40644,14,13,14,0,1,107919},
{40653,14,13,14,0,1,107947},
{40654,14,13,14,0,1,107975},
{40657,14,13,13,0,2,108003},
{40660,14,13,14,0,1,108029},
{40664,14,13,13,0,2,108057},
{40687,14,13,14,0,1,108083},
{40718,14,12,14,0,1,108111},
{40723,14,13,14,0,1,108139},
{40736,14,12,14,0,1,108167},
{40763,14,13,14,0,1,108195},
{40784,14,13,14,0,1,108223},
{40831,14,13,14,0,1,108251},
{40836,14,13,14,0,1,108279},
{40843,14,13,14,0,1,108307},
{40857,14,13,14,0,1,108335},
{40858,14,13,14,0,1,108363},
{40863,14,13,14,0,1,108391},
{65279,14,0,0,0,13,108419},
{65281,14,2,12,0,2,108419},
{65509,14,9,12,0,2,108431},
};

